Fitter report for ap_core
Sun Oct  4 23:26:24 2026
Quartus Prime Version 25.1std.0 Build 1129 10/21/2025 SC Lite Edition


---------------------
; Table of Contents ;
---------------------
  1. Legal Notice
  2. Fitter Summary
  3. Fitter Settings
  4. Parallel Compilation
  5. Fitter Netlist Optimizations
  6. Incremental Compilation Preservation Summary
  7. Incremental Compilation Partition Settings
  8. Incremental Compilation Placement Preservation
  9. Pin-Out File
 10. Fitter Resource Usage Summary
 11. Fitter Partition Statistics
 12. Input Pins
 13. Output Pins
 14. Bidir Pins
 15. I/O Bank Usage
 16. All Package Pins
 17. I/O Assignment Warnings
 18. PLL Usage Summary
 19. Fitter Resource Utilization by Entity
 20. Delay Chain Summary
 21. Pad To Core Delay Chain Fanout
 22. Control Signals
 23. Global & Other Fast Signals
 24. Fitter RAM Summary
 25. Routing Usage Summary
 26. I/O Rules Summary
 27. I/O Rules Details
 28. I/O Rules Matrix
 29. Fitter Device Options
 30. Operating Settings and Conditions
 31. Estimated Delay Added for Hold Timing Summary
 32. Estimated Delay Added for Hold Timing Details
 33. Fitter Messages
 34. Fitter Suppressed Messages



----------------
; Legal Notice ;
----------------
Copyright (C) 2025  Altera Corporation. All rights reserved.
Your use of Altera Corporation's design tools, logic functions 
and other software and tools, and any partner logic 
functions, and any output files from any of the foregoing 
(including device programming or simulation files), and any 
associated documentation or information are expressly subject 
to the terms and conditions of the Altera Program License 
Subscription Agreement, the Altera Quartus Prime License Agreement,
the Altera IP License Agreement, or other applicable license
agreement, including, without limitation, that your use is for
the sole purpose of programming logic devices manufactured by
Altera and sold by Altera or its authorized distributors.  Please
refer to the Altera Software License Subscription Agreements 
on the Quartus Prime software download page.



+-----------------------------------------------------------------------------------+
; Fitter Summary                                                                    ;
+---------------------------------+-------------------------------------------------+
; Fitter Status                   ; Successful - Sun Oct  4 23:26:23 2026           ;
; Quartus Prime Version           ; 25.1std.0 Build 1129 10/21/2025 SC Lite Edition ;
; Revision Name                   ; ap_core                                         ;
; Top-level Entity Name           ; apf_top                                         ;
; Family                          ; Cyclone V                                       ;
; Device                          ; 5CEBA4F23C8                                     ;
; Timing Models                   ; Final                                           ;
; Logic utilization (in ALMs)     ; 2,544 / 18,480 ( 14 % )                         ;
; Total registers                 ; 2214                                            ;
; Total pins                      ; 224 / 224 ( 100 % )                             ;
; Total virtual pins              ; 0                                               ;
; Total block memory bits         ; 8,597 / 3,153,920 ( < 1 % )                     ;
; Total RAM Blocks                ; 6 / 308 ( 2 % )                                 ;
; Total DSP Blocks                ; 0 / 66 ( 0 % )                                  ;
; Total HSSI RX PCSs              ; 0                                               ;
; Total HSSI PMA RX Deserializers ; 0                                               ;
; Total HSSI TX PCSs              ; 0                                               ;
; Total HSSI PMA TX Serializers   ; 0                                               ;
; Total PLLs                      ; 1 / 4 ( 25 % )                                  ;
; Total DLLs                      ; 0 / 4 ( 0 % )                                   ;
+---------------------------------+-------------------------------------------------+


+----------------------------------------------------------------------------------------------------------------------------------------------------+
; Fitter Settings                                                                                                                                    ;
+--------------------------------------------------------------------+---------------------------------------+---------------------------------------+
; Option                                                             ; Setting                               ; Default Value                         ;
+--------------------------------------------------------------------+---------------------------------------+---------------------------------------+
; Device                                                             ; 5CEBA4F23C8                           ;                                       ;
; Use smart compilation                                              ; On                                    ; Off                                   ;
; Maximum processors allowed for parallel compilation                ; 2                                     ;                                       ;
; Minimum Core Junction Temperature                                  ; 0                                     ;                                       ;
; Maximum Core Junction Temperature                                  ; 85                                    ;                                       ;
; Router Timing Optimization Level                                   ; MAXIMUM                               ; Normal                                ;
; Perform Clocking Topology Analysis During Routing                  ; On                                    ; Off                                   ;
; Placement Effort Multiplier                                        ; 4.0                                   ; 1.0                                   ;
; Optimize Timing for ECOs                                           ; On                                    ; Off                                   ;
; Periphery to Core Placement and Routing Optimization               ; On                                    ; Off                                   ;
; Perform Physical Synthesis for Combinational Logic for Performance ; On                                    ; Off                                   ;
; Perform Register Duplication for Performance                       ; On                                    ; Off                                   ;
; Perform Register Retiming for Performance                          ; On                                    ; Off                                   ;
; Perform Asynchronous Signal Pipelining                             ; On                                    ; Off                                   ;
; Logic Cell Insertion - Logic Duplication                           ; On                                    ; Auto                                  ;
; Enable parallel Assembler and Timing Analyzer during compilation   ; On                                    ; On                                    ;
; Enable compact report table                                        ; Off                                   ; Off                                   ;
; Device initialization clock source                                 ; INIT_INTOSC                           ; INIT_INTOSC                           ;
; Optimize Hold Timing                                               ; All Paths                             ; All Paths                             ;
; Optimize Multi-Corner Timing                                       ; On                                    ; On                                    ;
; Auto RAM to MLAB Conversion                                        ; On                                    ; On                                    ;
; Equivalent RAM and MLAB Power Up                                   ; Auto                                  ; Auto                                  ;
; Equivalent RAM and MLAB Paused Read Capabilities                   ; Care                                  ; Care                                  ;
; Power Optimization During Fitting                                  ; Normal compilation                    ; Normal compilation                    ;
; SSN Optimization                                                   ; Off                                   ; Off                                   ;
; Optimize Timing                                                    ; Normal compilation                    ; Normal compilation                    ;
; Regenerate Full Fit Report During ECO Compiles                     ; Off                                   ; Off                                   ;
; Optimize IOC Register Placement for Timing                         ; Normal                                ; Normal                                ;
; Final Placement Optimizations                                      ; Automatically                         ; Automatically                         ;
; Fitter Aggressive Routability Optimizations                        ; Automatically                         ; Automatically                         ;
; Fitter Initial Placement Seed                                      ; 1                                     ; 1                                     ;
; Weak Pull-Up Resistor                                              ; Off                                   ; Off                                   ;
; Enable Bus-Hold Circuitry                                          ; Off                                   ; Off                                   ;
; Auto Packed Registers                                              ; Auto                                  ; Auto                                  ;
; Auto Delay Chains                                                  ; On                                    ; On                                    ;
; Auto Delay Chains for High Fanout Input Pins                       ; Off                                   ; Off                                   ;
; Treat Bidirectional Pin as Output Pin                              ; Off                                   ; Off                                   ;
; Perform Physical Synthesis for Combinational Logic for Fitting     ; Off                                   ; Off                                   ;
; Fitter Effort                                                      ; Auto Fit                              ; Auto Fit                              ;
; Physical Synthesis Effort Level                                    ; Normal                                ; Normal                                ;
; Auto Register Duplication                                          ; Auto                                  ; Auto                                  ;
; Auto Global Clock                                                  ; On                                    ; On                                    ;
; Auto Global Register Control Signals                               ; On                                    ; On                                    ;
; Reserve all unused pins                                            ; As input tri-stated with weak pull-up ; As input tri-stated with weak pull-up ;
; Synchronizer Identification                                        ; Auto                                  ; Auto                                  ;
; Enable Beneficial Skew Optimization                                ; On                                    ; On                                    ;
; Optimize Design for Metastability                                  ; On                                    ; On                                    ;
; Active Serial clock source                                         ; FREQ_100MHz                           ; FREQ_100MHz                           ;
; Force Fitter to Avoid Periphery Placement Warnings                 ; Off                                   ; Off                                   ;
; Clamping Diode                                                     ; Off                                   ; Off                                   ;
; Enable input tri-state on active configuration pins in user mode   ; Off                                   ; Off                                   ;
; Advanced Physical Optimization                                     ; On                                    ; On                                    ;
+--------------------------------------------------------------------+---------------------------------------+---------------------------------------+


+------------------------------------------+
; Parallel Compilation                     ;
+----------------------------+-------------+
; Processors                 ; Number      ;
+----------------------------+-------------+
; Number detected on machine ; 4           ;
; Maximum allowed            ; 2           ;
;                            ;             ;
; Average used               ; 1.10        ;
; Maximum used               ; 2           ;
;                            ;             ;
; Usage by Processor         ; % Time Used ;
;     Processor 1            ; 100.0%      ;
;     Processor 2            ;  10.4%      ;
+----------------------------+-------------+


+---------------------------------------------------------------------------------------------------------------------------------------------------------------------------------------------------------------------------------------------------------------------------------------------------------------------------------------------------------------------------------------------------+
; Fitter Netlist Optimizations                                                                                                                                                                                                                                                                                                                                                                      ;
+-------------------------------------------------------------------------------------------------------------------------------------------+------------------+---------------------------------------------------+----------------------------+-----------+----------------+---------------------------------------------------------------------------+------------------+-----------------------+
; Node                                                                                                                                      ; Action           ; Operation                                         ; Reason                     ; Node Port ; Node Port Name ; Destination Node                                                          ; Destination Port ; Destination Port Name ;
+-------------------------------------------------------------------------------------------------------------------------------------------+------------------+---------------------------------------------------+----------------------------+-----------+----------------+---------------------------------------------------------------------------+------------------+-----------------------+
; core_top:ic|mf_pllbase:mp1|mf_pllbase_0002:mf_pllbase_inst|altera_pll:altera_pll_i|outclk_wire[0]~CLKENA0                                 ; Created          ; Placement                                         ; Fitter Periphery Placement ;           ;                ;                                                                           ;                  ;                       ;
; core_top:ic|mf_pllbase:mp1|mf_pllbase_0002:mf_pllbase_inst|altera_pll:altera_pll_i|outclk_wire[1]~CLKENA0                                 ; Created          ; Placement                                         ; Fitter Periphery Placement ;           ;                ;                                                                           ;                  ;                       ;
; bridge_spiclk~inputCLKENA0                                                                                                                ; Created          ; Placement                                         ; Fitter Periphery Placement ;           ;                ;                                                                           ;                  ;                       ;
; clk_74a~inputCLKENA0                                                                                                                      ; Created          ; Placement                                         ; Fitter Periphery Placement ;           ;                ;                                                                           ;                  ;                       ;
; core_top:ic|lab_probe:probe|tx_mem[0][17]                                                                                                 ; Modified         ; Physical Synthesis                                ; Timing optimization        ;           ;                ;                                                                           ;                  ;                       ;
; core_top:ic|lab_probe:probe|tx_mem[0][17]_OTERM17                                                                                         ; Retimed Register ; Physical Synthesis                                ; Timing optimization        ;           ;                ;                                                                           ;                  ;                       ;
; core_top:ic|lab_probe:probe|tx_mem[0][17]~122                                                                                             ; Deleted          ; Physical Synthesis                                ; Timing optimization        ;           ;                ;                                                                           ;                  ;                       ;
; core_top:ic|lab_probe:probe|tx_mem[0][20]                                                                                                 ; Modified         ; Physical Synthesis                                ; Timing optimization        ;           ;                ;                                                                           ;                  ;                       ;
; core_top:ic|lab_probe:probe|tx_mem[0][20]_OTERM1                                                                                          ; Retimed Register ; Physical Synthesis                                ; Timing optimization        ;           ;                ;                                                                           ;                  ;                       ;
; core_top:ic|lab_probe:probe|tx_mem[1][17]                                                                                                 ; Modified         ; Physical Synthesis                                ; Timing optimization        ;           ;                ;                                                                           ;                  ;                       ;
; core_top:ic|lab_probe:probe|tx_mem[1][17]_OTERM19                                                                                         ; Retimed Register ; Physical Synthesis                                ; Timing optimization        ;           ;                ;                                                                           ;                  ;                       ;
; core_top:ic|lab_probe:probe|tx_mem[2][20]                                                                                                 ; Modified         ; Physical Synthesis                                ; Timing optimization        ;           ;                ;                                                                           ;                  ;                       ;
; core_top:ic|lab_probe:probe|tx_mem[2][20]_OTERM5                                                                                          ; Retimed Register ; Physical Synthesis                                ; Timing optimization        ;           ;                ;                                                                           ;                  ;                       ;
; core_top:ic|lab_probe:probe|tx_mem[4][17]                                                                                                 ; Modified         ; Physical Synthesis                                ; Timing optimization        ;           ;                ;                                                                           ;                  ;                       ;
; core_top:ic|lab_probe:probe|tx_mem[4][17]_OTERM9                                                                                          ; Retimed Register ; Physical Synthesis                                ; Timing optimization        ;           ;                ;                                                                           ;                  ;                       ;
; core_top:ic|lab_probe:probe|tx_mem[4][20]                                                                                                 ; Modified         ; Physical Synthesis                                ; Timing optimization        ;           ;                ;                                                                           ;                  ;                       ;
; core_top:ic|lab_probe:probe|tx_mem[4][20]_OTERM3                                                                                          ; Retimed Register ; Physical Synthesis                                ; Timing optimization        ;           ;                ;                                                                           ;                  ;                       ;
; core_top:ic|lab_probe:probe|tx_mem[5][17]                                                                                                 ; Modified         ; Physical Synthesis                                ; Timing optimization        ;           ;                ;                                                                           ;                  ;                       ;
; core_top:ic|lab_probe:probe|tx_mem[5][17]_OTERM11                                                                                         ; Retimed Register ; Physical Synthesis                                ; Timing optimization        ;           ;                ;                                                                           ;                  ;                       ;
; core_top:ic|lab_probe:probe|tx_mem[6][20]                                                                                                 ; Modified         ; Physical Synthesis                                ; Timing optimization        ;           ;                ;                                                                           ;                  ;                       ;
; core_top:ic|lab_probe:probe|tx_mem[6][20]_OTERM7                                                                                          ; Retimed Register ; Physical Synthesis                                ; Timing optimization        ;           ;                ;                                                                           ;                  ;                       ;
; core_top:ic|lab_probe:probe|tx_mem[8][17]                                                                                                 ; Modified         ; Physical Synthesis                                ; Timing optimization        ;           ;                ;                                                                           ;                  ;                       ;
; core_top:ic|lab_probe:probe|tx_mem[8][17]_OTERM21                                                                                         ; Retimed Register ; Physical Synthesis                                ; Timing optimization        ;           ;                ;                                                                           ;                  ;                       ;
; core_top:ic|lab_probe:probe|tx_mem[9][17]                                                                                                 ; Modified         ; Physical Synthesis                                ; Timing optimization        ;           ;                ;                                                                           ;                  ;                       ;
; core_top:ic|lab_probe:probe|tx_mem[9][17]_OTERM23                                                                                         ; Retimed Register ; Physical Synthesis                                ; Timing optimization        ;           ;                ;                                                                           ;                  ;                       ;
; core_top:ic|lab_probe:probe|tx_mem[12][17]                                                                                                ; Modified         ; Physical Synthesis                                ; Timing optimization        ;           ;                ;                                                                           ;                  ;                       ;
; core_top:ic|lab_probe:probe|tx_mem[12][17]_OTERM13                                                                                        ; Retimed Register ; Physical Synthesis                                ; Timing optimization        ;           ;                ;                                                                           ;                  ;                       ;
; core_top:ic|lab_probe:probe|tx_mem[13][17]                                                                                                ; Modified         ; Physical Synthesis                                ; Timing optimization        ;           ;                ;                                                                           ;                  ;                       ;
; core_top:ic|lab_probe:probe|tx_mem[13][17]_OTERM15                                                                                        ; Retimed Register ; Physical Synthesis                                ; Timing optimization        ;           ;                ;                                                                           ;                  ;                       ;
; core_top:ic|lab_video:screen|Add4~0                                                                                                       ; Modified         ; Physical Synthesis                                ; Timing optimization        ;           ;                ;                                                                           ;                  ;                       ;
; core_top:ic|lab_video:screen|Equal0~5                                                                                                     ; Modified         ; Physical Synthesis                                ; Timing optimization        ;           ;                ;                                                                           ;                  ;                       ;
; core_top:ic|lab_video:screen|Equal0~8                                                                                                     ; Modified         ; Physical Synthesis                                ; Timing optimization        ;           ;                ;                                                                           ;                  ;                       ;
; core_top:ic|lab_video:screen|Equal1~0                                                                                                     ; Modified         ; Physical Synthesis                                ; Timing optimization        ;           ;                ;                                                                           ;                  ;                       ;
; core_top:ic|lab_video:screen|Equal2~0                                                                                                     ; Modified         ; Physical Synthesis                                ; Timing optimization        ;           ;                ;                                                                           ;                  ;                       ;
; core_top:ic|lab_video:screen|Equal3~0                                                                                                     ; Modified         ; Physical Synthesis                                ; Timing optimization        ;           ;                ;                                                                           ;                  ;                       ;
; core_top:ic|lab_video:screen|Equal4~0                                                                                                     ; Modified         ; Physical Synthesis                                ; Timing optimization        ;           ;                ;                                                                           ;                  ;                       ;
; core_top:ic|lab_video:screen|Equal5~0                                                                                                     ; Modified         ; Physical Synthesis                                ; Timing optimization        ;           ;                ;                                                                           ;                  ;                       ;
; core_top:ic|lab_video:screen|Equal6~0                                                                                                     ; Modified         ; Physical Synthesis                                ; Timing optimization        ;           ;                ;                                                                           ;                  ;                       ;
; core_top:ic|lab_video:screen|Equal7~0                                                                                                     ; Modified         ; Physical Synthesis                                ; Timing optimization        ;           ;                ;                                                                           ;                  ;                       ;
; core_top:ic|lab_video:screen|Equal8~0                                                                                                     ; Modified         ; Physical Synthesis                                ; Timing optimization        ;           ;                ;                                                                           ;                  ;                       ;
; core_top:ic|lab_video:screen|Equal9~0                                                                                                     ; Modified         ; Physical Synthesis                                ; Timing optimization        ;           ;                ;                                                                           ;                  ;                       ;
; core_top:ic|lab_video:screen|Equal21~0                                                                                                    ; Modified         ; Physical Synthesis                                ; Timing optimization        ;           ;                ;                                                                           ;                  ;                       ;
; core_top:ic|lab_video:screen|Mux1~4                                                                                                       ; Modified         ; Physical Synthesis                                ; Timing optimization        ;           ;                ;                                                                           ;                  ;                       ;
; core_top:ic|lab_video:screen|Mux1~5                                                                                                       ; Modified         ; Physical Synthesis                                ; Timing optimization        ;           ;                ;                                                                           ;                  ;                       ;
; core_top:ic|lab_video:screen|Mux1~6                                                                                                       ; Modified         ; Physical Synthesis                                ; Timing optimization        ;           ;                ;                                                                           ;                  ;                       ;
; core_top:ic|lab_video:screen|Mux1~7                                                                                                       ; Modified         ; Physical Synthesis                                ; Timing optimization        ;           ;                ;                                                                           ;                  ;                       ;
; core_top:ic|lab_video:screen|Mux2~4                                                                                                       ; Modified         ; Physical Synthesis                                ; Timing optimization        ;           ;                ;                                                                           ;                  ;                       ;
; core_top:ic|lab_video:screen|Mux2~5                                                                                                       ; Modified         ; Physical Synthesis                                ; Timing optimization        ;           ;                ;                                                                           ;                  ;                       ;
; core_top:ic|lab_video:screen|Mux3~8                                                                                                       ; Modified         ; Physical Synthesis                                ; Timing optimization        ;           ;                ;                                                                           ;                  ;                       ;
; core_top:ic|lab_video:screen|Mux3~9                                                                                                       ; Modified         ; Physical Synthesis                                ; Timing optimization        ;           ;                ;                                                                           ;                  ;                       ;
; core_top:ic|lab_video:screen|Mux4~12                                                                                                      ; Modified         ; Physical Synthesis                                ; Timing optimization        ;           ;                ;                                                                           ;                  ;                       ;
; core_top:ic|lab_video:screen|Mux4~14                                                                                                      ; Modified         ; Physical Synthesis                                ; Timing optimization        ;           ;                ;                                                                           ;                  ;                       ;
; core_top:ic|lab_video:screen|Mux4~16                                                                                                      ; Modified         ; Physical Synthesis                                ; Timing optimization        ;           ;                ;                                                                           ;                  ;                       ;
; core_top:ic|lab_video:screen|Mux4~19                                                                                                      ; Modified         ; Physical Synthesis                                ; Timing optimization        ;           ;                ;                                                                           ;                  ;                       ;
; core_top:ic|lab_video:screen|Mux4~20                                                                                                      ; Modified         ; Physical Synthesis                                ; Timing optimization        ;           ;                ;                                                                           ;                  ;                       ;
; core_top:ic|lab_video:screen|Mux4~21                                                                                                      ; Modified         ; Physical Synthesis                                ; Timing optimization        ;           ;                ;                                                                           ;                  ;                       ;
; core_top:ic|lab_video:screen|Mux4~24                                                                                                      ; Modified         ; Physical Synthesis                                ; Timing optimization        ;           ;                ;                                                                           ;                  ;                       ;
; core_top:ic|lab_video:screen|Mux5~8                                                                                                       ; Modified         ; Physical Synthesis                                ; Timing optimization        ;           ;                ;                                                                           ;                  ;                       ;
; core_top:ic|lab_video:screen|Mux5~9                                                                                                       ; Modified         ; Physical Synthesis                                ; Timing optimization        ;           ;                ;                                                                           ;                  ;                       ;
; core_top:ic|lab_video:screen|Mux6~8                                                                                                       ; Modified         ; Physical Synthesis                                ; Timing optimization        ;           ;                ;                                                                           ;                  ;                       ;
; core_top:ic|lab_video:screen|Mux6~10                                                                                                      ; Modified         ; Physical Synthesis                                ; Timing optimization        ;           ;                ;                                                                           ;                  ;                       ;
; core_top:ic|lab_video:screen|Mux6~13                                                                                                      ; Modified         ; Physical Synthesis                                ; Timing optimization        ;           ;                ;                                                                           ;                  ;                       ;
; core_top:ic|lab_video:screen|Mux6~17                                                                                                      ; Modified         ; Physical Synthesis                                ; Timing optimization        ;           ;                ;                                                                           ;                  ;                       ;
; core_top:ic|lab_video:screen|Mux6~29                                                                                                      ; Modified         ; Physical Synthesis                                ; Timing optimization        ;           ;                ;                                                                           ;                  ;                       ;
; core_top:ic|lab_video:screen|Mux7~9                                                                                                       ; Modified         ; Physical Synthesis                                ; Timing optimization        ;           ;                ;                                                                           ;                  ;                       ;
; core_top:ic|lab_video:screen|Mux7~10                                                                                                      ; Modified         ; Physical Synthesis                                ; Timing optimization        ;           ;                ;                                                                           ;                  ;                       ;
; core_top:ic|lab_video:screen|Selector1~2                                                                                                  ; Modified         ; Physical Synthesis                                ; Timing optimization        ;           ;                ;                                                                           ;                  ;                       ;
; core_top:ic|lab_video:screen|Selector2~0                                                                                                  ; Modified         ; Physical Synthesis                                ; Timing optimization        ;           ;                ;                                                                           ;                  ;                       ;
; core_top:ic|lab_video:screen|Selector3~0                                                                                                  ; Modified         ; Physical Synthesis                                ; Timing optimization        ;           ;                ;                                                                           ;                  ;                       ;
; core_top:ic|lab_video:screen|Selector4~0                                                                                                  ; Modified         ; Physical Synthesis                                ; Timing optimization        ;           ;                ;                                                                           ;                  ;                       ;
; core_top:ic|lab_video:screen|Selector5~0                                                                                                  ; Modified         ; Physical Synthesis                                ; Timing optimization        ;           ;                ;                                                                           ;                  ;                       ;
; core_top:ic|lab_video:screen|Selector6~1                                                                                                  ; Modified         ; Physical Synthesis                                ; Timing optimization        ;           ;                ;                                                                           ;                  ;                       ;
; core_top:ic|lab_video:screen|Selector8~0                                                                                                  ; Modified         ; Physical Synthesis                                ; Timing optimization        ;           ;                ;                                                                           ;                  ;                       ;
; core_top:ic|lab_video:screen|Selector8~1                                                                                                  ; Modified         ; Physical Synthesis                                ; Timing optimization        ;           ;                ;                                                                           ;                  ;                       ;
; core_top:ic|lab_video:screen|Selector9~0                                                                                                  ; Modified         ; Physical Synthesis                                ; Timing optimization        ;           ;                ;                                                                           ;                  ;                       ;
; core_top:ic|lab_video:screen|Selector10~0                                                                                                 ; Modified         ; Physical Synthesis                                ; Timing optimization        ;           ;                ;                                                                           ;                  ;                       ;
; core_top:ic|lab_video:screen|Selector11~0                                                                                                 ; Modified         ; Physical Synthesis                                ; Timing optimization        ;           ;                ;                                                                           ;                  ;                       ;
; core_top:ic|lab_video:screen|Selector11~1                                                                                                 ; Modified         ; Physical Synthesis                                ; Timing optimization        ;           ;                ;                                                                           ;                  ;                       ;
; core_top:ic|lab_video:screen|Selector12~0                                                                                                 ; Modified         ; Physical Synthesis                                ; Timing optimization        ;           ;                ;                                                                           ;                  ;                       ;
; core_top:ic|lab_video:screen|Selector13~0                                                                                                 ; Modified         ; Physical Synthesis                                ; Timing optimization        ;           ;                ;                                                                           ;                  ;                       ;
; core_top:ic|lab_video:screen|Selector13~1                                                                                                 ; Modified         ; Physical Synthesis                                ; Timing optimization        ;           ;                ;                                                                           ;                  ;                       ;
; core_top:ic|lab_video:screen|Selector14~0                                                                                                 ; Modified         ; Physical Synthesis                                ; Timing optimization        ;           ;                ;                                                                           ;                  ;                       ;
; core_top:ic|lab_video:screen|Selector15~0                                                                                                 ; Modified         ; Physical Synthesis                                ; Timing optimization        ;           ;                ;                                                                           ;                  ;                       ;
; core_top:ic|lab_video:screen|Selector17~0                                                                                                 ; Modified         ; Physical Synthesis                                ; Timing optimization        ;           ;                ;                                                                           ;                  ;                       ;
; core_top:ic|lab_video:screen|Selector18~0                                                                                                 ; Modified         ; Physical Synthesis                                ; Timing optimization        ;           ;                ;                                                                           ;                  ;                       ;
; core_top:ic|lab_video:screen|Selector20~0                                                                                                 ; Modified         ; Physical Synthesis                                ; Timing optimization        ;           ;                ;                                                                           ;                  ;                       ;
; core_top:ic|lab_video:screen|Selector22~1                                                                                                 ; Modified         ; Physical Synthesis                                ; Timing optimization        ;           ;                ;                                                                           ;                  ;                       ;
; core_top:ic|lab_video:screen|Selector23~0                                                                                                 ; Modified         ; Physical Synthesis                                ; Timing optimization        ;           ;                ;                                                                           ;                  ;                       ;
; core_top:ic|lab_video:screen|Selector24~0                                                                                                 ; Modified         ; Physical Synthesis                                ; Timing optimization        ;           ;                ;                                                                           ;                  ;                       ;
; core_top:ic|lab_video:screen|Selector25~0                                                                                                 ; Modified         ; Physical Synthesis                                ; Timing optimization        ;           ;                ;                                                                           ;                  ;                       ;
; core_top:ic|lab_video:screen|Selector26~1                                                                                                 ; Modified         ; Physical Synthesis                                ; Timing optimization        ;           ;                ;                                                                           ;                  ;                       ;
; core_top:ic|lab_video:screen|Selector28~0                                                                                                 ; Modified         ; Physical Synthesis                                ; Timing optimization        ;           ;                ;                                                                           ;                  ;                       ;
; core_top:ic|lab_video:screen|Selector29~1                                                                                                 ; Modified         ; Physical Synthesis                                ; Timing optimization        ;           ;                ;                                                                           ;                  ;                       ;
; core_top:ic|lab_video:screen|Selector30~0                                                                                                 ; Modified         ; Physical Synthesis                                ; Timing optimization        ;           ;                ;                                                                           ;                  ;                       ;
; core_top:ic|lab_video:screen|Selector33~1                                                                                                 ; Modified         ; Physical Synthesis                                ; Timing optimization        ;           ;                ;                                                                           ;                  ;                       ;
; core_top:ic|lab_video:screen|Selector35~0                                                                                                 ; Modified         ; Physical Synthesis                                ; Timing optimization        ;           ;                ;                                                                           ;                  ;                       ;
; core_top:ic|lab_video:screen|Selector36~0                                                                                                 ; Modified         ; Physical Synthesis                                ; Timing optimization        ;           ;                ;                                                                           ;                  ;                       ;
; core_top:ic|lab_video:screen|Selector37~1                                                                                                 ; Modified         ; Physical Synthesis                                ; Timing optimization        ;           ;                ;                                                                           ;                  ;                       ;
; core_top:ic|lab_video:screen|Selector37~2                                                                                                 ; Modified         ; Physical Synthesis                                ; Timing optimization        ;           ;                ;                                                                           ;                  ;                       ;
; core_top:ic|lab_video:screen|Selector38~0                                                                                                 ; Modified         ; Physical Synthesis                                ; Timing optimization        ;           ;                ;                                                                           ;                  ;                       ;
; core_top:ic|lab_video:screen|Selector39~0                                                                                                 ; Modified         ; Physical Synthesis                                ; Timing optimization        ;           ;                ;                                                                           ;                  ;                       ;
; core_top:ic|lab_video:screen|Selector40~0                                                                                                 ; Modified         ; Physical Synthesis                                ; Timing optimization        ;           ;                ;                                                                           ;                  ;                       ;
; core_top:ic|lab_video:screen|Selector42~0                                                                                                 ; Modified         ; Physical Synthesis                                ; Timing optimization        ;           ;                ;                                                                           ;                  ;                       ;
; core_top:ic|lab_video:screen|Selector43~0                                                                                                 ; Modified         ; Physical Synthesis                                ; Timing optimization        ;           ;                ;                                                                           ;                  ;                       ;
; core_top:ic|lab_video:screen|Selector44~1                                                                                                 ; Modified         ; Physical Synthesis                                ; Timing optimization        ;           ;                ;                                                                           ;                  ;                       ;
; core_top:ic|lab_video:screen|Selector46~0                                                                                                 ; Modified         ; Physical Synthesis                                ; Timing optimization        ;           ;                ;                                                                           ;                  ;                       ;
; core_top:ic|lab_video:screen|Selector47~0                                                                                                 ; Modified         ; Physical Synthesis                                ; Timing optimization        ;           ;                ;                                                                           ;                  ;                       ;
; core_top:ic|lab_video:screen|Selector48~0                                                                                                 ; Modified         ; Physical Synthesis                                ; Timing optimization        ;           ;                ;                                                                           ;                  ;                       ;
; core_top:ic|lab_video:screen|Selector49~0                                                                                                 ; Modified         ; Physical Synthesis                                ; Timing optimization        ;           ;                ;                                                                           ;                  ;                       ;
; core_top:ic|lab_video:screen|Selector50~0                                                                                                 ; Modified         ; Physical Synthesis                                ; Timing optimization        ;           ;                ;                                                                           ;                  ;                       ;
; core_top:ic|lab_video:screen|Selector52~0                                                                                                 ; Modified         ; Physical Synthesis                                ; Timing optimization        ;           ;                ;                                                                           ;                  ;                       ;
; core_top:ic|lab_video:screen|Selector53~2                                                                                                 ; Modified         ; Physical Synthesis                                ; Timing optimization        ;           ;                ;                                                                           ;                  ;                       ;
; core_top:ic|lab_video:screen|Selector54~0                                                                                                 ; Modified         ; Physical Synthesis                                ; Timing optimization        ;           ;                ;                                                                           ;                  ;                       ;
; core_top:ic|lab_video:screen|Selector54~2                                                                                                 ; Modified         ; Physical Synthesis                                ; Timing optimization        ;           ;                ;                                                                           ;                  ;                       ;
; core_top:ic|lab_video:screen|Selector56~1                                                                                                 ; Modified         ; Physical Synthesis                                ; Timing optimization        ;           ;                ;                                                                           ;                  ;                       ;
; core_top:ic|lab_video:screen|Selector56~2                                                                                                 ; Modified         ; Physical Synthesis                                ; Timing optimization        ;           ;                ;                                                                           ;                  ;                       ;
; core_top:ic|lab_video:screen|WideNor0                                                                                                     ; Modified         ; Physical Synthesis                                ; Timing optimization        ;           ;                ;                                                                           ;                  ;                       ;
; core_top:ic|lab_video:screen|WideOr45~0                                                                                                   ; Modified         ; Physical Synthesis                                ; Timing optimization        ;           ;                ;                                                                           ;                  ;                       ;
; core_top:ic|lab_video:screen|WideOr63~0                                                                                                   ; Modified         ; Physical Synthesis                                ; Timing optimization        ;           ;                ;                                                                           ;                  ;                       ;
; core_top:ic|lab_video:screen|line_text[44]~54                                                                                             ; Modified         ; Physical Synthesis                                ; Timing optimization        ;           ;                ;                                                                           ;                  ;                       ;
; core_top:ic|lab_video:screen|line_text[45]~50                                                                                             ; Modified         ; Physical Synthesis                                ; Timing optimization        ;           ;                ;                                                                           ;                  ;                       ;
; core_top:ic|lab_video:screen|line_text[45]~52                                                                                             ; Modified         ; Physical Synthesis                                ; Timing optimization        ;           ;                ;                                                                           ;                  ;                       ;
; core_top:ic|lab_video:screen|line_text[45]~104                                                                                            ; Modified         ; Physical Synthesis                                ; Timing optimization        ;           ;                ;                                                                           ;                  ;                       ;
; core_top:ic|lab_video:screen|line_text[45]~105                                                                                            ; Modified         ; Physical Synthesis                                ; Timing optimization        ;           ;                ;                                                                           ;                  ;                       ;
; core_top:ic|lab_video:screen|line_text[46]~89                                                                                             ; Modified         ; Physical Synthesis                                ; Timing optimization        ;           ;                ;                                                                           ;                  ;                       ;
; core_top:ic|lab_video:screen|line_text[52]~46                                                                                             ; Modified         ; Physical Synthesis                                ; Timing optimization        ;           ;                ;                                                                           ;                  ;                       ;
; core_top:ic|lab_video:screen|line_text[52]~93                                                                                             ; Modified         ; Physical Synthesis                                ; Timing optimization        ;           ;                ;                                                                           ;                  ;                       ;
; core_top:ic|lab_video:screen|line_text[53]~42                                                                                             ; Modified         ; Physical Synthesis                                ; Timing optimization        ;           ;                ;                                                                           ;                  ;                       ;
; core_top:ic|lab_video:screen|line_text[53]~44                                                                                             ; Modified         ; Physical Synthesis                                ; Timing optimization        ;           ;                ;                                                                           ;                  ;                       ;
; core_top:ic|lab_video:screen|line_text[53]~101                                                                                            ; Modified         ; Physical Synthesis                                ; Timing optimization        ;           ;                ;                                                                           ;                  ;                       ;
; core_top:ic|lab_video:screen|line_text[53]~102                                                                                            ; Modified         ; Physical Synthesis                                ; Timing optimization        ;           ;                ;                                                                           ;                  ;                       ;
; core_top:ic|lab_video:screen|line_text[54]~87                                                                                             ; Modified         ; Physical Synthesis                                ; Timing optimization        ;           ;                ;                                                                           ;                  ;                       ;
; core_top:ic|lab_video:screen|line_text[56]~2                                                                                              ; Modified         ; Physical Synthesis                                ; Timing optimization        ;           ;                ;                                                                           ;                  ;                       ;
; core_top:ic|lab_video:screen|line_text[60]~37                                                                                             ; Modified         ; Physical Synthesis                                ; Timing optimization        ;           ;                ;                                                                           ;                  ;                       ;
; core_top:ic|lab_video:screen|line_text[62]~81                                                                                             ; Modified         ; Physical Synthesis                                ; Timing optimization        ;           ;                ;                                                                           ;                  ;                       ;
; core_top:ic|lab_video:screen|line_text[62]~84                                                                                             ; Modified         ; Physical Synthesis                                ; Timing optimization        ;           ;                ;                                                                           ;                  ;                       ;
; core_top:ic|lab_video:screen|line_text[65]~330                                                                                            ; Modified         ; Physical Synthesis                                ; Timing optimization        ;           ;                ;                                                                           ;                  ;                       ;
; core_top:ic|lab_video:screen|line_text[66]~161                                                                                            ; Modified         ; Physical Synthesis                                ; Timing optimization        ;           ;                ;                                                                           ;                  ;                       ;
; core_top:ic|lab_video:screen|line_text[67]~116                                                                                            ; Modified         ; Physical Synthesis                                ; Timing optimization        ;           ;                ;                                                                           ;                  ;                       ;
; core_top:ic|lab_video:screen|line_text[67]~117                                                                                            ; Modified         ; Physical Synthesis                                ; Timing optimization        ;           ;                ;                                                                           ;                  ;                       ;
; core_top:ic|lab_video:screen|line_text[68]~191                                                                                            ; Modified         ; Physical Synthesis                                ; Timing optimization        ;           ;                ;                                                                           ;                  ;                       ;
; core_top:ic|lab_video:screen|line_text[70]~192                                                                                            ; Modified         ; Physical Synthesis                                ; Timing optimization        ;           ;                ;                                                                           ;                  ;                       ;
; core_top:ic|lab_video:screen|line_text[75]~136                                                                                            ; Modified         ; Physical Synthesis                                ; Timing optimization        ;           ;                ;                                                                           ;                  ;                       ;
; core_top:ic|lab_video:screen|line_text[75]~139                                                                                            ; Modified         ; Physical Synthesis                                ; Timing optimization        ;           ;                ;                                                                           ;                  ;                       ;
; core_top:ic|lab_video:screen|line_text[76]~203                                                                                            ; Modified         ; Physical Synthesis                                ; Timing optimization        ;           ;                ;                                                                           ;                  ;                       ;
; core_top:ic|lab_video:screen|line_text[77]~202                                                                                            ; Modified         ; Physical Synthesis                                ; Timing optimization        ;           ;                ;                                                                           ;                  ;                       ;
; core_top:ic|lab_video:screen|line_text[78]~259                                                                                            ; Modified         ; Physical Synthesis                                ; Timing optimization        ;           ;                ;                                                                           ;                  ;                       ;
; core_top:ic|lab_video:screen|line_text[78]~261                                                                                            ; Modified         ; Physical Synthesis                                ; Timing optimization        ;           ;                ;                                                                           ;                  ;                       ;
; core_top:ic|lab_video:screen|line_text[80]~142                                                                                            ; Modified         ; Physical Synthesis                                ; Timing optimization        ;           ;                ;                                                                           ;                  ;                       ;
; core_top:ic|lab_video:screen|line_text[82]~149                                                                                            ; Modified         ; Physical Synthesis                                ; Timing optimization        ;           ;                ;                                                                           ;                  ;                       ;
; core_top:ic|lab_video:screen|line_text[83]~109                                                                                            ; Modified         ; Physical Synthesis                                ; Timing optimization        ;           ;                ;                                                                           ;                  ;                       ;
; core_top:ic|lab_video:screen|line_text[83]~112                                                                                            ; Modified         ; Physical Synthesis                                ; Timing optimization        ;           ;                ;                                                                           ;                  ;                       ;
; core_top:ic|lab_video:screen|line_text[83]~274                                                                                            ; Modified         ; Physical Synthesis                                ; Timing optimization        ;           ;                ;                                                                           ;                  ;                       ;
; core_top:ic|lab_video:screen|line_text[84]~186                                                                                            ; Modified         ; Physical Synthesis                                ; Timing optimization        ;           ;                ;                                                                           ;                  ;                       ;
; core_top:ic|lab_video:screen|line_text[84]~187                                                                                            ; Modified         ; Physical Synthesis                                ; Timing optimization        ;           ;                ;                                                                           ;                  ;                       ;
; core_top:ic|lab_video:screen|line_text[84]~188                                                                                            ; Modified         ; Physical Synthesis                                ; Timing optimization        ;           ;                ;                                                                           ;                  ;                       ;
; core_top:ic|lab_video:screen|line_text[85]~247                                                                                            ; Modified         ; Physical Synthesis                                ; Timing optimization        ;           ;                ;                                                                           ;                  ;                       ;
; core_top:ic|lab_video:screen|line_text[85]~263                                                                                            ; Modified         ; Physical Synthesis                                ; Timing optimization        ;           ;                ;                                                                           ;                  ;                       ;
; core_top:ic|lab_video:screen|line_text[86]~246                                                                                            ; Modified         ; Physical Synthesis                                ; Timing optimization        ;           ;                ;                                                                           ;                  ;                       ;
; core_top:ic|lab_video:screen|line_text[91]~128                                                                                            ; Modified         ; Physical Synthesis                                ; Timing optimization        ;           ;                ;                                                                           ;                  ;                       ;
; core_top:ic|lab_video:screen|line_text[92]~200                                                                                            ; Modified         ; Physical Synthesis                                ; Timing optimization        ;           ;                ;                                                                           ;                  ;                       ;
; core_top:ic|lab_video:screen|line_text[93]~196                                                                                            ; Modified         ; Physical Synthesis                                ; Timing optimization        ;           ;                ;                                                                           ;                  ;                       ;
; core_top:ic|lab_video:screen|line_text[93]~266                                                                                            ; Modified         ; Physical Synthesis                                ; Timing optimization        ;           ;                ;                                                                           ;                  ;                       ;
; core_top:ic|lab_video:screen|line_text[94]~199                                                                                            ; Modified         ; Physical Synthesis                                ; Timing optimization        ;           ;                ;                                                                           ;                  ;                       ;
; core_top:ic|lab_video:screen|line_text[96]~314                                                                                            ; Modified         ; Physical Synthesis                                ; Timing optimization        ;           ;                ;                                                                           ;                  ;                       ;
; core_top:ic|lab_video:screen|line_text[96]~365                                                                                            ; Modified         ; Physical Synthesis                                ; Timing optimization        ;           ;                ;                                                                           ;                  ;                       ;
; core_top:ic|lab_video:screen|line_text[97]~95                                                                                             ; Modified         ; Physical Synthesis                                ; Timing optimization        ;           ;                ;                                                                           ;                  ;                       ;
; core_top:ic|lab_video:screen|line_text[97]~280                                                                                            ; Modified         ; Physical Synthesis                                ; Timing optimization        ;           ;                ;                                                                           ;                  ;                       ;
; core_top:ic|lab_video:screen|line_text[97]~360                                                                                            ; Modified         ; Physical Synthesis                                ; Timing optimization        ;           ;                ;                                                                           ;                  ;                       ;
; core_top:ic|lab_video:screen|line_text[98]~328                                                                                            ; Modified         ; Physical Synthesis                                ; Timing optimization        ;           ;                ;                                                                           ;                  ;                       ;
; core_top:ic|lab_video:screen|line_text[100]~296                                                                                           ; Modified         ; Physical Synthesis                                ; Timing optimization        ;           ;                ;                                                                           ;                  ;                       ;
; core_top:ic|lab_video:screen|line_text[100]~298                                                                                           ; Modified         ; Physical Synthesis                                ; Timing optimization        ;           ;                ;                                                                           ;                  ;                       ;
; core_top:ic|lab_video:screen|line_text[100]~301                                                                                           ; Modified         ; Physical Synthesis                                ; Timing optimization        ;           ;                ;                                                                           ;                  ;                       ;
; core_top:ic|lab_video:screen|line_text[101]~327                                                                                           ; Modified         ; Physical Synthesis                                ; Timing optimization        ;           ;                ;                                                                           ;                  ;                       ;
; core_top:ic|lab_video:screen|line_text[102]~319                                                                                           ; Modified         ; Physical Synthesis                                ; Timing optimization        ;           ;                ;                                                                           ;                  ;                       ;
; core_top:ic|lab_video:screen|line_text[102]~320                                                                                           ; Modified         ; Physical Synthesis                                ; Timing optimization        ;           ;                ;                                                                           ;                  ;                       ;
; core_top:ic|lab_video:screen|line_text[102]~321                                                                                           ; Modified         ; Physical Synthesis                                ; Timing optimization        ;           ;                ;                                                                           ;                  ;                       ;
; core_top:ic|lab_video:screen|line_text~180                                                                                                ; Modified         ; Physical Synthesis                                ; Timing optimization        ;           ;                ;                                                                           ;                  ;                       ;
; core_top:ic|lab_video:screen|lpm_divide:Div0|lpm_divide_cpo:auto_generated|abs_divider_lbg:divider|alt_u_div_qve:divider|StageOut[154]~15 ; Modified         ; Physical Synthesis                                ; Timing optimization        ;           ;                ;                                                                           ;                  ;                       ;
; core_top:ic|lab_video:screen|lpm_divide:Div0|lpm_divide_cpo:auto_generated|abs_divider_lbg:divider|alt_u_div_qve:divider|op_16~25         ; Modified         ; Physical Synthesis                                ; Timing optimization        ;           ;                ;                                                                           ;                  ;                       ;
; core_top:ic|lab_video:screen|lpm_divide:Div0|lpm_divide_cpo:auto_generated|abs_divider_lbg:divider|op_1~45                                ; Modified         ; Physical Synthesis                                ; Timing optimization        ;           ;                ;                                                                           ;                  ;                       ;
; core_top:ic|lab_video:screen|lpm_divide:Div0|lpm_divide_cpo:auto_generated|abs_divider_lbg:divider|quotient[0]~3                          ; Modified         ; Physical Synthesis                                ; Timing optimization        ;           ;                ;                                                                           ;                  ;                       ;
; core_top:ic|lab_video:screen|lpm_divide:Div1|lpm_divide_bpo:auto_generated|abs_divider_kbg:divider|alt_u_div_ove:divider|StageOut[138]~11 ; Modified         ; Physical Synthesis                                ; Timing optimization        ;           ;                ;                                                                           ;                  ;                       ;
; core_top:ic|lab_video:screen|lpm_divide:Div1|lpm_divide_bpo:auto_generated|abs_divider_kbg:divider|alt_u_div_ove:divider|op_17~17         ; Modified         ; Physical Synthesis                                ; Timing optimization        ;           ;                ;                                                                           ;                  ;                       ;
; core_top:ic|lab_video:screen|lpm_divide:Div1|lpm_divide_bpo:auto_generated|abs_divider_kbg:divider|op_1~21                                ; Modified         ; Physical Synthesis                                ; Timing optimization        ;           ;                ;                                                                           ;                  ;                       ;
; core_top:ic|lab_video:screen|lpm_divide:Div1|lpm_divide_bpo:auto_generated|abs_divider_kbg:divider|op_1~22                                ; Modified         ; Physical Synthesis                                ; Timing optimization        ;           ;                ;                                                                           ;                  ;                       ;
; core_top:ic|lab_video:screen|lpm_divide:Div1|lpm_divide_bpo:auto_generated|abs_divider_kbg:divider|quotient[0]~3                          ; Modified         ; Physical Synthesis                                ; Timing optimization        ;           ;                ;                                                                           ;                  ;                       ;
; core_top:ic|lab_video:screen|lpm_divide:Mod0|lpm_divide_eho:auto_generated|abs_divider_kbg:divider|alt_u_div_ove:divider|StageOut[138]~40 ; Modified         ; Physical Synthesis                                ; Timing optimization        ;           ;                ;                                                                           ;                  ;                       ;
; core_top:ic|lab_video:screen|lpm_divide:Mod0|lpm_divide_eho:auto_generated|abs_divider_kbg:divider|alt_u_div_ove:divider|op_17~5          ; Modified         ; Physical Synthesis                                ; Timing optimization        ;           ;                ;                                                                           ;                  ;                       ;
; core_top:ic|lab_video:screen|lpm_divide:Mod0|lpm_divide_eho:auto_generated|abs_divider_kbg:divider|lpm_abs_4p9:my_abs_num|op_1~9          ; Modified         ; Physical Synthesis                                ; Timing optimization        ;           ;                ;                                                                           ;                  ;                       ;
; core_top:ic|lab_video:screen|lpm_divide:Mod0|lpm_divide_eho:auto_generated|abs_divider_kbg:divider|op_2~10                                ; Modified         ; Physical Synthesis                                ; Timing optimization        ;           ;                ;                                                                           ;                  ;                       ;
; core_top:ic|lab_video:screen|lpm_divide:Mod1|lpm_divide_fho:auto_generated|abs_divider_lbg:divider|alt_u_div_qve:divider|StageOut[154]~50 ; Modified         ; Physical Synthesis                                ; Timing optimization        ;           ;                ;                                                                           ;                  ;                       ;
; core_top:ic|lab_video:screen|lpm_divide:Mod1|lpm_divide_fho:auto_generated|abs_divider_lbg:divider|alt_u_div_qve:divider|op_16~5          ; Modified         ; Physical Synthesis                                ; Timing optimization        ;           ;                ;                                                                           ;                  ;                       ;
; core_top:ic|lab_video:screen|lpm_divide:Mod1|lpm_divide_fho:auto_generated|abs_divider_lbg:divider|lpm_abs_4p9:my_abs_num|op_1~5          ; Modified         ; Physical Synthesis                                ; Timing optimization        ;           ;                ;                                                                           ;                  ;                       ;
; core_top:ic|lab_video:screen|lpm_divide:Mod1|lpm_divide_fho:auto_generated|abs_divider_lbg:divider|op_2~6                                 ; Modified         ; Physical Synthesis                                ; Timing optimization        ;           ;                ;                                                                           ;                  ;                       ;
; core_top:ic|lab_video:screen|lpm_divide:Mod1|lpm_divide_fho:auto_generated|abs_divider_lbg:divider|remainder[0]~1                         ; Modified         ; Physical Synthesis                                ; Timing optimization        ;           ;                ;                                                                           ;                  ;                       ;
; core_top:ic|synch_3:display_sync|altshift_taps:stage_1_rtl_0|shift_taps_f0v:auto_generated|cntr_ohf:cntr1|counter_comb_bita0~COUT         ; Modified         ; Physical Synthesis                                ; Timing optimization        ;           ;                ;                                                                           ;                  ;                       ;
; core_top:ic|synch_3:display_sync|altshift_taps:stage_1_rtl_0|shift_taps_f0v:auto_generated|cntr_ohf:cntr1|counter_reg_bit[0]~0            ; Modified         ; Physical Synthesis                                ; Timing optimization        ;           ;                ;                                                                           ;                  ;                       ;
; io_pad_controller:ipm|Add4~22                                                                                                             ; Modified         ; Physical Synthesis                                ; Timing optimization        ;           ;                ;                                                                           ;                  ;                       ;
; io_pad_controller:ipm|Selector28~0                                                                                                        ; Modified         ; Physical Synthesis                                ; Timing optimization        ;           ;                ;                                                                           ;                  ;                       ;
; core_top:ic|core_bridge_cmd:commands|bridge_rd_data_out[7]                                                                                ; Duplicated       ; Router Logic Cell Insertion and Logic Duplication ; Routability optimization   ;           ;                ; core_top:ic|core_bridge_cmd:commands|bridge_rd_data_out[7]~DUPLICATE      ;                  ;                       ;
; core_top:ic|core_bridge_cmd:commands|bridge_rd_data_out[11]                                                                               ; Duplicated       ; Router Logic Cell Insertion and Logic Duplication ; Routability optimization   ;           ;                ; core_top:ic|core_bridge_cmd:commands|bridge_rd_data_out[11]~DUPLICATE     ;                  ;                       ;
; core_top:ic|core_bridge_cmd:commands|bridge_rd_data_out[13]                                                                               ; Duplicated       ; Router Logic Cell Insertion and Logic Duplication ; Routability optimization   ;           ;                ; core_top:ic|core_bridge_cmd:commands|bridge_rd_data_out[13]~DUPLICATE     ;                  ;                       ;
; core_top:ic|core_bridge_cmd:commands|bridge_rd_data_out[14]                                                                               ; Duplicated       ; Router Logic Cell Insertion and Logic Duplication ; Routability optimization   ;           ;                ; core_top:ic|core_bridge_cmd:commands|bridge_rd_data_out[14]~DUPLICATE     ;                  ;                       ;
; core_top:ic|core_bridge_cmd:commands|bridge_rd_data_out[16]                                                                               ; Duplicated       ; Router Logic Cell Insertion and Logic Duplication ; Routability optimization   ;           ;                ; core_top:ic|core_bridge_cmd:commands|bridge_rd_data_out[16]~DUPLICATE     ;                  ;                       ;
; core_top:ic|core_bridge_cmd:commands|bridge_rd_data_out[24]                                                                               ; Duplicated       ; Router Logic Cell Insertion and Logic Duplication ; Routability optimization   ;           ;                ; core_top:ic|core_bridge_cmd:commands|bridge_rd_data_out[24]~DUPLICATE     ;                  ;                       ;
; core_top:ic|core_bridge_cmd:commands|bridge_rd_data_out[27]                                                                               ; Duplicated       ; Router Logic Cell Insertion and Logic Duplication ; Routability optimization   ;           ;                ; core_top:ic|core_bridge_cmd:commands|bridge_rd_data_out[27]~DUPLICATE     ;                  ;                       ;
; core_top:ic|core_bridge_cmd:commands|bridge_rd_data_out[28]                                                                               ; Duplicated       ; Router Logic Cell Insertion and Logic Duplication ; Routability optimization   ;           ;                ; core_top:ic|core_bridge_cmd:commands|bridge_rd_data_out[28]~DUPLICATE     ;                  ;                       ;
; core_top:ic|core_bridge_cmd:commands|bridge_rd_data_out[29]                                                                               ; Duplicated       ; Router Logic Cell Insertion and Logic Duplication ; Routability optimization   ;           ;                ; core_top:ic|core_bridge_cmd:commands|bridge_rd_data_out[29]~DUPLICATE     ;                  ;                       ;
; core_top:ic|core_bridge_cmd:commands|bridge_rd_data_out[30]                                                                               ; Duplicated       ; Router Logic Cell Insertion and Logic Duplication ; Routability optimization   ;           ;                ; core_top:ic|core_bridge_cmd:commands|bridge_rd_data_out[30]~DUPLICATE     ;                  ;                       ;
; core_top:ic|core_bridge_cmd:commands|bridge_rd_data_out[31]                                                                               ; Duplicated       ; Router Logic Cell Insertion and Logic Duplication ; Routability optimization   ;           ;                ; core_top:ic|core_bridge_cmd:commands|bridge_rd_data_out[31]~DUPLICATE     ;                  ;                       ;
; core_top:ic|core_bridge_cmd:commands|host_20[11]                                                                                          ; Duplicated       ; Router Logic Cell Insertion and Logic Duplication ; Routability optimization   ;           ;                ; core_top:ic|core_bridge_cmd:commands|host_20[11]~DUPLICATE                ;                  ;                       ;
; core_top:ic|core_bridge_cmd:commands|host_cmd[0]                                                                                          ; Duplicated       ; Router Logic Cell Insertion and Logic Duplication ; Routability optimization   ;           ;                ; core_top:ic|core_bridge_cmd:commands|host_cmd[0]~DUPLICATE                ;                  ;                       ;
; core_top:ic|core_bridge_cmd:commands|host_cmd[1]                                                                                          ; Duplicated       ; Router Logic Cell Insertion and Logic Duplication ; Routability optimization   ;           ;                ; core_top:ic|core_bridge_cmd:commands|host_cmd[1]~DUPLICATE                ;                  ;                       ;
; core_top:ic|core_bridge_cmd:commands|target_0[21]                                                                                         ; Duplicated       ; Router Logic Cell Insertion and Logic Duplication ; Routability optimization   ;           ;                ; core_top:ic|core_bridge_cmd:commands|target_0[21]~DUPLICATE               ;                  ;                       ;
; core_top:ic|core_bridge_cmd:commands|target_0[22]                                                                                         ; Duplicated       ; Router Logic Cell Insertion and Logic Duplication ; Routability optimization   ;           ;                ; core_top:ic|core_bridge_cmd:commands|target_0[22]~DUPLICATE               ;                  ;                       ;
; core_top:ic|core_bridge_cmd:commands|target_0[28]                                                                                         ; Duplicated       ; Router Logic Cell Insertion and Logic Duplication ; Routability optimization   ;           ;                ; core_top:ic|core_bridge_cmd:commands|target_0[28]~DUPLICATE               ;                  ;                       ;
; core_top:ic|core_bridge_cmd:commands|target_0[30]                                                                                         ; Duplicated       ; Router Logic Cell Insertion and Logic Duplication ; Routability optimization   ;           ;                ; core_top:ic|core_bridge_cmd:commands|target_0[30]~DUPLICATE               ;                  ;                       ;
; core_top:ic|core_bridge_cmd:commands|target_dataslot_read_queue                                                                           ; Duplicated       ; Router Logic Cell Insertion and Logic Duplication ; Routability optimization   ;           ;                ; core_top:ic|core_bridge_cmd:commands|target_dataslot_read_queue~DUPLICATE ;                  ;                       ;
; core_top:ic|lab_probe:probe|completed[1]                                                                                                  ; Duplicated       ; Router Logic Cell Insertion and Logic Duplication ; Routability optimization   ;           ;                ; core_top:ic|lab_probe:probe|completed[1]~DUPLICATE                        ;                  ;                       ;
; core_top:ic|lab_probe:probe|completed[5]                                                                                                  ; Duplicated       ; Router Logic Cell Insertion and Logic Duplication ; Routability optimization   ;           ;                ; core_top:ic|lab_probe:probe|completed[5]~DUPLICATE                        ;                  ;                       ;
; core_top:ic|lab_probe:probe|completed[8]                                                                                                  ; Duplicated       ; Router Logic Cell Insertion and Logic Duplication ; Routability optimization   ;           ;                ; core_top:ic|lab_probe:probe|completed[8]~DUPLICATE                        ;                  ;                       ;
; core_top:ic|lab_probe:probe|completed[9]                                                                                                  ; Duplicated       ; Router Logic Cell Insertion and Logic Duplication ; Routability optimization   ;           ;                ; core_top:ic|lab_probe:probe|completed[9]~DUPLICATE                        ;                  ;                       ;
; core_top:ic|lab_probe:probe|completed[12]                                                                                                 ; Duplicated       ; Router Logic Cell Insertion and Logic Duplication ; Routability optimization   ;           ;                ; core_top:ic|lab_probe:probe|completed[12]~DUPLICATE                       ;                  ;                       ;
; core_top:ic|lab_probe:probe|completed[16]                                                                                                 ; Duplicated       ; Router Logic Cell Insertion and Logic Duplication ; Routability optimization   ;           ;                ; core_top:ic|lab_probe:probe|completed[16]~DUPLICATE                       ;                  ;                       ;
; core_top:ic|lab_probe:probe|completed[17]                                                                                                 ; Duplicated       ; Router Logic Cell Insertion and Logic Duplication ; Routability optimization   ;           ;                ; core_top:ic|lab_probe:probe|completed[17]~DUPLICATE                       ;                  ;                       ;
; core_top:ic|lab_probe:probe|completed[20]                                                                                                 ; Duplicated       ; Router Logic Cell Insertion and Logic Duplication ; Routability optimization   ;           ;                ; core_top:ic|lab_probe:probe|completed[20]~DUPLICATE                       ;                  ;                       ;
; core_top:ic|lab_probe:probe|completed[28]                                                                                                 ; Duplicated       ; Router Logic Cell Insertion and Logic Duplication ; Routability optimization   ;           ;                ; core_top:ic|lab_probe:probe|completed[28]~DUPLICATE                       ;                  ;                       ;
; core_top:ic|lab_probe:probe|completed[30]                                                                                                 ; Duplicated       ; Router Logic Cell Insertion and Logic Duplication ; Routability optimization   ;           ;                ; core_top:ic|lab_probe:probe|completed[30]~DUPLICATE                       ;                  ;                       ;
; core_top:ic|lab_probe:probe|completed[31]                                                                                                 ; Duplicated       ; Router Logic Cell Insertion and Logic Duplication ; Routability optimization   ;           ;                ; core_top:ic|lab_probe:probe|completed[31]~DUPLICATE                       ;                  ;                       ;
; core_top:ic|lab_probe:probe|elapsed_cycles[1]                                                                                             ; Duplicated       ; Router Logic Cell Insertion and Logic Duplication ; Routability optimization   ;           ;                ; core_top:ic|lab_probe:probe|elapsed_cycles[1]~DUPLICATE                   ;                  ;                       ;
; core_top:ic|lab_probe:probe|elapsed_cycles[5]                                                                                             ; Duplicated       ; Router Logic Cell Insertion and Logic Duplication ; Routability optimization   ;           ;                ; core_top:ic|lab_probe:probe|elapsed_cycles[5]~DUPLICATE                   ;                  ;                       ;
; core_top:ic|lab_probe:probe|elapsed_cycles[6]                                                                                             ; Duplicated       ; Router Logic Cell Insertion and Logic Duplication ; Routability optimization   ;           ;                ; core_top:ic|lab_probe:probe|elapsed_cycles[6]~DUPLICATE                   ;                  ;                       ;
; core_top:ic|lab_probe:probe|elapsed_cycles[8]                                                                                             ; Duplicated       ; Router Logic Cell Insertion and Logic Duplication ; Routability optimization   ;           ;                ; core_top:ic|lab_probe:probe|elapsed_cycles[8]~DUPLICATE                   ;                  ;                       ;
; core_top:ic|lab_probe:probe|elapsed_cycles[9]                                                                                             ; Duplicated       ; Router Logic Cell Insertion and Logic Duplication ; Routability optimization   ;           ;                ; core_top:ic|lab_probe:probe|elapsed_cycles[9]~DUPLICATE                   ;                  ;                       ;
; core_top:ic|lab_probe:probe|elapsed_cycles[10]                                                                                            ; Duplicated       ; Router Logic Cell Insertion and Logic Duplication ; Routability optimization   ;           ;                ; core_top:ic|lab_probe:probe|elapsed_cycles[10]~DUPLICATE                  ;                  ;                       ;
; core_top:ic|lab_probe:probe|elapsed_cycles[11]                                                                                            ; Duplicated       ; Router Logic Cell Insertion and Logic Duplication ; Routability optimization   ;           ;                ; core_top:ic|lab_probe:probe|elapsed_cycles[11]~DUPLICATE                  ;                  ;                       ;
; core_top:ic|lab_probe:probe|elapsed_cycles[12]                                                                                            ; Duplicated       ; Router Logic Cell Insertion and Logic Duplication ; Routability optimization   ;           ;                ; core_top:ic|lab_probe:probe|elapsed_cycles[12]~DUPLICATE                  ;                  ;                       ;
; core_top:ic|lab_probe:probe|elapsed_cycles[14]                                                                                            ; Duplicated       ; Router Logic Cell Insertion and Logic Duplication ; Routability optimization   ;           ;                ; core_top:ic|lab_probe:probe|elapsed_cycles[14]~DUPLICATE                  ;                  ;                       ;
; core_top:ic|lab_probe:probe|elapsed_cycles[16]                                                                                            ; Duplicated       ; Router Logic Cell Insertion and Logic Duplication ; Routability optimization   ;           ;                ; core_top:ic|lab_probe:probe|elapsed_cycles[16]~DUPLICATE                  ;                  ;                       ;
; core_top:ic|lab_probe:probe|elapsed_cycles[20]                                                                                            ; Duplicated       ; Router Logic Cell Insertion and Logic Duplication ; Routability optimization   ;           ;                ; core_top:ic|lab_probe:probe|elapsed_cycles[20]~DUPLICATE                  ;                  ;                       ;
; core_top:ic|lab_probe:probe|elapsed_cycles[21]                                                                                            ; Duplicated       ; Router Logic Cell Insertion and Logic Duplication ; Routability optimization   ;           ;                ; core_top:ic|lab_probe:probe|elapsed_cycles[21]~DUPLICATE                  ;                  ;                       ;
; core_top:ic|lab_probe:probe|elapsed_cycles[23]                                                                                            ; Duplicated       ; Router Logic Cell Insertion and Logic Duplication ; Routability optimization   ;           ;                ; core_top:ic|lab_probe:probe|elapsed_cycles[23]~DUPLICATE                  ;                  ;                       ;
; core_top:ic|lab_probe:probe|elapsed_cycles[28]                                                                                            ; Duplicated       ; Router Logic Cell Insertion and Logic Duplication ; Routability optimization   ;           ;                ; core_top:ic|lab_probe:probe|elapsed_cycles[28]~DUPLICATE                  ;                  ;                       ;
; core_top:ic|lab_probe:probe|elapsed_cycles[30]                                                                                            ; Duplicated       ; Router Logic Cell Insertion and Logic Duplication ; Routability optimization   ;           ;                ; core_top:ic|lab_probe:probe|elapsed_cycles[30]~DUPLICATE                  ;                  ;                       ;
; core_top:ic|lab_probe:probe|generation[3]                                                                                                 ; Duplicated       ; Router Logic Cell Insertion and Logic Duplication ; Routability optimization   ;           ;                ; core_top:ic|lab_probe:probe|generation[3]~DUPLICATE                       ;                  ;                       ;
; core_top:ic|lab_probe:probe|generation[6]                                                                                                 ; Duplicated       ; Router Logic Cell Insertion and Logic Duplication ; Routability optimization   ;           ;                ; core_top:ic|lab_probe:probe|generation[6]~DUPLICATE                       ;                  ;                       ;
; core_top:ic|lab_probe:probe|generation[9]                                                                                                 ; Duplicated       ; Router Logic Cell Insertion and Logic Duplication ; Routability optimization   ;           ;                ; core_top:ic|lab_probe:probe|generation[9]~DUPLICATE                       ;                  ;                       ;
; core_top:ic|lab_probe:probe|generation[17]                                                                                                ; Duplicated       ; Router Logic Cell Insertion and Logic Duplication ; Routability optimization   ;           ;                ; core_top:ic|lab_probe:probe|generation[17]~DUPLICATE                      ;                  ;                       ;
; core_top:ic|lab_probe:probe|generation[19]                                                                                                ; Duplicated       ; Router Logic Cell Insertion and Logic Duplication ; Routability optimization   ;           ;                ; core_top:ic|lab_probe:probe|generation[19]~DUPLICATE                      ;                  ;                       ;
; core_top:ic|lab_probe:probe|generation[22]                                                                                                ; Duplicated       ; Router Logic Cell Insertion and Logic Duplication ; Routability optimization   ;           ;                ; core_top:ic|lab_probe:probe|generation[22]~DUPLICATE                      ;                  ;                       ;
; core_top:ic|lab_probe:probe|generation[24]                                                                                                ; Duplicated       ; Router Logic Cell Insertion and Logic Duplication ; Routability optimization   ;           ;                ; core_top:ic|lab_probe:probe|generation[24]~DUPLICATE                      ;                  ;                       ;
; core_top:ic|lab_probe:probe|generation[28]                                                                                                ; Duplicated       ; Router Logic Cell Insertion and Logic Duplication ; Routability optimization   ;           ;                ; core_top:ic|lab_probe:probe|generation[28]~DUPLICATE                      ;                  ;                       ;
; core_top:ic|lab_probe:probe|mismatch                                                                                                      ; Duplicated       ; Router Logic Cell Insertion and Logic Duplication ; Routability optimization   ;           ;                ; core_top:ic|lab_probe:probe|mismatch~DUPLICATE                            ;                  ;                       ;
; core_top:ic|lab_probe:probe|rx_mem[3][6]                                                                                                  ; Duplicated       ; Router Logic Cell Insertion and Logic Duplication ; Routability optimization   ;           ;                ; core_top:ic|lab_probe:probe|rx_mem[3][6]~DUPLICATE                        ;                  ;                       ;
; core_top:ic|lab_probe:probe|rx_mem[3][8]                                                                                                  ; Duplicated       ; Router Logic Cell Insertion and Logic Duplication ; Routability optimization   ;           ;                ; core_top:ic|lab_probe:probe|rx_mem[3][8]~DUPLICATE                        ;                  ;                       ;
; core_top:ic|lab_probe:probe|rx_mem[3][20]                                                                                                 ; Duplicated       ; Router Logic Cell Insertion and Logic Duplication ; Routability optimization   ;           ;                ; core_top:ic|lab_probe:probe|rx_mem[3][20]~DUPLICATE                       ;                  ;                       ;
; core_top:ic|lab_probe:probe|rx_mem[4][2]                                                                                                  ; Duplicated       ; Router Logic Cell Insertion and Logic Duplication ; Routability optimization   ;           ;                ; core_top:ic|lab_probe:probe|rx_mem[4][2]~DUPLICATE                        ;                  ;                       ;
; core_top:ic|lab_probe:probe|rx_mem[5][19]                                                                                                 ; Duplicated       ; Router Logic Cell Insertion and Logic Duplication ; Routability optimization   ;           ;                ; core_top:ic|lab_probe:probe|rx_mem[5][19]~DUPLICATE                       ;                  ;                       ;
; core_top:ic|lab_probe:probe|rx_mem[7][9]                                                                                                  ; Duplicated       ; Router Logic Cell Insertion and Logic Duplication ; Routability optimization   ;           ;                ; core_top:ic|lab_probe:probe|rx_mem[7][9]~DUPLICATE                        ;                  ;                       ;
; core_top:ic|lab_probe:probe|rx_mem[9][1]                                                                                                  ; Duplicated       ; Router Logic Cell Insertion and Logic Duplication ; Routability optimization   ;           ;                ; core_top:ic|lab_probe:probe|rx_mem[9][1]~DUPLICATE                        ;                  ;                       ;
; core_top:ic|lab_probe:probe|rx_mem[15][10]                                                                                                ; Duplicated       ; Router Logic Cell Insertion and Logic Duplication ; Routability optimization   ;           ;                ; core_top:ic|lab_probe:probe|rx_mem[15][10]~DUPLICATE                      ;                  ;                       ;
; core_top:ic|lab_probe:probe|rx_mem[15][15]                                                                                                ; Duplicated       ; Router Logic Cell Insertion and Logic Duplication ; Routability optimization   ;           ;                ; core_top:ic|lab_probe:probe|rx_mem[15][15]~DUPLICATE                      ;                  ;                       ;
; core_top:ic|lab_probe:probe|status[1]                                                                                                     ; Duplicated       ; Router Logic Cell Insertion and Logic Duplication ; Routability optimization   ;           ;                ; core_top:ic|lab_probe:probe|status[1]~DUPLICATE                           ;                  ;                       ;
; core_top:ic|lab_probe:probe|tx_mem[0][4]                                                                                                  ; Duplicated       ; Router Logic Cell Insertion and Logic Duplication ; Routability optimization   ;           ;                ; core_top:ic|lab_probe:probe|tx_mem[0][4]~DUPLICATE                        ;                  ;                       ;
; core_top:ic|lab_probe:probe|tx_mem[0][14]                                                                                                 ; Duplicated       ; Router Logic Cell Insertion and Logic Duplication ; Routability optimization   ;           ;                ; core_top:ic|lab_probe:probe|tx_mem[0][14]~DUPLICATE                       ;                  ;                       ;
; core_top:ic|lab_probe:probe|tx_mem[1][24]                                                                                                 ; Duplicated       ; Router Logic Cell Insertion and Logic Duplication ; Routability optimization   ;           ;                ; core_top:ic|lab_probe:probe|tx_mem[1][24]~DUPLICATE                       ;                  ;                       ;
; core_top:ic|lab_probe:probe|tx_mem[2][16]                                                                                                 ; Duplicated       ; Router Logic Cell Insertion and Logic Duplication ; Routability optimization   ;           ;                ; core_top:ic|lab_probe:probe|tx_mem[2][16]~DUPLICATE                       ;                  ;                       ;
; core_top:ic|lab_probe:probe|tx_mem[2][24]                                                                                                 ; Duplicated       ; Router Logic Cell Insertion and Logic Duplication ; Routability optimization   ;           ;                ; core_top:ic|lab_probe:probe|tx_mem[2][24]~DUPLICATE                       ;                  ;                       ;
; core_top:ic|lab_probe:probe|tx_mem[3][15]                                                                                                 ; Duplicated       ; Router Logic Cell Insertion and Logic Duplication ; Routability optimization   ;           ;                ; core_top:ic|lab_probe:probe|tx_mem[3][15]~DUPLICATE                       ;                  ;                       ;
; core_top:ic|lab_probe:probe|tx_mem[5][13]                                                                                                 ; Duplicated       ; Router Logic Cell Insertion and Logic Duplication ; Routability optimization   ;           ;                ; core_top:ic|lab_probe:probe|tx_mem[5][13]~DUPLICATE                       ;                  ;                       ;
; core_top:ic|lab_probe:probe|tx_mem[5][29]                                                                                                 ; Duplicated       ; Router Logic Cell Insertion and Logic Duplication ; Routability optimization   ;           ;                ; core_top:ic|lab_probe:probe|tx_mem[5][29]~DUPLICATE                       ;                  ;                       ;
; core_top:ic|lab_probe:probe|tx_mem[6][4]                                                                                                  ; Duplicated       ; Router Logic Cell Insertion and Logic Duplication ; Routability optimization   ;           ;                ; core_top:ic|lab_probe:probe|tx_mem[6][4]~DUPLICATE                        ;                  ;                       ;
; core_top:ic|lab_probe:probe|tx_mem[6][14]                                                                                                 ; Duplicated       ; Router Logic Cell Insertion and Logic Duplication ; Routability optimization   ;           ;                ; core_top:ic|lab_probe:probe|tx_mem[6][14]~DUPLICATE                       ;                  ;                       ;
; core_top:ic|lab_probe:probe|tx_mem[6][18]                                                                                                 ; Duplicated       ; Router Logic Cell Insertion and Logic Duplication ; Routability optimization   ;           ;                ; core_top:ic|lab_probe:probe|tx_mem[6][18]~DUPLICATE                       ;                  ;                       ;
; core_top:ic|lab_probe:probe|tx_mem[6][20]                                                                                                 ; Duplicated       ; Router Logic Cell Insertion and Logic Duplication ; Routability optimization   ;           ;                ; core_top:ic|lab_probe:probe|tx_mem[6][20]~DUPLICATE                       ;                  ;                       ;
; core_top:ic|lab_probe:probe|tx_mem[7][11]                                                                                                 ; Duplicated       ; Router Logic Cell Insertion and Logic Duplication ; Routability optimization   ;           ;                ; core_top:ic|lab_probe:probe|tx_mem[7][11]~DUPLICATE                       ;                  ;                       ;
; core_top:ic|lab_probe:probe|tx_mem[7][22]                                                                                                 ; Duplicated       ; Router Logic Cell Insertion and Logic Duplication ; Routability optimization   ;           ;                ; core_top:ic|lab_probe:probe|tx_mem[7][22]~DUPLICATE                       ;                  ;                       ;
; core_top:ic|lab_probe:probe|tx_mem[8][17]                                                                                                 ; Duplicated       ; Router Logic Cell Insertion and Logic Duplication ; Routability optimization   ;           ;                ; core_top:ic|lab_probe:probe|tx_mem[8][17]~DUPLICATE                       ;                  ;                       ;
; core_top:ic|lab_probe:probe|tx_mem[8][26]                                                                                                 ; Duplicated       ; Router Logic Cell Insertion and Logic Duplication ; Routability optimization   ;           ;                ; core_top:ic|lab_probe:probe|tx_mem[8][26]~DUPLICATE                       ;                  ;                       ;
; core_top:ic|lab_probe:probe|tx_mem[8][31]                                                                                                 ; Duplicated       ; Router Logic Cell Insertion and Logic Duplication ; Routability optimization   ;           ;                ; core_top:ic|lab_probe:probe|tx_mem[8][31]~DUPLICATE                       ;                  ;                       ;
; core_top:ic|lab_probe:probe|tx_mem[9][4]                                                                                                  ; Duplicated       ; Router Logic Cell Insertion and Logic Duplication ; Routability optimization   ;           ;                ; core_top:ic|lab_probe:probe|tx_mem[9][4]~DUPLICATE                        ;                  ;                       ;
; core_top:ic|lab_probe:probe|tx_mem[9][7]                                                                                                  ; Duplicated       ; Router Logic Cell Insertion and Logic Duplication ; Routability optimization   ;           ;                ; core_top:ic|lab_probe:probe|tx_mem[9][7]~DUPLICATE                        ;                  ;                       ;
; core_top:ic|lab_probe:probe|tx_mem[9][17]                                                                                                 ; Duplicated       ; Router Logic Cell Insertion and Logic Duplication ; Routability optimization   ;           ;                ; core_top:ic|lab_probe:probe|tx_mem[9][17]~DUPLICATE                       ;                  ;                       ;
; core_top:ic|lab_probe:probe|tx_mem[9][24]                                                                                                 ; Duplicated       ; Router Logic Cell Insertion and Logic Duplication ; Routability optimization   ;           ;                ; core_top:ic|lab_probe:probe|tx_mem[9][24]~DUPLICATE                       ;                  ;                       ;
; core_top:ic|lab_probe:probe|tx_mem[11][13]                                                                                                ; Duplicated       ; Router Logic Cell Insertion and Logic Duplication ; Routability optimization   ;           ;                ; core_top:ic|lab_probe:probe|tx_mem[11][13]~DUPLICATE                      ;                  ;                       ;
; core_top:ic|lab_probe:probe|tx_mem[12][24]                                                                                                ; Duplicated       ; Router Logic Cell Insertion and Logic Duplication ; Routability optimization   ;           ;                ; core_top:ic|lab_probe:probe|tx_mem[12][24]~DUPLICATE                      ;                  ;                       ;
; core_top:ic|lab_probe:probe|tx_mem[13][3]                                                                                                 ; Duplicated       ; Router Logic Cell Insertion and Logic Duplication ; Routability optimization   ;           ;                ; core_top:ic|lab_probe:probe|tx_mem[13][3]~DUPLICATE                       ;                  ;                       ;
; core_top:ic|lab_probe:probe|tx_mem[15][4]                                                                                                 ; Duplicated       ; Router Logic Cell Insertion and Logic Duplication ; Routability optimization   ;           ;                ; core_top:ic|lab_probe:probe|tx_mem[15][4]~DUPLICATE                       ;                  ;                       ;
; core_top:ic|lab_probe:probe|tx_mem[15][5]                                                                                                 ; Duplicated       ; Router Logic Cell Insertion and Logic Duplication ; Routability optimization   ;           ;                ; core_top:ic|lab_probe:probe|tx_mem[15][5]~DUPLICATE                       ;                  ;                       ;
; core_top:ic|lab_probe:probe|tx_mem[15][7]                                                                                                 ; Duplicated       ; Router Logic Cell Insertion and Logic Duplication ; Routability optimization   ;           ;                ; core_top:ic|lab_probe:probe|tx_mem[15][7]~DUPLICATE                       ;                  ;                       ;
; core_top:ic|lab_probe:probe|tx_mem[15][9]                                                                                                 ; Duplicated       ; Router Logic Cell Insertion and Logic Duplication ; Routability optimization   ;           ;                ; core_top:ic|lab_probe:probe|tx_mem[15][9]~DUPLICATE                       ;                  ;                       ;
; core_top:ic|lab_probe:probe|tx_mem[15][10]                                                                                                ; Duplicated       ; Router Logic Cell Insertion and Logic Duplication ; Routability optimization   ;           ;                ; core_top:ic|lab_probe:probe|tx_mem[15][10]~DUPLICATE                      ;                  ;                       ;
; core_top:ic|lab_probe:probe|tx_mem[15][13]                                                                                                ; Duplicated       ; Router Logic Cell Insertion and Logic Duplication ; Routability optimization   ;           ;                ; core_top:ic|lab_probe:probe|tx_mem[15][13]~DUPLICATE                      ;                  ;                       ;
; core_top:ic|lab_probe:probe|tx_mem[15][14]                                                                                                ; Duplicated       ; Router Logic Cell Insertion and Logic Duplication ; Routability optimization   ;           ;                ; core_top:ic|lab_probe:probe|tx_mem[15][14]~DUPLICATE                      ;                  ;                       ;
; core_top:ic|lab_probe:probe|tx_mem[15][24]                                                                                                ; Duplicated       ; Router Logic Cell Insertion and Logic Duplication ; Routability optimization   ;           ;                ; core_top:ic|lab_probe:probe|tx_mem[15][24]~DUPLICATE                      ;                  ;                       ;
; core_top:ic|lab_probe:probe|tx_mem[15][25]                                                                                                ; Duplicated       ; Router Logic Cell Insertion and Logic Duplication ; Routability optimization   ;           ;                ; core_top:ic|lab_probe:probe|tx_mem[15][25]~DUPLICATE                      ;                  ;                       ;
; core_top:ic|lab_probe:probe|tx_mem[15][27]                                                                                                ; Duplicated       ; Router Logic Cell Insertion and Logic Duplication ; Routability optimization   ;           ;                ; core_top:ic|lab_probe:probe|tx_mem[15][27]~DUPLICATE                      ;                  ;                       ;
; core_top:ic|lab_probe:probe|tx_mem[15][31]                                                                                                ; Duplicated       ; Router Logic Cell Insertion and Logic Duplication ; Routability optimization   ;           ;                ; core_top:ic|lab_probe:probe|tx_mem[15][31]~DUPLICATE                      ;                  ;                       ;
; core_top:ic|lab_probe:probe|word_index[2]                                                                                                 ; Duplicated       ; Router Logic Cell Insertion and Logic Duplication ; Routability optimization   ;           ;                ; core_top:ic|lab_probe:probe|word_index[2]~DUPLICATE                       ;                  ;                       ;
; core_top:ic|lab_probe:probe|wr_previous                                                                                                   ; Duplicated       ; Router Logic Cell Insertion and Logic Duplication ; Routability optimization   ;           ;                ; core_top:ic|lab_probe:probe|wr_previous~DUPLICATE                         ;                  ;                       ;
; core_top:ic|synch_3:lock_sync|o[0]                                                                                                        ; Duplicated       ; Router Logic Cell Insertion and Logic Duplication ; Routability optimization   ;           ;                ; core_top:ic|synch_3:lock_sync|o[0]~DUPLICATE                              ;                  ;                       ;
; io_bridge_peripheral:ibs|addr_cnt[0]                                                                                                      ; Duplicated       ; Router Logic Cell Insertion and Logic Duplication ; Routability optimization   ;           ;                ; io_bridge_peripheral:ibs|addr_cnt[0]~DUPLICATE                            ;                  ;                       ;
; io_bridge_peripheral:ibs|data_cnt[0]                                                                                                      ; Duplicated       ; Router Logic Cell Insertion and Logic Duplication ; Routability optimization   ;           ;                ; io_bridge_peripheral:ibs|data_cnt[0]~DUPLICATE                            ;                  ;                       ;
; io_bridge_peripheral:ibs|pmp_addr[3]                                                                                                      ; Duplicated       ; Router Logic Cell Insertion and Logic Duplication ; Routability optimization   ;           ;                ; io_bridge_peripheral:ibs|pmp_addr[3]~DUPLICATE                            ;                  ;                       ;
; io_bridge_peripheral:ibs|pmp_addr[7]                                                                                                      ; Duplicated       ; Router Logic Cell Insertion and Logic Duplication ; Routability optimization   ;           ;                ; io_bridge_peripheral:ibs|pmp_addr[7]~DUPLICATE                            ;                  ;                       ;
; io_bridge_peripheral:ibs|pmp_addr[8]                                                                                                      ; Duplicated       ; Router Logic Cell Insertion and Logic Duplication ; Routability optimization   ;           ;                ; io_bridge_peripheral:ibs|pmp_addr[8]~DUPLICATE                            ;                  ;                       ;
; io_bridge_peripheral:ibs|pmp_addr[30]                                                                                                     ; Duplicated       ; Router Logic Cell Insertion and Logic Duplication ; Routability optimization   ;           ;                ; io_bridge_peripheral:ibs|pmp_addr[30]~DUPLICATE                           ;                  ;                       ;
; io_bridge_peripheral:ibs|pmp_wr_data_latch[3]                                                                                             ; Duplicated       ; Router Logic Cell Insertion and Logic Duplication ; Routability optimization   ;           ;                ; io_bridge_peripheral:ibs|pmp_wr_data_latch[3]~DUPLICATE                   ;                  ;                       ;
; io_bridge_peripheral:ibs|pmp_wr_data_latch[9]                                                                                             ; Duplicated       ; Router Logic Cell Insertion and Logic Duplication ; Routability optimization   ;           ;                ; io_bridge_peripheral:ibs|pmp_wr_data_latch[9]~DUPLICATE                   ;                  ;                       ;
; io_bridge_peripheral:ibs|pmp_wr_data_latch[10]                                                                                            ; Duplicated       ; Router Logic Cell Insertion and Logic Duplication ; Routability optimization   ;           ;                ; io_bridge_peripheral:ibs|pmp_wr_data_latch[10]~DUPLICATE                  ;                  ;                       ;
; io_bridge_peripheral:ibs|pmp_wr_data_latch[11]                                                                                            ; Duplicated       ; Router Logic Cell Insertion and Logic Duplication ; Routability optimization   ;           ;                ; io_bridge_peripheral:ibs|pmp_wr_data_latch[11]~DUPLICATE                  ;                  ;                       ;
; io_bridge_peripheral:ibs|pmp_wr_data_latch[16]                                                                                            ; Duplicated       ; Router Logic Cell Insertion and Logic Duplication ; Routability optimization   ;           ;                ; io_bridge_peripheral:ibs|pmp_wr_data_latch[16]~DUPLICATE                  ;                  ;                       ;
; io_bridge_peripheral:ibs|read_cnt[0]                                                                                                      ; Duplicated       ; Router Logic Cell Insertion and Logic Duplication ; Routability optimization   ;           ;                ; io_bridge_peripheral:ibs|read_cnt[0]~DUPLICATE                            ;                  ;                       ;
; io_bridge_peripheral:ibs|read_cnt[1]                                                                                                      ; Duplicated       ; Router Logic Cell Insertion and Logic Duplication ; Routability optimization   ;           ;                ; io_bridge_peripheral:ibs|read_cnt[1]~DUPLICATE                            ;                  ;                       ;
; io_pad_controller:ipm|auto_poll_cnt[1]                                                                                                    ; Duplicated       ; Router Logic Cell Insertion and Logic Duplication ; Routability optimization   ;           ;                ; io_pad_controller:ipm|auto_poll_cnt[1]~DUPLICATE                          ;                  ;                       ;
; io_pad_controller:ipm|auto_poll_cnt[6]                                                                                                    ; Duplicated       ; Router Logic Cell Insertion and Logic Duplication ; Routability optimization   ;           ;                ; io_pad_controller:ipm|auto_poll_cnt[6]~DUPLICATE                          ;                  ;                       ;
; io_pad_controller:ipm|auto_poll_queue                                                                                                     ; Duplicated       ; Router Logic Cell Insertion and Logic Duplication ; Routability optimization   ;           ;                ; io_pad_controller:ipm|auto_poll_queue~DUPLICATE                           ;                  ;                       ;
; io_pad_controller:ipm|cnt[0]                                                                                                              ; Duplicated       ; Router Logic Cell Insertion and Logic Duplication ; Routability optimization   ;           ;                ; io_pad_controller:ipm|cnt[0]~DUPLICATE                                    ;                  ;                       ;
; io_pad_controller:ipm|heartbeat_cnt[1]                                                                                                    ; Duplicated       ; Router Logic Cell Insertion and Logic Duplication ; Routability optimization   ;           ;                ; io_pad_controller:ipm|heartbeat_cnt[1]~DUPLICATE                          ;                  ;                       ;
; io_pad_controller:ipm|heartbeat_cnt[6]                                                                                                    ; Duplicated       ; Router Logic Cell Insertion and Logic Duplication ; Routability optimization   ;           ;                ; io_pad_controller:ipm|heartbeat_cnt[6]~DUPLICATE                          ;                  ;                       ;
; io_pad_controller:ipm|heartbeat_cnt[7]                                                                                                    ; Duplicated       ; Router Logic Cell Insertion and Logic Duplication ; Routability optimization   ;           ;                ; io_pad_controller:ipm|heartbeat_cnt[7]~DUPLICATE                          ;                  ;                       ;
; io_pad_controller:ipm|heartbeat_cnt[12]                                                                                                   ; Duplicated       ; Router Logic Cell Insertion and Logic Duplication ; Routability optimization   ;           ;                ; io_pad_controller:ipm|heartbeat_cnt[12]~DUPLICATE                         ;                  ;                       ;
; io_pad_controller:ipm|heartbeat_cnt[14]                                                                                                   ; Duplicated       ; Router Logic Cell Insertion and Logic Duplication ; Routability optimization   ;           ;                ; io_pad_controller:ipm|heartbeat_cnt[14]~DUPLICATE                         ;                  ;                       ;
; io_pad_controller:ipm|heartbeat_cnt[18]                                                                                                   ; Duplicated       ; Router Logic Cell Insertion and Logic Duplication ; Routability optimization   ;           ;                ; io_pad_controller:ipm|heartbeat_cnt[18]~DUPLICATE                         ;                  ;                       ;
; io_pad_controller:ipm|rx_timeout[6]                                                                                                       ; Duplicated       ; Router Logic Cell Insertion and Logic Duplication ; Routability optimization   ;           ;                ; io_pad_controller:ipm|rx_timeout[6]~DUPLICATE                             ;                  ;                       ;
; io_pad_controller:ipm|rx_timeout[8]                                                                                                       ; Duplicated       ; Router Logic Cell Insertion and Logic Duplication ; Routability optimization   ;           ;                ; io_pad_controller:ipm|rx_timeout[8]~DUPLICATE                             ;                  ;                       ;
; io_pad_controller:ipm|rx_timeout[9]                                                                                                       ; Duplicated       ; Router Logic Cell Insertion and Logic Duplication ; Routability optimization   ;           ;                ; io_pad_controller:ipm|rx_timeout[9]~DUPLICATE                             ;                  ;                       ;
; io_pad_controller:ipm|rx_timeout[20]                                                                                                      ; Duplicated       ; Router Logic Cell Insertion and Logic Duplication ; Routability optimization   ;           ;                ; io_pad_controller:ipm|rx_timeout[20]~DUPLICATE                            ;                  ;                       ;
; io_pad_controller:ipm|rx_word_done                                                                                                        ; Duplicated       ; Router Logic Cell Insertion and Logic Duplication ; Routability optimization   ;           ;                ; io_pad_controller:ipm|rx_word_done~DUPLICATE                              ;                  ;                       ;
; io_pad_controller:ipm|tr_cnt[1]                                                                                                           ; Duplicated       ; Router Logic Cell Insertion and Logic Duplication ; Routability optimization   ;           ;                ; io_pad_controller:ipm|tr_cnt[1]~DUPLICATE                                 ;                  ;                       ;
; io_pad_controller:ipm|tr_cnt[3]                                                                                                           ; Duplicated       ; Router Logic Cell Insertion and Logic Duplication ; Routability optimization   ;           ;                ; io_pad_controller:ipm|tr_cnt[3]~DUPLICATE                                 ;                  ;                       ;
; io_pad_controller:ipm|tr_cnt[4]                                                                                                           ; Duplicated       ; Router Logic Cell Insertion and Logic Duplication ; Routability optimization   ;           ;                ; io_pad_controller:ipm|tr_cnt[4]~DUPLICATE                                 ;                  ;                       ;
; io_pad_controller:ipm|tr_cnt[5]                                                                                                           ; Duplicated       ; Router Logic Cell Insertion and Logic Duplication ; Routability optimization   ;           ;                ; io_pad_controller:ipm|tr_cnt[5]~DUPLICATE                                 ;                  ;                       ;
; io_pad_controller:ipm|tr_cnt[7]                                                                                                           ; Duplicated       ; Router Logic Cell Insertion and Logic Duplication ; Routability optimization   ;           ;                ; io_pad_controller:ipm|tr_cnt[7]~DUPLICATE                                 ;                  ;                       ;
; io_pad_controller:ipm|tx_word_done                                                                                                        ; Duplicated       ; Router Logic Cell Insertion and Logic Duplication ; Routability optimization   ;           ;                ; io_pad_controller:ipm|tx_word_done~DUPLICATE                              ;                  ;                       ;
+-------------------------------------------------------------------------------------------------------------------------------------------+------------------+---------------------------------------------------+----------------------------+-----------+----------------+---------------------------------------------------------------------------+------------------+-----------------------+


+---------------------------------------------------------------------------------------------------+
; Incremental Compilation Preservation Summary                                                      ;
+---------------------+---------------------+----------------------------+--------------------------+
; Type                ; Total [A + B]       ; From Design Partitions [A] ; From Rapid Recompile [B] ;
+---------------------+---------------------+----------------------------+--------------------------+
; Placement (by node) ;                     ;                            ;                          ;
;     -- Requested    ; 0.00 % ( 0 / 6759 ) ; 0.00 % ( 0 / 6759 )        ; 0.00 % ( 0 / 6759 )      ;
;     -- Achieved     ; 0.00 % ( 0 / 6759 ) ; 0.00 % ( 0 / 6759 )        ; 0.00 % ( 0 / 6759 )      ;
;                     ;                     ;                            ;                          ;
; Routing (by net)    ;                     ;                            ;                          ;
;     -- Requested    ; 0.00 % ( 0 / 0 )    ; 0.00 % ( 0 / 0 )           ; 0.00 % ( 0 / 0 )         ;
;     -- Achieved     ; 0.00 % ( 0 / 0 )    ; 0.00 % ( 0 / 0 )           ; 0.00 % ( 0 / 0 )         ;
+---------------------+---------------------+----------------------------+--------------------------+


+----------------------------------------------------------------------------------------------------------------------------------------------------------------------------------------+
; Incremental Compilation Partition Settings                                                                                                                                             ;
+--------------------------------+----------------+-------------------+-------------------------+------------------------+------------------------------+--------------------------------+
; Partition Name                 ; Partition Type ; Netlist Type Used ; Preservation Level Used ; Netlist Type Requested ; Preservation Level Requested ; Contents                       ;
+--------------------------------+----------------+-------------------+-------------------------+------------------------+------------------------------+--------------------------------+
; Top                            ; User-created   ; Source File       ; N/A                     ; Source File            ; N/A                          ;                                ;
; hard_block:auto_generated_inst ; Auto-generated ; Source File       ; N/A                     ; Source File            ; N/A                          ; hard_block:auto_generated_inst ;
+--------------------------------+----------------+-------------------+-------------------------+------------------------+------------------------------+--------------------------------+


+------------------------------------------------------------------------------------------------------------------------------------+
; Incremental Compilation Placement Preservation                                                                                     ;
+--------------------------------+-----------------------+-------------------------+-------------------+---------------------+-------+
; Partition Name                 ; Preservation Achieved ; Preservation Level Used ; Netlist Type Used ; Preservation Method ; Notes ;
+--------------------------------+-----------------------+-------------------------+-------------------+---------------------+-------+
; Top                            ; 0.00 % ( 0 / 6679 )   ; N/A                     ; Source File       ; N/A                 ;       ;
; hard_block:auto_generated_inst ; 0.00 % ( 0 / 80 )     ; N/A                     ; Source File       ; N/A                 ;       ;
+--------------------------------+-----------------------+-------------------------+-------------------+---------------------+-------+


+--------------+
; Pin-Out File ;
+--------------+
The pin-out file can be found in /home/taualpha/card-writing-lab/minimal01-s1/src/fpga/output_files/ap_core.pin.


+---------------------------------------------------------------------------------------------+
; Fitter Resource Usage Summary                                                               ;
+-------------------------------------------------------------+-----------------------+-------+
; Resource                                                    ; Usage                 ; %     ;
+-------------------------------------------------------------+-----------------------+-------+
; Logic utilization (ALMs needed / total ALMs on device)      ; 2,544 / 18,480        ; 14 %  ;
; ALMs needed [=A-B+C]                                        ; 2,544                 ;       ;
;     [A] ALMs used in final placement [=a+b+c+d]             ; 2,734 / 18,480        ; 15 %  ;
;         [a] ALMs used for LUT logic and registers           ; 801                   ;       ;
;         [b] ALMs used for LUT logic                         ; 1,731                 ;       ;
;         [c] ALMs used for registers                         ; 202                   ;       ;
;         [d] ALMs used for memory (up to half of total ALMs) ; 0                     ;       ;
;     [B] Estimate of ALMs recoverable by dense packing       ; 193 / 18,480          ; 1 %   ;
;     [C] Estimate of ALMs unavailable [=a+b+c+d]             ; 3 / 18,480            ; < 1 % ;
;         [a] Due to location constrained logic               ; 0                     ;       ;
;         [b] Due to LAB-wide signal conflicts                ; 0                     ;       ;
;         [c] Due to LAB input limits                         ; 3                     ;       ;
;         [d] Due to virtual I/Os                             ; 0                     ;       ;
;                                                             ;                       ;       ;
; Difficulty packing design                                   ; Low                   ;       ;
;                                                             ;                       ;       ;
; Total LABs:  partially or completely used                   ; 366 / 1,848           ; 20 %  ;
;     -- Logic LABs                                           ; 366                   ;       ;
;     -- Memory LABs (up to half of total LABs)               ; 0                     ;       ;
;                                                             ;                       ;       ;
; Combinational ALUT usage for logic                          ; 3,964                 ;       ;
;     -- 7 input functions                                    ; 43                    ;       ;
;     -- 6 input functions                                    ; 1,306                 ;       ;
;     -- 5 input functions                                    ; 275                   ;       ;
;     -- 4 input functions                                    ; 773                   ;       ;
;     -- <=3 input functions                                  ; 1,567                 ;       ;
; Combinational ALUT usage for route-throughs                 ; 179                   ;       ;
;                                                             ;                       ;       ;
; Dedicated logic registers                                   ; 2,180                 ;       ;
;     -- By type:                                             ;                       ;       ;
;         -- Primary logic registers                          ; 2,006 / 36,960        ; 5 %   ;
;         -- Secondary logic registers                        ; 174 / 36,960          ; < 1 % ;
;     -- By function:                                         ;                       ;       ;
;         -- Design implementation registers                  ; 2,044                 ;       ;
;         -- Routing optimization registers                   ; 136                   ;       ;
;                                                             ;                       ;       ;
; Virtual pins                                                ; 0                     ;       ;
; I/O pins                                                    ; 224 / 224             ; 100 % ;
;     -- Clock pins                                           ; 9 / 9                 ; 100 % ;
;     -- Dedicated input pins                                 ; 0 / 11                ; 0 %   ;
; I/O registers                                               ; 34                    ;       ;
;                                                             ;                       ;       ;
; M10K blocks                                                 ; 6 / 308               ; 2 %   ;
; Total MLAB memory bits                                      ; 0                     ;       ;
; Total block memory bits                                     ; 8,597 / 3,153,920     ; < 1 % ;
; Total block memory implementation bits                      ; 61,440 / 3,153,920    ; 2 %   ;
;                                                             ;                       ;       ;
; Total DSP Blocks                                            ; 0 / 66                ; 0 %   ;
;                                                             ;                       ;       ;
; Fractional PLLs                                             ; 1 / 4                 ; 25 %  ;
; Global signals                                              ; 5                     ;       ;
;     -- Global clocks                                        ; 4 / 16                ; 25 %  ;
;     -- Quadrant clocks                                      ; 0 / 88                ; 0 %   ;
; SERDES Transmitters                                         ; 0 / 68                ; 0 %   ;
; SERDES Receivers                                            ; 0 / 68                ; 0 %   ;
; JTAGs                                                       ; 0 / 1                 ; 0 %   ;
; ASMI blocks                                                 ; 0 / 1                 ; 0 %   ;
; CRC blocks                                                  ; 0 / 1                 ; 0 %   ;
; Remote update blocks                                        ; 0 / 1                 ; 0 %   ;
; Oscillator blocks                                           ; 0 / 1                 ; 0 %   ;
; Impedance control blocks                                    ; 0 / 3                 ; 0 %   ;
; Average interconnect usage (total/H/V)                      ; 4.3% / 4.5% / 3.9%    ;       ;
; Peak interconnect usage (total/H/V)                         ; 20.3% / 20.7% / 19.0% ;       ;
; Maximum fan-out                                             ; 2120                  ;       ;
; Highest non-global fan-out                                  ; 305                   ;       ;
; Total fan-out                                               ; 22580                 ;       ;
; Average fan-out                                             ; 3.26                  ;       ;
+-------------------------------------------------------------+-----------------------+-------+


+----------------------------------------------------------------------------------------------------------------------+
; Fitter Partition Statistics                                                                                          ;
+-------------------------------------------------------------+-----------------------+--------------------------------+
; Statistic                                                   ; Top                   ; hard_block:auto_generated_inst ;
+-------------------------------------------------------------+-----------------------+--------------------------------+
; Logic utilization (ALMs needed / total ALMs on device)      ; 2544 / 18480 ( 14 % ) ; 0 / 18480 ( 0 % )              ;
; ALMs needed [=A-B+C]                                        ; 2544                  ; 0                              ;
;     [A] ALMs used in final placement [=a+b+c+d]             ; 2734 / 18480 ( 15 % ) ; 0 / 18480 ( 0 % )              ;
;         [a] ALMs used for LUT logic and registers           ; 801                   ; 0                              ;
;         [b] ALMs used for LUT logic                         ; 1731                  ; 0                              ;
;         [c] ALMs used for registers                         ; 202                   ; 0                              ;
;         [d] ALMs used for memory (up to half of total ALMs) ; 0                     ; 0                              ;
;     [B] Estimate of ALMs recoverable by dense packing       ; 193 / 18480 ( 1 % )   ; 0 / 18480 ( 0 % )              ;
;     [C] Estimate of ALMs unavailable [=a+b+c+d]             ; 3 / 18480 ( < 1 % )   ; 0 / 18480 ( 0 % )              ;
;         [a] Due to location constrained logic               ; 0                     ; 0                              ;
;         [b] Due to LAB-wide signal conflicts                ; 0                     ; 0                              ;
;         [c] Due to LAB input limits                         ; 3                     ; 0                              ;
;         [d] Due to virtual I/Os                             ; 0                     ; 0                              ;
;                                                             ;                       ;                                ;
; Difficulty packing design                                   ; Low                   ; Low                            ;
;                                                             ;                       ;                                ;
; Total LABs:  partially or completely used                   ; 366 / 1848 ( 20 % )   ; 0 / 1848 ( 0 % )               ;
;     -- Logic LABs                                           ; 366                   ; 0                              ;
;     -- Memory LABs (up to half of total LABs)               ; 0                     ; 0                              ;
;                                                             ;                       ;                                ;
; Combinational ALUT usage for logic                          ; 3964                  ; 0                              ;
;     -- 7 input functions                                    ; 43                    ; 0                              ;
;     -- 6 input functions                                    ; 1306                  ; 0                              ;
;     -- 5 input functions                                    ; 275                   ; 0                              ;
;     -- 4 input functions                                    ; 773                   ; 0                              ;
;     -- <=3 input functions                                  ; 1567                  ; 0                              ;
; Combinational ALUT usage for route-throughs                 ; 179                   ; 0                              ;
; Memory ALUT usage                                           ; 0                     ; 0                              ;
;     -- 64-address deep                                      ; 0                     ; 0                              ;
;     -- 32-address deep                                      ; 0                     ; 0                              ;
;                                                             ;                       ;                                ;
; Dedicated logic registers                                   ; 0                     ; 0                              ;
;     -- By type:                                             ;                       ;                                ;
;         -- Primary logic registers                          ; 2006 / 36960 ( 5 % )  ; 0 / 36960 ( 0 % )              ;
;         -- Secondary logic registers                        ; 174 / 36960 ( < 1 % ) ; 0 / 36960 ( 0 % )              ;
;     -- By function:                                         ;                       ;                                ;
;         -- Design implementation registers                  ; 2044                  ; 0                              ;
;         -- Routing optimization registers                   ; 136                   ; 0                              ;
;                                                             ;                       ;                                ;
;                                                             ;                       ;                                ;
; Virtual pins                                                ; 0                     ; 0                              ;
; I/O pins                                                    ; 205                   ; 19                             ;
; I/O registers                                               ; 0                     ; 34                             ;
; Total block memory bits                                     ; 8597                  ; 0                              ;
; Total block memory implementation bits                      ; 61440                 ; 0                              ;
; M10K block                                                  ; 6 / 308 ( 1 % )       ; 0 / 308 ( 0 % )                ;
; Clock enable block                                          ; 1 / 104 ( < 1 % )     ; 3 / 104 ( 2 % )                ;
; Double data rate I/O output circuitry                       ; 0 / 272 ( 0 % )       ; 17 / 272 ( 6 % )               ;
; Fractional PLL                                              ; 0 / 4 ( 0 % )         ; 1 / 4 ( 25 % )                 ;
; PLL Output Counter                                          ; 0 / 36 ( 0 % )        ; 2 / 36 ( 5 % )                 ;
; PLL Reconfiguration Block                                   ; 0 / 4 ( 0 % )         ; 1 / 4 ( 25 % )                 ;
; PLL Reference Clock Select Block                            ; 0 / 4 ( 0 % )         ; 1 / 4 ( 25 % )                 ;
;                                                             ;                       ;                                ;
; Connections                                                 ;                       ;                                ;
;     -- Input Connections                                    ; 2276                  ; 44                             ;
;     -- Registered Input Connections                         ; 2172                  ; 0                              ;
;     -- Output Connections                                   ; 131                   ; 2189                           ;
;     -- Registered Output Connections                        ; 27                    ; 0                              ;
;                                                             ;                       ;                                ;
; Internal Connections                                        ;                       ;                                ;
;     -- Total Connections                                    ; 22962                 ; 2350                           ;
;     -- Registered Connections                               ; 10499                 ; 0                              ;
;                                                             ;                       ;                                ;
; External Connections                                        ;                       ;                                ;
;     -- Top                                                  ; 208                   ; 2199                           ;
;     -- hard_block:auto_generated_inst                       ; 2199                  ; 34                             ;
;                                                             ;                       ;                                ;
; Partition Interface                                         ;                       ;                                ;
;     -- Input Ports                                          ; 10                    ; 45                             ;
;     -- Output Ports                                         ; 93                    ; 21                             ;
;     -- Bidir Ports                                          ; 121                   ; 0                              ;
;                                                             ;                       ;                                ;
; Registered Ports                                            ;                       ;                                ;
;     -- Registered Input Ports                               ; 0                     ; 0                              ;
;     -- Registered Output Ports                              ; 0                     ; 0                              ;
;                                                             ;                       ;                                ;
; Port Connectivity                                           ;                       ;                                ;
;     -- Input Ports driven by GND                            ; 0                     ; 0                              ;
;     -- Output Ports driven by GND                           ; 0                     ; 0                              ;
;     -- Input Ports driven by VCC                            ; 0                     ; 0                              ;
;     -- Output Ports driven by VCC                           ; 0                     ; 0                              ;
;     -- Input Ports with no Source                           ; 0                     ; 0                              ;
;     -- Output Ports with no Source                          ; 0                     ; 0                              ;
;     -- Input Ports with no Fanout                           ; 0                     ; 16                             ;
;     -- Output Ports with no Fanout                          ; 0                     ; 0                              ;
+-------------------------------------------------------------+-----------------------+--------------------------------+


+---------------------------------------------------------------------------------------------------------------------------------------------------------------------------------------------------------------------------------------------------------------------------------------------+
; Input Pins                                                                                                                                                                                                                                                                                  ;
+--------------+-------+----------+--------------+--------------+--------------+-----------------------+--------------------+--------+----------------+-----------------+----------+--------------+--------------+-------------+---------------------------+----------------------+-----------+
; Name         ; Pin # ; I/O Bank ; X coordinate ; Y coordinate ; Z coordinate ; Combinational Fan-Out ; Registered Fan-Out ; Global ; Input Register ; PCI I/O Enabled ; Bus Hold ; Weak Pull Up ; I/O Standard ; Termination ; Termination Control Block ; Location assigned by ; Slew Rate ;
+--------------+-------+----------+--------------+--------------+--------------+-----------------------+--------------------+--------+----------------+-----------------+----------+--------------+--------------+-------------+---------------------------+----------------------+-----------+
; bridge_spiss ; H14   ; 7A       ; 42           ; 45           ; 0            ; 10                    ; 0                  ; no     ; no             ; no              ; no       ; Off          ; 1.8 V        ; Off         ; --                        ; User                 ; no        ;
; clk_74a      ; V15   ; 4A       ; 38           ; 0            ; 0            ; 2121                  ; 0                  ; yes    ; no             ; no              ; no       ; Off          ; 3.3-V LVCMOS ; Off         ; --                        ; User                 ; no        ;
; clk_74b      ; H16   ; 7A       ; 44           ; 45           ; 0            ; 0                     ; 0                  ; no     ; no             ; no              ; no       ; Off          ; 1.8 V        ; Off         ; --                        ; User                 ; no        ;
; cram0_wait   ; K7    ; 8A       ; 22           ; 45           ; 51           ; 0                     ; 0                  ; no     ; no             ; no              ; no       ; Off          ; 1.8 V        ; Off         ; --                        ; User                 ; no        ;
; cram1_wait   ; W9    ; 3A       ; 11           ; 0            ; 34           ; 0                     ; 0                  ; no     ; no             ; no              ; no       ; Off          ; 1.8 V        ; Off         ; --                        ; User                 ; no        ;
; dbg_rx       ; K22   ; 5B       ; 54           ; 21           ; 54           ; 0                     ; 0                  ; no     ; no             ; no              ; no       ; Off          ; 1.8 V        ; Off         ; --                        ; User                 ; no        ;
; port_ir_rx   ; H10   ; 7A       ; 40           ; 45           ; 91           ; 0                     ; 0                  ; no     ; no             ; no              ; no       ; Off          ; 1.8 V        ; Off         ; --                        ; User                 ; no        ;
; scal_audadc  ; H15   ; 7A       ; 44           ; 45           ; 17           ; 0                     ; 0                  ; no     ; no             ; no              ; no       ; Off          ; 1.8 V        ; Off         ; --                        ; User                 ; no        ;
; user2        ; L22   ; 5B       ; 54           ; 19           ; 54           ; 0                     ; 0                  ; no     ; no             ; no              ; no       ; Off          ; 1.8 V        ; Off         ; --                        ; User                 ; no        ;
; vblank       ; N19   ; 5B       ; 54           ; 19           ; 3            ; 0                     ; 0                  ; no     ; no             ; no              ; no       ; Off          ; 1.8 V        ; Off         ; --                        ; User                 ; no        ;
+--------------+-------+----------+--------------+--------------+--------------+-----------------------+--------------------+--------+----------------+-----------------+----------+--------------+--------------+-------------+---------------------------+----------------------+-----------+


+--------------------------------------------------------------------------------------------------------------------------------------------------------------------------------------------------------------------------------------------------------------------------------------------------------------------------------------------------------------------------------------------------------------------------------------------------------------------------------------------------------------+
; Output Pins                                                                                                                                                                                                                                                                                                                                                                                                                                                                                                  ;
+-------------------------+-------+----------+--------------+--------------+--------------+-----------------+------------------------+-----------+-----------------+------------+---------------+----------+--------------+--------------+------------------+-----------------------------------+---------------------------+----------------------------+-----------------------------+---------------------+-----------------------------+----------------------+----------------------+---------------------+
; Name                    ; Pin # ; I/O Bank ; X coordinate ; Y coordinate ; Z coordinate ; Output Register ; Output Enable Register ; Slew Rate ; PCI I/O Enabled ; Open Drain ; TRI Primitive ; Bus Hold ; Weak Pull Up ; I/O Standard ; Current Strength ; Termination                       ; Termination Control Block ; Output Buffer Pre-emphasis ; Voltage Output Differential ; Output Buffer Delay ; Output Buffer Delay Control ; Location assigned by ; Output Enable Source ; Output Enable Group ;
+-------------------------+-------+----------+--------------+--------------+--------------+-----------------+------------------------+-----------+-----------------+------------+---------------+----------+--------------+--------------+------------------+-----------------------------------+---------------------------+----------------------------+-----------------------------+---------------------+-----------------------------+----------------------+----------------------+---------------------+
; aux_scl                 ; M16   ; 5B       ; 54           ; 18           ; 60           ; no              ; no                     ; 1         ; no              ; yes        ; no            ; no       ; Off          ; 1.8 V        ; 4mA              ; Off                               ; --                        ; no                         ; no                          ; 0                   ; Off                         ; User                 ; -                    ; -                   ;
; cart_pin30_pwroff_reset ; L17   ; 5B       ; 54           ; 20           ; 20           ; no              ; no                     ; 1         ; no              ; no         ; no            ; no       ; Off          ; 1.8 V        ; 4mA              ; Off                               ; --                        ; no                         ; no                          ; 0                   ; Off                         ; User                 ; -                    ; -                   ;
; cart_tran_bank0_dir     ; AB6   ; 3B       ; 16           ; 0            ; 91           ; no              ; no                     ; 1         ; no              ; no         ; no            ; no       ; Off          ; 3.3-V LVCMOS ; 2mA              ; Off                               ; --                        ; no                         ; no                          ; 0                   ; Off                         ; User                 ; -                    ; -                   ;
; cart_tran_bank1_dir     ; AA13  ; 4A       ; 34           ; 0            ; 34           ; no              ; no                     ; 1         ; no              ; no         ; no            ; no       ; Off          ; 3.3-V LVCMOS ; 2mA              ; Off                               ; --                        ; no                         ; no                          ; 0                   ; Off                         ; User                 ; -                    ; -                   ;
; cart_tran_bank2_dir     ; AA14  ; 4A       ; 34           ; 0            ; 51           ; no              ; no                     ; 1         ; no              ; no         ; no            ; no       ; Off          ; 3.3-V LVCMOS ; 2mA              ; Off                               ; --                        ; no                         ; no                          ; 0                   ; Off                         ; User                 ; -                    ; -                   ;
; cart_tran_bank3_dir     ; V21   ; 4A       ; 51           ; 0            ; 34           ; no              ; no                     ; 1         ; no              ; no         ; no            ; no       ; Off          ; 3.3-V LVCMOS ; 2mA              ; Off                               ; --                        ; no                         ; no                          ; 0                   ; Off                         ; User                 ; -                    ; -                   ;
; cart_tran_pin30_dir     ; AB5   ; 3B       ; 16           ; 0            ; 74           ; no              ; no                     ; 1         ; no              ; yes        ; no            ; no       ; Off          ; 3.3-V LVCMOS ; 2mA              ; Off                               ; --                        ; no                         ; no                          ; 0                   ; Off                         ; User                 ; -                    ; -                   ;
; cart_tran_pin31_dir     ; U22   ; 4A       ; 51           ; 0            ; 51           ; no              ; no                     ; 1         ; no              ; no         ; no            ; no       ; Off          ; 3.3-V LVCMOS ; 2mA              ; Off                               ; --                        ; no                         ; no                          ; 0                   ; Off                         ; User                 ; -                    ; -                   ;
; cram0_a[16]             ; H6    ; 8A       ; 8            ; 45           ; 57           ; no              ; no                     ; 1         ; no              ; no         ; no            ; no       ; Off          ; 1.8 V        ; 4mA              ; Off                               ; --                        ; no                         ; no                          ; 0                   ; Off                         ; User                 ; -                    ; -                   ;
; cram0_a[17]             ; C6    ; 8A       ; 12           ; 45           ; 34           ; no              ; no                     ; 1         ; no              ; no         ; no            ; no       ; Off          ; 1.8 V        ; 4mA              ; Off                               ; --                        ; no                         ; no                          ; 0                   ; Off                         ; User                 ; -                    ; -                   ;
; cram0_a[18]             ; B6    ; 8A       ; 14           ; 45           ; 34           ; no              ; no                     ; 1         ; no              ; no         ; no            ; no       ; Off          ; 1.8 V        ; 4mA              ; Off                               ; --                        ; no                         ; no                          ; 0                   ; Off                         ; User                 ; -                    ; -                   ;
; cram0_a[19]             ; B7    ; 8A       ; 14           ; 45           ; 51           ; no              ; no                     ; 1         ; no              ; no         ; no            ; no       ; Off          ; 1.8 V        ; 4mA              ; Off                               ; --                        ; no                         ; no                          ; 0                   ; Off                         ; User                 ; -                    ; -                   ;
; cram0_a[20]             ; H9    ; 8A       ; 18           ; 45           ; 17           ; no              ; no                     ; 1         ; no              ; no         ; no            ; no       ; Off          ; 1.8 V        ; 4mA              ; Off                               ; --                        ; no                         ; no                          ; 0                   ; Off                         ; User                 ; -                    ; -                   ;
; cram0_a[21]             ; H8    ; 8A       ; 20           ; 45           ; 34           ; no              ; no                     ; 1         ; no              ; no         ; no            ; no       ; Off          ; 1.8 V        ; 4mA              ; Off                               ; --                        ; no                         ; no                          ; 0                   ; Off                         ; User                 ; -                    ; -                   ;
; cram0_adv_n             ; J8    ; 8A       ; 20           ; 45           ; 17           ; no              ; no                     ; 1         ; no              ; no         ; no            ; no       ; Off          ; 1.8 V        ; 4mA              ; Off                               ; --                        ; no                         ; no                          ; 0                   ; Off                         ; User                 ; -                    ; -                   ;
; cram0_ce0_n             ; B5    ; 8A       ; 16           ; 45           ; 91           ; no              ; no                     ; 1         ; no              ; no         ; no            ; no       ; Off          ; 1.8 V        ; 4mA              ; Off                               ; --                        ; no                         ; no                          ; 0                   ; Off                         ; User                 ; -                    ; -                   ;
; cram0_ce1_n             ; E10   ; 8A       ; 14           ; 45           ; 0            ; no              ; no                     ; 1         ; no              ; no         ; no            ; no       ; Off          ; 1.8 V        ; 4mA              ; Off                               ; --                        ; no                         ; no                          ; 0                   ; Off                         ; User                 ; -                    ; -                   ;
; cram0_clk               ; G10   ; 8A       ; 22           ; 45           ; 0            ; no              ; no                     ; 1         ; no              ; no         ; no            ; no       ; Off          ; 1.8 V        ; Default          ; Series 50 Ohm without Calibration ; --                        ; no                         ; no                          ; 0                   ; Off                         ; User                 ; -                    ; -                   ;
; cram0_cre               ; F7    ; 8A       ; 8            ; 45           ; 74           ; no              ; no                     ; 1         ; no              ; no         ; no            ; no       ; Off          ; 1.8 V        ; 4mA              ; Off                               ; --                        ; no                         ; no                          ; 0                   ; Off                         ; User                 ; -                    ; -                   ;
; cram0_lb_n              ; A5    ; 8A       ; 16           ; 45           ; 74           ; no              ; no                     ; 1         ; no              ; no         ; no            ; no       ; Off          ; 1.8 V        ; 4mA              ; Off                               ; --                        ; no                         ; no                          ; 0                   ; Off                         ; User                 ; -                    ; -                   ;
; cram0_oe_n              ; D6    ; 8A       ; 12           ; 45           ; 51           ; no              ; no                     ; 1         ; no              ; no         ; no            ; no       ; Off          ; 1.8 V        ; 4mA              ; Off                               ; --                        ; no                         ; no                          ; 0                   ; Off                         ; User                 ; -                    ; -                   ;
; cram0_ub_n              ; A7    ; 8A       ; 12           ; 45           ; 17           ; no              ; no                     ; 1         ; no              ; no         ; no            ; no       ; Off          ; 1.8 V        ; 4mA              ; Off                               ; --                        ; no                         ; no                          ; 0                   ; Off                         ; User                 ; -                    ; -                   ;
; cram0_we_n              ; G8    ; 8A       ; 20           ; 45           ; 51           ; no              ; no                     ; 1         ; no              ; no         ; no            ; no       ; Off          ; 1.8 V        ; 4mA              ; Off                               ; --                        ; no                         ; no                          ; 0                   ; Off                         ; User                 ; -                    ; -                   ;
; cram1_a[16]             ; U2    ; 2A       ; 0            ; 19           ; 3            ; no              ; no                     ; 1         ; no              ; no         ; no            ; no       ; Off          ; 1.8 V        ; 4mA              ; Off                               ; --                        ; no                         ; no                          ; 0                   ; Off                         ; User                 ; -                    ; -                   ;
; cram1_a[17]             ; U1    ; 2A       ; 0            ; 19           ; 20           ; no              ; no                     ; 1         ; no              ; no         ; no            ; no       ; Off          ; 1.8 V        ; 4mA              ; Off                               ; --                        ; no                         ; no                          ; 0                   ; Off                         ; User                 ; -                    ; -                   ;
; cram1_a[18]             ; N1    ; 2A       ; 0            ; 19           ; 54           ; no              ; no                     ; 1         ; no              ; no         ; no            ; no       ; Off          ; 1.8 V        ; 4mA              ; Off                               ; --                        ; no                         ; no                          ; 0                   ; Off                         ; User                 ; -                    ; -                   ;
; cram1_a[19]             ; L2    ; 2A       ; 0            ; 20           ; 37           ; no              ; no                     ; 1         ; no              ; no         ; no            ; no       ; Off          ; 1.8 V        ; 4mA              ; Off                               ; --                        ; no                         ; no                          ; 0                   ; Off                         ; User                 ; -                    ; -                   ;
; cram1_a[20]             ; AA2   ; 2A       ; 0            ; 18           ; 77           ; no              ; no                     ; 1         ; no              ; no         ; no            ; no       ; Off          ; 1.8 V        ; 4mA              ; Off                               ; --                        ; no                         ; no                          ; 0                   ; Off                         ; User                 ; -                    ; -                   ;
; cram1_a[21]             ; Y3    ; 2A       ; 0            ; 18           ; 43           ; no              ; no                     ; 1         ; no              ; no         ; no            ; no       ; Off          ; 1.8 V        ; 4mA              ; Off                               ; --                        ; no                         ; no                          ; 0                   ; Off                         ; User                 ; -                    ; -                   ;
; cram1_adv_n             ; U8    ; 3A       ; 10           ; 0            ; 74           ; no              ; no                     ; 1         ; no              ; no         ; no            ; no       ; Off          ; 1.8 V        ; 4mA              ; Off                               ; --                        ; no                         ; no                          ; 0                   ; Off                         ; User                 ; -                    ; -                   ;
; cram1_ce0_n             ; N2    ; 2A       ; 0            ; 19           ; 37           ; no              ; no                     ; 1         ; no              ; no         ; no            ; no       ; Off          ; 1.8 V        ; 4mA              ; Off                               ; --                        ; no                         ; no                          ; 0                   ; Off                         ; User                 ; -                    ; -                   ;
; cram1_ce1_n             ; T8    ; 3A       ; 12           ; 0            ; 0            ; no              ; no                     ; 1         ; no              ; no         ; no            ; no       ; Off          ; 1.8 V        ; 4mA              ; Off                               ; --                        ; no                         ; no                          ; 0                   ; Off                         ; User                 ; -                    ; -                   ;
; cram1_clk               ; W2    ; 2A       ; 0            ; 18           ; 60           ; no              ; no                     ; 1         ; no              ; no         ; no            ; no       ; Off          ; 1.8 V        ; Default          ; Series 50 Ohm without Calibration ; --                        ; no                         ; no                          ; 0                   ; Off                         ; User                 ; -                    ; -                   ;
; cram1_cre               ; T7    ; 3A       ; 12           ; 0            ; 17           ; no              ; no                     ; 1         ; no              ; no         ; no            ; no       ; Off          ; 1.8 V        ; 4mA              ; Off                               ; --                        ; no                         ; no                          ; 0                   ; Off                         ; User                 ; -                    ; -                   ;
; cram1_lb_n              ; L1    ; 2A       ; 0            ; 20           ; 54           ; no              ; no                     ; 1         ; no              ; no         ; no            ; no       ; Off          ; 1.8 V        ; 4mA              ; Off                               ; --                        ; no                         ; no                          ; 0                   ; Off                         ; User                 ; -                    ; -                   ;
; cram1_oe_n              ; M7    ; 3A       ; 14           ; 0            ; 0            ; no              ; no                     ; 1         ; no              ; no         ; no            ; no       ; Off          ; 1.8 V        ; 4mA              ; Off                               ; --                        ; no                         ; no                          ; 0                   ; Off                         ; User                 ; -                    ; -                   ;
; cram1_ub_n              ; G1    ; 2A       ; 0            ; 21           ; 20           ; no              ; no                     ; 1         ; no              ; no         ; no            ; no       ; Off          ; 1.8 V        ; 4mA              ; Off                               ; --                        ; no                         ; no                          ; 0                   ; Off                         ; User                 ; -                    ; -                   ;
; cram1_we_n              ; AA1   ; 2A       ; 0            ; 18           ; 94           ; no              ; no                     ; 1         ; no              ; no         ; no            ; no       ; Off          ; 1.8 V        ; 4mA              ; Off                               ; --                        ; no                         ; no                          ; 0                   ; Off                         ; User                 ; -                    ; -                   ;
; dbg_tx                  ; K21   ; 5B       ; 54           ; 21           ; 37           ; no              ; no                     ; 1         ; no              ; yes        ; no            ; no       ; Off          ; 1.8 V        ; 8mA              ; Off                               ; --                        ; no                         ; no                          ; 0                   ; Off                         ; User                 ; -                    ; -                   ;
; dram_a[0]               ; D17   ; 7A       ; 50           ; 45           ; 0            ; no              ; no                     ; 1         ; no              ; no         ; no            ; no       ; Off          ; 1.8 V        ; 4mA              ; Off                               ; --                        ; no                         ; no                          ; 0                   ; Off                         ; User                 ; -                    ; -                   ;
; dram_a[10]              ; C13   ; 7A       ; 36           ; 45           ; 17           ; no              ; no                     ; 1         ; no              ; no         ; no            ; no       ; Off          ; 1.8 V        ; 4mA              ; Off                               ; --                        ; no                         ; no                          ; 0                   ; Off                         ; User                 ; -                    ; -                   ;
; dram_a[11]              ; F15   ; 7A       ; 46           ; 45           ; 57           ; no              ; no                     ; 1         ; no              ; no         ; no            ; no       ; Off          ; 1.8 V        ; 4mA              ; Off                               ; --                        ; no                         ; no                          ; 0                   ; Off                         ; User                 ; -                    ; -                   ;
; dram_a[12]              ; J17   ; 7A       ; 44           ; 45           ; 34           ; no              ; no                     ; 1         ; no              ; no         ; no            ; no       ; Off          ; 1.8 V        ; 4mA              ; Off                               ; --                        ; no                         ; no                          ; 0                   ; Off                         ; User                 ; -                    ; -                   ;
; dram_a[1]               ; D12   ; 7A       ; 32           ; 45           ; 40           ; no              ; no                     ; 1         ; no              ; no         ; no            ; no       ; Off          ; 1.8 V        ; 4mA              ; Off                               ; --                        ; no                         ; no                          ; 0                   ; Off                         ; User                 ; -                    ; -                   ;
; dram_a[2]               ; F12   ; 7A       ; 38           ; 45           ; 51           ; no              ; no                     ; 1         ; no              ; no         ; no            ; no       ; Off          ; 1.8 V        ; 4mA              ; Off                               ; --                        ; no                         ; no                          ; 0                   ; Off                         ; User                 ; -                    ; -                   ;
; dram_a[3]               ; E14   ; 7A       ; 40           ; 45           ; 40           ; no              ; no                     ; 1         ; no              ; no         ; no            ; no       ; Off          ; 1.8 V        ; 4mA              ; Off                               ; --                        ; no                         ; no                          ; 0                   ; Off                         ; User                 ; -                    ; -                   ;
; dram_a[4]               ; F13   ; 7A       ; 40           ; 45           ; 57           ; no              ; no                     ; 1         ; no              ; no         ; no            ; no       ; Off          ; 1.8 V        ; 4mA              ; Off                               ; --                        ; no                         ; no                          ; 0                   ; Off                         ; User                 ; -                    ; -                   ;
; dram_a[5]               ; E16   ; 7A       ; 50           ; 45           ; 17           ; no              ; no                     ; 1         ; no              ; no         ; no            ; no       ; Off          ; 1.8 V        ; 4mA              ; Off                               ; --                        ; no                         ; no                          ; 0                   ; Off                         ; User                 ; -                    ; -                   ;
; dram_a[6]               ; E15   ; 7A       ; 46           ; 45           ; 40           ; no              ; no                     ; 1         ; no              ; no         ; no            ; no       ; Off          ; 1.8 V        ; 4mA              ; Off                               ; --                        ; no                         ; no                          ; 0                   ; Off                         ; User                 ; -                    ; -                   ;
; dram_a[7]               ; F14   ; 7A       ; 43           ; 45           ; 51           ; no              ; no                     ; 1         ; no              ; no         ; no            ; no       ; Off          ; 1.8 V        ; 4mA              ; Off                               ; --                        ; no                         ; no                          ; 0                   ; Off                         ; User                 ; -                    ; -                   ;
; dram_a[8]               ; J18   ; 7A       ; 48           ; 45           ; 51           ; no              ; no                     ; 1         ; no              ; no         ; no            ; no       ; Off          ; 1.8 V        ; 4mA              ; Off                               ; --                        ; no                         ; no                          ; 0                   ; Off                         ; User                 ; -                    ; -                   ;
; dram_a[9]               ; G17   ; 7A       ; 50           ; 45           ; 34           ; no              ; no                     ; 1         ; no              ; no         ; no            ; no       ; Off          ; 1.8 V        ; 4mA              ; Off                               ; --                        ; no                         ; no                          ; 0                   ; Off                         ; User                 ; -                    ; -                   ;
; dram_ba[0]              ; C16   ; 7A       ; 52           ; 45           ; 51           ; no              ; no                     ; 1         ; no              ; no         ; no            ; no       ; Off          ; 1.8 V        ; 4mA              ; Off                               ; --                        ; no                         ; no                          ; 0                   ; Off                         ; User                 ; -                    ; -                   ;
; dram_ba[1]              ; E12   ; 7A       ; 32           ; 45           ; 57           ; no              ; no                     ; 1         ; no              ; no         ; no            ; no       ; Off          ; 1.8 V        ; 4mA              ; Off                               ; --                        ; no                         ; no                          ; 0                   ; Off                         ; User                 ; -                    ; -                   ;
; dram_cas_n              ; B16   ; 7A       ; 52           ; 45           ; 34           ; no              ; no                     ; 1         ; no              ; no         ; no            ; no       ; Off          ; 1.8 V        ; 4mA              ; Off                               ; --                        ; no                         ; no                          ; 0                   ; Off                         ; User                 ; -                    ; -                   ;
; dram_cke                ; G18   ; 7A       ; 48           ; 45           ; 0            ; no              ; no                     ; 1         ; no              ; no         ; no            ; no       ; Off          ; 1.8 V        ; 4mA              ; Off                               ; --                        ; no                         ; no                          ; 0                   ; Off                         ; User                 ; -                    ; -                   ;
; dram_clk                ; G12   ; 7A       ; 34           ; 45           ; 17           ; no              ; no                     ; 1         ; no              ; no         ; no            ; no       ; Off          ; 1.8 V        ; Default          ; Series 50 Ohm without Calibration ; --                        ; no                         ; no                          ; 0                   ; Off                         ; User                 ; -                    ; -                   ;
; dram_dqm[0]             ; D13   ; 7A       ; 36           ; 45           ; 0            ; no              ; no                     ; 1         ; no              ; no         ; no            ; no       ; Off          ; 1.8 V        ; 4mA              ; Off                               ; --                        ; no                         ; no                          ; 0                   ; Off                         ; User                 ; -                    ; -                   ;
; dram_dqm[1]             ; H18   ; 7A       ; 48           ; 45           ; 17           ; no              ; no                     ; 1         ; no              ; no         ; no            ; no       ; Off          ; 1.8 V        ; 4mA              ; Off                               ; --                        ; no                         ; no                          ; 0                   ; Off                         ; User                 ; -                    ; -                   ;
; dram_ras_n              ; B11   ; 7A       ; 32           ; 45           ; 91           ; no              ; no                     ; 1         ; no              ; no         ; no            ; no       ; Off          ; 1.8 V        ; 4mA              ; Off                               ; --                        ; no                         ; no                          ; 0                   ; Off                         ; User                 ; -                    ; -                   ;
; dram_we_n               ; C11   ; 7A       ; 32           ; 45           ; 74           ; no              ; no                     ; 1         ; no              ; no         ; no            ; no       ; Off          ; 1.8 V        ; 4mA              ; Off                               ; --                        ; no                         ; no                          ; 0                   ; Off                         ; User                 ; -                    ; -                   ;
; port_ir_rx_disable      ; L18   ; 5B       ; 54           ; 21           ; 20           ; no              ; no                     ; 1         ; no              ; no         ; no            ; no       ; Off          ; 1.8 V        ; 4mA              ; Off                               ; --                        ; no                         ; no                          ; 0                   ; Off                         ; User                 ; -                    ; -                   ;
; port_ir_tx              ; H11   ; 7A       ; 34           ; 45           ; 0            ; no              ; no                     ; 1         ; no              ; no         ; no            ; no       ; Off          ; 1.8 V        ; 4mA              ; Off                               ; --                        ; no                         ; no                          ; 0                   ; Off                         ; User                 ; -                    ; -                   ;
; port_tran_sck_dir       ; Y9    ; 3B       ; 23           ; 0            ; 74           ; no              ; no                     ; 1         ; no              ; no         ; no            ; no       ; Off          ; 3.3-V LVCMOS ; 2mA              ; Off                               ; --                        ; no                         ; no                          ; 0                   ; Off                         ; User                 ; -                    ; -                   ;
; port_tran_sd_dir        ; T9    ; 3B       ; 19           ; 0            ; 17           ; no              ; no                     ; 1         ; no              ; no         ; no            ; no       ; Off          ; 3.3-V LVCMOS ; 2mA              ; Off                               ; --                        ; no                         ; no                          ; 0                   ; Off                         ; User                 ; -                    ; -                   ;
; port_tran_si_dir        ; V9    ; 3B       ; 16           ; 0            ; 57           ; no              ; no                     ; 1         ; no              ; no         ; no            ; no       ; Off          ; 3.3-V LVCMOS ; 2mA              ; Off                               ; --                        ; no                         ; no                          ; 0                   ; Off                         ; User                 ; -                    ; -                   ;
; port_tran_so_dir        ; T13   ; 4A       ; 34           ; 0            ; 0            ; no              ; no                     ; 1         ; no              ; no         ; no            ; no       ; Off          ; 3.3-V LVCMOS ; 2mA              ; Off                               ; --                        ; no                         ; no                          ; 0                   ; Off                         ; User                 ; -                    ; -                   ;
; scal_auddac             ; K19   ; 7A       ; 52           ; 45           ; 17           ; no              ; no                     ; 1         ; no              ; no         ; no            ; no       ; Off          ; 1.8 V        ; Default          ; Series 50 Ohm without Calibration ; --                        ; no                         ; no                          ; 0                   ; Off                         ; User                 ; -                    ; -                   ;
; scal_audlrck            ; K17   ; 5B       ; 54           ; 20           ; 3            ; no              ; no                     ; 1         ; no              ; no         ; no            ; no       ; Off          ; 1.8 V        ; Default          ; Series 50 Ohm without Calibration ; --                        ; no                         ; no                          ; 0                   ; Off                         ; User                 ; -                    ; -                   ;
; scal_audmclk            ; K16   ; 7A       ; 44           ; 45           ; 51           ; no              ; no                     ; 1         ; no              ; no         ; no            ; no       ; Off          ; 1.8 V        ; Default          ; Series 50 Ohm without Calibration ; --                        ; no                         ; no                          ; 0                   ; Off                         ; User                 ; -                    ; -                   ;
; sram_a[0]               ; T14   ; 4A       ; 43           ; 0            ; 17           ; no              ; no                     ; 1         ; no              ; no         ; no            ; no       ; Off          ; 3.3-V LVCMOS ; 2mA              ; Off                               ; --                        ; no                         ; no                          ; 0                   ; Off                         ; User                 ; -                    ; -                   ;
; sram_a[10]              ; U11   ; 3B       ; 24           ; 0            ; 17           ; no              ; no                     ; 1         ; no              ; no         ; no            ; no       ; Off          ; 3.3-V LVCMOS ; 2mA              ; Off                               ; --                        ; no                         ; no                          ; 0                   ; Off                         ; User                 ; -                    ; -                   ;
; sram_a[11]              ; T10   ; 3B       ; 23           ; 0            ; 57           ; no              ; no                     ; 1         ; no              ; no         ; no            ; no       ; Off          ; 3.3-V LVCMOS ; 2mA              ; Off                               ; --                        ; no                         ; no                          ; 0                   ; Off                         ; User                 ; -                    ; -                   ;
; sram_a[12]              ; V14   ; 4A       ; 38           ; 0            ; 17           ; no              ; no                     ; 1         ; no              ; no         ; no            ; no       ; Off          ; 3.3-V LVCMOS ; 2mA              ; Off                               ; --                        ; no                         ; no                          ; 0                   ; Off                         ; User                 ; -                    ; -                   ;
; sram_a[13]              ; R10   ; 3B       ; 25           ; 0            ; 17           ; no              ; no                     ; 1         ; no              ; no         ; no            ; no       ; Off          ; 3.3-V LVCMOS ; 2mA              ; Off                               ; --                        ; no                         ; no                          ; 0                   ; Off                         ; User                 ; -                    ; -                   ;
; sram_a[14]              ; U15   ; 4A       ; 43           ; 0            ; 0            ; no              ; no                     ; 1         ; no              ; no         ; no            ; no       ; Off          ; 3.3-V LVCMOS ; 2mA              ; Off                               ; --                        ; no                         ; no                          ; 0                   ; Off                         ; User                 ; -                    ; -                   ;
; sram_a[15]              ; U12   ; 3B       ; 24           ; 0            ; 0            ; no              ; no                     ; 1         ; no              ; no         ; no            ; no       ; Off          ; 3.3-V LVCMOS ; 2mA              ; Off                               ; --                        ; no                         ; no                          ; 0                   ; Off                         ; User                 ; -                    ; -                   ;
; sram_a[16]              ; V16   ; 4A       ; 46           ; 0            ; 17           ; no              ; no                     ; 1         ; no              ; no         ; no            ; no       ; Off          ; 3.3-V LVCMOS ; 2mA              ; Off                               ; --                        ; no                         ; no                          ; 0                   ; Off                         ; User                 ; -                    ; -                   ;
; sram_a[1]               ; M9    ; 3B       ; 22           ; 0            ; 0            ; no              ; no                     ; 1         ; no              ; no         ; no            ; no       ; Off          ; 3.3-V LVCMOS ; 2mA              ; Off                               ; --                        ; no                         ; no                          ; 0                   ; Off                         ; User                 ; -                    ; -                   ;
; sram_a[2]               ; M8    ; 3B       ; 22           ; 0            ; 17           ; no              ; no                     ; 1         ; no              ; no         ; no            ; no       ; Off          ; 3.3-V LVCMOS ; 2mA              ; Off                               ; --                        ; no                         ; no                          ; 0                   ; Off                         ; User                 ; -                    ; -                   ;
; sram_a[3]               ; U21   ; 4A       ; 52           ; 0            ; 51           ; no              ; no                     ; 1         ; no              ; no         ; no            ; no       ; Off          ; 3.3-V LVCMOS ; 2mA              ; Off                               ; --                        ; no                         ; no                          ; 0                   ; Off                         ; User                 ; -                    ; -                   ;
; sram_a[4]               ; N9    ; 3B       ; 29           ; 0            ; 0            ; no              ; no                     ; 1         ; no              ; no         ; no            ; no       ; Off          ; 3.3-V LVCMOS ; 2mA              ; Off                               ; --                        ; no                         ; no                          ; 0                   ; Off                         ; User                 ; -                    ; -                   ;
; sram_a[5]               ; V19   ; 4A       ; 51           ; 0            ; 17           ; no              ; no                     ; 1         ; no              ; no         ; no            ; no       ; Off          ; 3.3-V LVCMOS ; 2mA              ; Off                               ; --                        ; no                         ; no                          ; 0                   ; Off                         ; User                 ; -                    ; -                   ;
; sram_a[6]               ; P8    ; 3B       ; 18           ; 0            ; 17           ; no              ; no                     ; 1         ; no              ; no         ; no            ; no       ; Off          ; 3.3-V LVCMOS ; 2mA              ; Off                               ; --                        ; no                         ; no                          ; 0                   ; Off                         ; User                 ; -                    ; -                   ;
; sram_a[7]               ; Y19   ; 4A       ; 48           ; 0            ; 40           ; no              ; no                     ; 1         ; no              ; no         ; no            ; no       ; Off          ; 3.3-V LVCMOS ; 2mA              ; Off                               ; --                        ; no                         ; no                          ; 0                   ; Off                         ; User                 ; -                    ; -                   ;
; sram_a[8]               ; U13   ; 4A       ; 33           ; 0            ; 40           ; no              ; no                     ; 1         ; no              ; no         ; no            ; no       ; Off          ; 3.3-V LVCMOS ; 2mA              ; Off                               ; --                        ; no                         ; no                          ; 0                   ; Off                         ; User                 ; -                    ; -                   ;
; sram_a[9]               ; Y14   ; 4A       ; 36           ; 0            ; 17           ; no              ; no                     ; 1         ; no              ; no         ; no            ; no       ; Off          ; 3.3-V LVCMOS ; 2mA              ; Off                               ; --                        ; no                         ; no                          ; 0                   ; Off                         ; User                 ; -                    ; -                   ;
; sram_lb_n               ; P12   ; 3B       ; 24           ; 0            ; 34           ; no              ; no                     ; 1         ; no              ; no         ; no            ; no       ; Off          ; 3.3-V LVCMOS ; 2mA              ; Off                               ; --                        ; no                         ; no                          ; 0                   ; Off                         ; User                 ; -                    ; -                   ;
; sram_oe_n               ; R14   ; 4A       ; 50           ; 0            ; 0            ; no              ; no                     ; 1         ; no              ; no         ; no            ; no       ; Off          ; 3.3-V LVCMOS ; 2mA              ; Off                               ; --                        ; no                         ; no                          ; 0                   ; Off                         ; User                 ; -                    ; -                   ;
; sram_ub_n               ; U17   ; 4A       ; 52           ; 0            ; 0            ; no              ; no                     ; 1         ; no              ; no         ; no            ; no       ; Off          ; 3.3-V LVCMOS ; 2mA              ; Off                               ; --                        ; no                         ; no                          ; 0                   ; Off                         ; User                 ; -                    ; -                   ;
; sram_we_n               ; R11   ; 3B       ; 25           ; 0            ; 0            ; no              ; no                     ; 1         ; no              ; no         ; no            ; no       ; Off          ; 3.3-V LVCMOS ; 2mA              ; Off                               ; --                        ; no                         ; no                          ; 0                   ; Off                         ; User                 ; -                    ; -                   ;
; user1                   ; M22   ; 5B       ; 54           ; 19           ; 37           ; no              ; no                     ; 1         ; no              ; yes        ; no            ; no       ; Off          ; 1.8 V        ; Default          ; Series 50 Ohm without Calibration ; --                        ; no                         ; no                          ; 0                   ; Off                         ; User                 ; -                    ; -                   ;
; vpll_feed               ; P16   ; 5A       ; 54           ; 17           ; 3            ; no              ; no                     ; 1         ; no              ; yes        ; no            ; no       ; Off          ; 1.8 V        ; Default          ; Series 50 Ohm without Calibration ; --                        ; no                         ; no                          ; 0                   ; Off                         ; User                 ; -                    ; -                   ;
+-------------------------+-------+----------+--------------+--------------+--------------+-----------------+------------------------+-----------+-----------------+------------+---------------+----------+--------------+--------------+------------------+-----------------------------------+---------------------------+----------------------------+-----------------------------+---------------------+-----------------------------+----------------------+----------------------+---------------------+


+-------------------------------------------------------------------------------------------------------------------------------------------------------------------------------------------------------------------------------------------------------------------------------------------------------------------------------------------------------------------------------------------------------------------------------------------------------------------------------------------------------------------------------------------------------------------------------------+
; Bidir Pins                                                                                                                                                                                                                                                                                                                                                                                                                                                                                                                                                                          ;
+--------------------+-------+----------+--------------+--------------+--------------+-----------------------+--------------------+--------+----------------+-----------------+------------------------+-----------+-----------------+------------+----------+--------------+--------------+------------------+-------------------+-----------------------------------+---------------------------+----------------------------+---------------------+-----------------------------+----------------------+----------------------+----------------------------------------------------+
; Name               ; Pin # ; I/O Bank ; X coordinate ; Y coordinate ; Z coordinate ; Combinational Fan-Out ; Registered Fan-Out ; Global ; Input Register ; Output Register ; Output Enable Register ; Slew Rate ; PCI I/O Enabled ; Open Drain ; Bus Hold ; Weak Pull Up ; I/O Standard ; Current Strength ; Input Termination ; Output Termination                ; Termination Control Block ; Output Buffer Pre-emphasis ; Output Buffer Delay ; Output Buffer Delay Control ; Location assigned by ; Output Enable Source ; Output Enable Group                                ;
+--------------------+-------+----------+--------------+--------------+--------------+-----------------------+--------------------+--------+----------------+-----------------+------------------------+-----------+-----------------+------------+----------+--------------+--------------+------------------+-------------------+-----------------------------------+---------------------------+----------------------------+---------------------+-----------------------------+----------------------+----------------------+----------------------------------------------------+
; aux_sda            ; M18   ; 5B       ; 54           ; 19           ; 20           ; 0                     ; 0                  ; no     ; no             ; no              ; no                     ; 1         ; no              ; yes        ; no       ; Off          ; 1.8 V        ; 4mA              ; Off               ; Off                               ; --                        ; no                         ; 0                   ; Off                         ; User                 ; 0 pF                 ; -                                                  ;
; bist               ; U10   ; 3B       ; 19           ; 0            ; 0            ; 0                     ; 0                  ; no     ; no             ; no              ; no                     ; 1         ; no              ; yes        ; no       ; Off          ; 3.3-V LVCMOS ; 2mA              ; Off               ; Off                               ; --                        ; no                         ; 0                   ; Off                         ; User                 ; 0 pF                 ; -                                                  ;
; bridge_1wire       ; L19   ; 5B       ; 54           ; 21           ; 3            ; 1                     ; 0                  ; no     ; no             ; no              ; no                     ; 1         ; no              ; no         ; no       ; On           ; 1.8 V        ; 8mA              ; Off               ; Off                               ; --                        ; no                         ; 0                   ; Off                         ; User                 ; 0 pF                 ; io_pad_controller:ipm|pad_1wire~en (inverted)      ;
; bridge_spiclk      ; T17   ; 5A       ; 54           ; 14           ; 60           ; 19                    ; 0                  ; yes    ; no             ; no              ; no                     ; 1         ; no              ; no         ; no       ; On           ; 1.8 V        ; 8mA              ; Off               ; Off                               ; --                        ; no                         ; 0                   ; Off                         ; User                 ; 0 pF                 ; io_bridge_peripheral:ibs|phy_spiclk~en (inverted)  ;
; bridge_spimiso     ; M21   ; 5B       ; 54           ; 20           ; 54           ; 4                     ; 0                  ; no     ; no             ; no              ; no                     ; 1         ; no              ; no         ; no       ; On           ; 1.8 V        ; 8mA              ; Off               ; Off                               ; --                        ; no                         ; 0                   ; Off                         ; User                 ; 0 pF                 ; io_bridge_peripheral:ibs|phy_spimiso~en (inverted) ;
; bridge_spimosi     ; M20   ; 5B       ; 54           ; 20           ; 37           ; 4                     ; 0                  ; no     ; no             ; no              ; no                     ; 1         ; no              ; no         ; no       ; On           ; 1.8 V        ; 8mA              ; Off               ; Off                               ; --                        ; no                         ; 0                   ; Off                         ; User                 ; 0 pF                 ; io_bridge_peripheral:ibs|phy_spimosi~en (inverted) ;
; cart_tran_bank0[4] ; AB7   ; 3B       ; 18           ; 0            ; 34           ; 0                     ; 0                  ; no     ; no             ; no              ; no                     ; 1         ; no              ; no         ; no       ; Off          ; 3.3-V LVCMOS ; 2mA              ; Off               ; Off                               ; --                        ; no                         ; 0                   ; Off                         ; User                 ; 0 pF                 ; -                                                  ;
; cart_tran_bank0[5] ; AA8   ; 3B       ; 19           ; 0            ; 51           ; 0                     ; 0                  ; no     ; no             ; no              ; no                     ; 1         ; no              ; no         ; no       ; Off          ; 3.3-V LVCMOS ; 2mA              ; Off               ; Off                               ; --                        ; no                         ; 0                   ; Off                         ; User                 ; 0 pF                 ; -                                                  ;
; cart_tran_bank0[6] ; AB8   ; 3B       ; 19           ; 0            ; 34           ; 0                     ; 0                  ; no     ; no             ; no              ; no                     ; 1         ; no              ; no         ; no       ; Off          ; 3.3-V LVCMOS ; 2mA              ; Off               ; Off                               ; --                        ; no                         ; 0                   ; Off                         ; User                 ; 0 pF                 ; -                                                  ;
; cart_tran_bank0[7] ; AA9   ; 3B       ; 22           ; 0            ; 34           ; 0                     ; 0                  ; no     ; no             ; no              ; no                     ; 1         ; no              ; no         ; no       ; Off          ; 3.3-V LVCMOS ; 2mA              ; Off               ; Off                               ; --                        ; no                         ; 0                   ; Off                         ; User                 ; 0 pF                 ; -                                                  ;
; cart_tran_bank1[0] ; AB13  ; 4A       ; 33           ; 0            ; 91           ; 0                     ; 0                  ; no     ; no             ; no              ; no                     ; 1         ; no              ; yes        ; no       ; Off          ; 3.3-V LVCMOS ; 2mA              ; Off               ; Off                               ; --                        ; no                         ; 0                   ; Off                         ; User                 ; 0 pF                 ; -                                                  ;
; cart_tran_bank1[1] ; AA12  ; 3B       ; 29           ; 0            ; 34           ; 0                     ; 0                  ; no     ; no             ; no              ; no                     ; 1         ; no              ; yes        ; no       ; Off          ; 3.3-V LVCMOS ; 2mA              ; Off               ; Off                               ; --                        ; no                         ; 0                   ; Off                         ; User                 ; 0 pF                 ; -                                                  ;
; cart_tran_bank1[2] ; AB12  ; 4A       ; 33           ; 0            ; 74           ; 0                     ; 0                  ; no     ; no             ; no              ; no                     ; 1         ; no              ; yes        ; no       ; Off          ; 3.3-V LVCMOS ; 2mA              ; Off               ; Off                               ; --                        ; no                         ; 0                   ; Off                         ; User                 ; 0 pF                 ; -                                                  ;
; cart_tran_bank1[3] ; Y11   ; 3B       ; 29           ; 0            ; 51           ; 0                     ; 0                  ; no     ; no             ; no              ; no                     ; 1         ; no              ; yes        ; no       ; Off          ; 3.3-V LVCMOS ; 2mA              ; Off               ; Off                               ; --                        ; no                         ; 0                   ; Off                         ; User                 ; 0 pF                 ; -                                                  ;
; cart_tran_bank1[4] ; AB11  ; 3B       ; 25           ; 0            ; 34           ; 0                     ; 0                  ; no     ; no             ; no              ; no                     ; 1         ; no              ; yes        ; no       ; Off          ; 3.3-V LVCMOS ; 2mA              ; Off               ; Off                               ; --                        ; no                         ; 0                   ; Off                         ; User                 ; 0 pF                 ; -                                                  ;
; cart_tran_bank1[5] ; Y10   ; 3B       ; 23           ; 0            ; 91           ; 0                     ; 0                  ; no     ; no             ; no              ; no                     ; 1         ; no              ; yes        ; no       ; Off          ; 3.3-V LVCMOS ; 2mA              ; Off               ; Off                               ; --                        ; no                         ; 0                   ; Off                         ; User                 ; 0 pF                 ; -                                                  ;
; cart_tran_bank1[6] ; AB10  ; 3B       ; 25           ; 0            ; 51           ; 0                     ; 0                  ; no     ; no             ; no              ; no                     ; 1         ; no              ; yes        ; no       ; Off          ; 3.3-V LVCMOS ; 2mA              ; Off               ; Off                               ; --                        ; no                         ; 0                   ; Off                         ; User                 ; 0 pF                 ; -                                                  ;
; cart_tran_bank1[7] ; AA10  ; 3B       ; 22           ; 0            ; 51           ; 0                     ; 0                  ; no     ; no             ; no              ; no                     ; 1         ; no              ; yes        ; no       ; Off          ; 3.3-V LVCMOS ; 2mA              ; Off               ; Off                               ; --                        ; no                         ; 0                   ; Off                         ; User                 ; 0 pF                 ; -                                                  ;
; cart_tran_bank2[0] ; AB20  ; 4A       ; 40           ; 0            ; 91           ; 0                     ; 0                  ; no     ; no             ; no              ; no                     ; 1         ; no              ; yes        ; no       ; Off          ; 3.3-V LVCMOS ; 2mA              ; Off               ; Off                               ; --                        ; no                         ; 0                   ; Off                         ; User                 ; 0 pF                 ; -                                                  ;
; cart_tran_bank2[1] ; AA19  ; 4A       ; 44           ; 0            ; 51           ; 0                     ; 0                  ; no     ; no             ; no              ; no                     ; 1         ; no              ; yes        ; no       ; Off          ; 3.3-V LVCMOS ; 2mA              ; Off               ; Off                               ; --                        ; no                         ; 0                   ; Off                         ; User                 ; 0 pF                 ; -                                                  ;
; cart_tran_bank2[2] ; AA18  ; 4A       ; 43           ; 0            ; 34           ; 0                     ; 0                  ; no     ; no             ; no              ; no                     ; 1         ; no              ; yes        ; no       ; Off          ; 3.3-V LVCMOS ; 2mA              ; Off               ; Off                               ; --                        ; no                         ; 0                   ; Off                         ; User                 ; 0 pF                 ; -                                                  ;
; cart_tran_bank2[3] ; AB18  ; 4A       ; 38           ; 0            ; 34           ; 0                     ; 0                  ; no     ; no             ; no              ; no                     ; 1         ; no              ; yes        ; no       ; Off          ; 3.3-V LVCMOS ; 2mA              ; Off               ; Off                               ; --                        ; no                         ; 0                   ; Off                         ; User                 ; 0 pF                 ; -                                                  ;
; cart_tran_bank2[4] ; AA17  ; 4A       ; 43           ; 0            ; 51           ; 0                     ; 0                  ; no     ; no             ; no              ; no                     ; 1         ; no              ; yes        ; no       ; Off          ; 3.3-V LVCMOS ; 2mA              ; Off               ; Off                               ; --                        ; no                         ; 0                   ; Off                         ; User                 ; 0 pF                 ; -                                                  ;
; cart_tran_bank2[5] ; AB17  ; 4A       ; 38           ; 0            ; 51           ; 0                     ; 0                  ; no     ; no             ; no              ; no                     ; 1         ; no              ; yes        ; no       ; Off          ; 3.3-V LVCMOS ; 2mA              ; Off               ; Off                               ; --                        ; no                         ; 0                   ; Off                         ; User                 ; 0 pF                 ; -                                                  ;
; cart_tran_bank2[6] ; AA15  ; 4A       ; 36           ; 0            ; 34           ; 0                     ; 0                  ; no     ; no             ; no              ; no                     ; 1         ; no              ; yes        ; no       ; Off          ; 3.3-V LVCMOS ; 2mA              ; Off               ; Off                               ; --                        ; no                         ; 0                   ; Off                         ; User                 ; 0 pF                 ; -                                                  ;
; cart_tran_bank2[7] ; AB15  ; 4A       ; 36           ; 0            ; 51           ; 0                     ; 0                  ; no     ; no             ; no              ; no                     ; 1         ; no              ; yes        ; no       ; Off          ; 3.3-V LVCMOS ; 2mA              ; Off               ; Off                               ; --                        ; no                         ; 0                   ; Off                         ; User                 ; 0 pF                 ; -                                                  ;
; cart_tran_bank3[0] ; W22   ; 4A       ; 48           ; 0            ; 74           ; 0                     ; 0                  ; no     ; no             ; no              ; no                     ; 1         ; no              ; yes        ; no       ; Off          ; 3.3-V LVCMOS ; 2mA              ; Off               ; Off                               ; --                        ; no                         ; 0                   ; Off                         ; User                 ; 0 pF                 ; -                                                  ;
; cart_tran_bank3[1] ; W21   ; 4A       ; 50           ; 0            ; 34           ; 0                     ; 0                  ; no     ; no             ; no              ; no                     ; 1         ; no              ; yes        ; no       ; Off          ; 3.3-V LVCMOS ; 2mA              ; Off               ; Off                               ; --                        ; no                         ; 0                   ; Off                         ; User                 ; 0 pF                 ; -                                                  ;
; cart_tran_bank3[2] ; Y22   ; 4A       ; 48           ; 0            ; 91           ; 0                     ; 0                  ; no     ; no             ; no              ; no                     ; 1         ; no              ; yes        ; no       ; Off          ; 3.3-V LVCMOS ; 2mA              ; Off               ; Off                               ; --                        ; no                         ; 0                   ; Off                         ; User                 ; 0 pF                 ; -                                                  ;
; cart_tran_bank3[3] ; Y21   ; 4A       ; 50           ; 0            ; 51           ; 0                     ; 0                  ; no     ; no             ; no              ; no                     ; 1         ; no              ; yes        ; no       ; Off          ; 3.3-V LVCMOS ; 2mA              ; Off               ; Off                               ; --                        ; no                         ; 0                   ; Off                         ; User                 ; 0 pF                 ; -                                                  ;
; cart_tran_bank3[4] ; AA22  ; 4A       ; 46           ; 0            ; 34           ; 0                     ; 0                  ; no     ; no             ; no              ; no                     ; 1         ; no              ; yes        ; no       ; Off          ; 3.3-V LVCMOS ; 2mA              ; Off               ; Off                               ; --                        ; no                         ; 0                   ; Off                         ; User                 ; 0 pF                 ; -                                                  ;
; cart_tran_bank3[5] ; AB22  ; 4A       ; 46           ; 0            ; 51           ; 0                     ; 0                  ; no     ; no             ; no              ; no                     ; 1         ; no              ; yes        ; no       ; Off          ; 3.3-V LVCMOS ; 2mA              ; Off               ; Off                               ; --                        ; no                         ; 0                   ; Off                         ; User                 ; 0 pF                 ; -                                                  ;
; cart_tran_bank3[6] ; AB21  ; 4A       ; 40           ; 0            ; 74           ; 0                     ; 0                  ; no     ; no             ; no              ; no                     ; 1         ; no              ; yes        ; no       ; Off          ; 3.3-V LVCMOS ; 2mA              ; Off               ; Off                               ; --                        ; no                         ; 0                   ; Off                         ; User                 ; 0 pF                 ; -                                                  ;
; cart_tran_bank3[7] ; AA20  ; 4A       ; 44           ; 0            ; 34           ; 0                     ; 0                  ; no     ; no             ; no              ; no                     ; 1         ; no              ; yes        ; no       ; Off          ; 3.3-V LVCMOS ; 2mA              ; Off               ; Off                               ; --                        ; no                         ; 0                   ; Off                         ; User                 ; 0 pF                 ; -                                                  ;
; cart_tran_pin30    ; L8    ; 7A       ; 34           ; 45           ; 34           ; 0                     ; 0                  ; no     ; no             ; no              ; no                     ; 1         ; no              ; yes        ; no       ; Off          ; 1.8 V        ; 4mA              ; Off               ; Off                               ; --                        ; no                         ; 0                   ; Off                         ; User                 ; 0 pF                 ; -                                                  ;
; cart_tran_pin31    ; K9    ; 7A       ; 34           ; 45           ; 51           ; 0                     ; 0                  ; no     ; no             ; no              ; no                     ; 1         ; no              ; yes        ; no       ; Off          ; 1.8 V        ; 4mA              ; Off               ; Off                               ; --                        ; no                         ; 0                   ; Off                         ; User                 ; 0 pF                 ; -                                                  ;
; cram0_dq[0]        ; B10   ; 8A       ; 16           ; 45           ; 40           ; 0                     ; 0                  ; no     ; no             ; no              ; no                     ; 1         ; no              ; yes        ; no       ; Off          ; 1.8 V        ; 4mA              ; Off               ; Off                               ; --                        ; no                         ; 0                   ; Off                         ; User                 ; 0 pF                 ; -                                                  ;
; cram0_dq[10]       ; D9    ; 8A       ; 10           ; 45           ; 17           ; 0                     ; 0                  ; no     ; no             ; no              ; no                     ; 1         ; no              ; yes        ; no       ; Off          ; 1.8 V        ; 4mA              ; Off               ; Off                               ; --                        ; no                         ; 0                   ; Off                         ; User                 ; 0 pF                 ; -                                                  ;
; cram0_dq[11]       ; A8    ; 8A       ; 12           ; 45           ; 0            ; 0                     ; 0                  ; no     ; no             ; no              ; no                     ; 1         ; no              ; yes        ; no       ; Off          ; 1.8 V        ; 4mA              ; Off               ; Off                               ; --                        ; no                         ; 0                   ; Off                         ; User                 ; 0 pF                 ; -                                                  ;
; cram0_dq[12]       ; E7    ; 8A       ; 8            ; 45           ; 91           ; 0                     ; 0                  ; no     ; no             ; no              ; no                     ; 1         ; no              ; yes        ; no       ; Off          ; 1.8 V        ; 4mA              ; Off               ; Off                               ; --                        ; no                         ; 0                   ; Off                         ; User                 ; 0 pF                 ; -                                                  ;
; cram0_dq[13]       ; F9    ; 8A       ; 14           ; 45           ; 17           ; 0                     ; 0                  ; no     ; no             ; no              ; no                     ; 1         ; no              ; yes        ; no       ; Off          ; 1.8 V        ; 4mA              ; Off               ; Off                               ; --                        ; no                         ; 0                   ; Off                         ; User                 ; 0 pF                 ; -                                                  ;
; cram0_dq[14]       ; L7    ; 8A       ; 22           ; 45           ; 34           ; 0                     ; 0                  ; no     ; no             ; no              ; no                     ; 1         ; no              ; yes        ; no       ; Off          ; 1.8 V        ; 4mA              ; Off               ; Off                               ; --                        ; no                         ; 0                   ; Off                         ; User                 ; 0 pF                 ; -                                                  ;
; cram0_dq[15]       ; J9    ; 8A       ; 18           ; 45           ; 0            ; 0                     ; 0                  ; no     ; no             ; no              ; no                     ; 1         ; no              ; yes        ; no       ; Off          ; 1.8 V        ; 4mA              ; Off               ; Off                               ; --                        ; no                         ; 0                   ; Off                         ; User                 ; 0 pF                 ; -                                                  ;
; cram0_dq[1]        ; C8    ; 8A       ; 10           ; 45           ; 51           ; 0                     ; 0                  ; no     ; no             ; no              ; no                     ; 1         ; no              ; yes        ; no       ; Off          ; 1.8 V        ; 4mA              ; Off               ; Off                               ; --                        ; no                         ; 0                   ; Off                         ; User                 ; 0 pF                 ; -                                                  ;
; cram0_dq[2]        ; A9    ; 8A       ; 18           ; 45           ; 51           ; 0                     ; 0                  ; no     ; no             ; no              ; no                     ; 1         ; no              ; yes        ; no       ; Off          ; 1.8 V        ; 4mA              ; Off               ; Off                               ; --                        ; no                         ; 0                   ; Off                         ; User                 ; 0 pF                 ; -                                                  ;
; cram0_dq[3]        ; D7    ; 8A       ; 10           ; 45           ; 34           ; 0                     ; 0                  ; no     ; no             ; no              ; no                     ; 1         ; no              ; yes        ; no       ; Off          ; 1.8 V        ; 4mA              ; Off               ; Off                               ; --                        ; no                         ; 0                   ; Off                         ; User                 ; 0 pF                 ; -                                                  ;
; cram0_dq[4]        ; E9    ; 8A       ; 10           ; 45           ; 0            ; 0                     ; 0                  ; no     ; no             ; no              ; no                     ; 1         ; no              ; yes        ; no       ; Off          ; 1.8 V        ; 4mA              ; Off               ; Off                               ; --                        ; no                         ; 0                   ; Off                         ; User                 ; 0 pF                 ; -                                                  ;
; cram0_dq[5]        ; F10   ; 8A       ; 22           ; 45           ; 17           ; 0                     ; 0                  ; no     ; no             ; no              ; no                     ; 1         ; no              ; yes        ; no       ; Off          ; 1.8 V        ; 4mA              ; Off               ; Off                               ; --                        ; no                         ; 0                   ; Off                         ; User                 ; 0 pF                 ; -                                                  ;
; cram0_dq[6]        ; G6    ; 8A       ; 8            ; 45           ; 40           ; 0                     ; 0                  ; no     ; no             ; no              ; no                     ; 1         ; no              ; yes        ; no       ; Off          ; 1.8 V        ; 4mA              ; Off               ; Off                               ; --                        ; no                         ; 0                   ; Off                         ; User                 ; 0 pF                 ; -                                                  ;
; cram0_dq[7]        ; J7    ; 8A       ; 20           ; 45           ; 0            ; 0                     ; 0                  ; no     ; no             ; no              ; no                     ; 1         ; no              ; yes        ; no       ; Off          ; 1.8 V        ; 4mA              ; Off               ; Off                               ; --                        ; no                         ; 0                   ; Off                         ; User                 ; 0 pF                 ; -                                                  ;
; cram0_dq[8]        ; C9    ; 8A       ; 16           ; 45           ; 57           ; 0                     ; 0                  ; no     ; no             ; no              ; no                     ; 1         ; no              ; yes        ; no       ; Off          ; 1.8 V        ; 4mA              ; Off               ; Off                               ; --                        ; no                         ; 0                   ; Off                         ; User                 ; 0 pF                 ; -                                                  ;
; cram0_dq[9]        ; A10   ; 8A       ; 18           ; 45           ; 34           ; 0                     ; 0                  ; no     ; no             ; no              ; no                     ; 1         ; no              ; yes        ; no       ; Off          ; 1.8 V        ; 4mA              ; Off               ; Off                               ; --                        ; no                         ; 0                   ; Off                         ; User                 ; 0 pF                 ; -                                                  ;
; cram1_dq[0]        ; C1    ; 2A       ; 0            ; 21           ; 54           ; 0                     ; 0                  ; no     ; no             ; no              ; no                     ; 1         ; no              ; yes        ; no       ; Off          ; 1.8 V        ; 4mA              ; Off               ; Off                               ; --                        ; no                         ; 0                   ; Off                         ; User                 ; 0 pF                 ; -                                                  ;
; cram1_dq[10]       ; N6    ; 3A       ; 11           ; 0            ; 0            ; 0                     ; 0                  ; no     ; no             ; no              ; no                     ; 1         ; no              ; yes        ; no       ; Off          ; 1.8 V        ; 4mA              ; Off               ; Off                               ; --                        ; no                         ; 0                   ; Off                         ; User                 ; 0 pF                 ; -                                                  ;
; cram1_dq[11]       ; P7    ; 3A       ; 14           ; 0            ; 34           ; 0                     ; 0                  ; no     ; no             ; no              ; no                     ; 1         ; no              ; yes        ; no       ; Off          ; 1.8 V        ; 4mA              ; Off               ; Off                               ; --                        ; no                         ; 0                   ; Off                         ; User                 ; 0 pF                 ; -                                                  ;
; cram1_dq[12]       ; R6    ; 3A       ; 10           ; 0            ; 57           ; 0                     ; 0                  ; no     ; no             ; no              ; no                     ; 1         ; no              ; yes        ; no       ; Off          ; 1.8 V        ; 4mA              ; Off               ; Off                               ; --                        ; no                         ; 0                   ; Off                         ; User                 ; 0 pF                 ; -                                                  ;
; cram1_dq[13]       ; R7    ; 3A       ; 14           ; 0            ; 51           ; 0                     ; 0                  ; no     ; no             ; no              ; no                     ; 1         ; no              ; yes        ; no       ; Off          ; 1.8 V        ; 4mA              ; Off               ; Off                               ; --                        ; no                         ; 0                   ; Off                         ; User                 ; 0 pF                 ; -                                                  ;
; cram1_dq[14]       ; U6    ; 3A       ; 12           ; 0            ; 51           ; 0                     ; 0                  ; no     ; no             ; no              ; no                     ; 1         ; no              ; yes        ; no       ; Off          ; 1.8 V        ; 4mA              ; Off               ; Off                               ; --                        ; no                         ; 0                   ; Off                         ; User                 ; 0 pF                 ; -                                                  ;
; cram1_dq[15]       ; W8    ; 3A       ; 11           ; 0            ; 51           ; 0                     ; 0                  ; no     ; no             ; no              ; no                     ; 1         ; no              ; yes        ; no       ; Off          ; 1.8 V        ; 4mA              ; Off               ; Off                               ; --                        ; no                         ; 0                   ; Off                         ; User                 ; 0 pF                 ; -                                                  ;
; cram1_dq[1]        ; G2    ; 2A       ; 0            ; 21           ; 3            ; 0                     ; 0                  ; no     ; no             ; no              ; no                     ; 1         ; no              ; yes        ; no       ; Off          ; 1.8 V        ; 4mA              ; Off               ; Off                               ; --                        ; no                         ; 0                   ; Off                         ; User                 ; 0 pF                 ; -                                                  ;
; cram1_dq[2]        ; E2    ; 2A       ; 0            ; 20           ; 20           ; 0                     ; 0                  ; no     ; no             ; no              ; no                     ; 1         ; no              ; yes        ; no       ; Off          ; 1.8 V        ; 4mA              ; Off               ; Off                               ; --                        ; no                         ; 0                   ; Off                         ; User                 ; 0 pF                 ; -                                                  ;
; cram1_dq[3]        ; P6    ; 3A       ; 11           ; 0            ; 17           ; 0                     ; 0                  ; no     ; no             ; no              ; no                     ; 1         ; no              ; yes        ; no       ; Off          ; 1.8 V        ; 4mA              ; Off               ; Off                               ; --                        ; no                         ; 0                   ; Off                         ; User                 ; 0 pF                 ; -                                                  ;
; cram1_dq[4]        ; R5    ; 3A       ; 10           ; 0            ; 40           ; 0                     ; 0                  ; no     ; no             ; no              ; no                     ; 1         ; no              ; yes        ; no       ; Off          ; 1.8 V        ; 4mA              ; Off               ; Off                               ; --                        ; no                         ; 0                   ; Off                         ; User                 ; 0 pF                 ; -                                                  ;
; cram1_dq[5]        ; M6    ; 3A       ; 14           ; 0            ; 17           ; 0                     ; 0                  ; no     ; no             ; no              ; no                     ; 1         ; no              ; yes        ; no       ; Off          ; 1.8 V        ; 4mA              ; Off               ; Off                               ; --                        ; no                         ; 0                   ; Off                         ; User                 ; 0 pF                 ; -                                                  ;
; cram1_dq[6]        ; U7    ; 3A       ; 10           ; 0            ; 91           ; 0                     ; 0                  ; no     ; no             ; no              ; no                     ; 1         ; no              ; yes        ; no       ; Off          ; 1.8 V        ; 4mA              ; Off               ; Off                               ; --                        ; no                         ; 0                   ; Off                         ; User                 ; 0 pF                 ; -                                                  ;
; cram1_dq[7]        ; V6    ; 3A       ; 12           ; 0            ; 34           ; 0                     ; 0                  ; no     ; no             ; no              ; no                     ; 1         ; no              ; yes        ; no       ; Off          ; 1.8 V        ; 4mA              ; Off               ; Off                               ; --                        ; no                         ; 0                   ; Off                         ; User                 ; 0 pF                 ; -                                                  ;
; cram1_dq[8]        ; D3    ; 2A       ; 0            ; 20           ; 3            ; 0                     ; 0                  ; no     ; no             ; no              ; no                     ; 1         ; no              ; yes        ; no       ; Off          ; 1.8 V        ; 4mA              ; Off               ; Off                               ; --                        ; no                         ; 0                   ; Off                         ; User                 ; 0 pF                 ; -                                                  ;
; cram1_dq[9]        ; C2    ; 2A       ; 0            ; 21           ; 37           ; 0                     ; 0                  ; no     ; no             ; no              ; no                     ; 1         ; no              ; yes        ; no       ; Off          ; 1.8 V        ; 4mA              ; Off               ; Off                               ; --                        ; no                         ; 0                   ; Off                         ; User                 ; 0 pF                 ; -                                                  ;
; dram_dq[0]         ; C15   ; 7A       ; 43           ; 45           ; 0            ; 0                     ; 0                  ; no     ; no             ; no              ; no                     ; 1         ; no              ; yes        ; no       ; Off          ; 1.8 V        ; 4mA              ; Off               ; Off                               ; --                        ; no                         ; 0                   ; Off                         ; User                 ; 0 pF                 ; -                                                  ;
; dram_dq[10]        ; G16   ; 7A       ; 50           ; 45           ; 51           ; 0                     ; 0                  ; no     ; no             ; no              ; no                     ; 1         ; no              ; yes        ; no       ; Off          ; 1.8 V        ; 4mA              ; Off               ; Off                               ; --                        ; no                         ; 0                   ; Off                         ; User                 ; 0 pF                 ; -                                                  ;
; dram_dq[11]        ; G13   ; 7A       ; 38           ; 45           ; 17           ; 0                     ; 0                  ; no     ; no             ; no              ; no                     ; 1         ; no              ; yes        ; no       ; Off          ; 1.8 V        ; 4mA              ; Off               ; Off                               ; --                        ; no                         ; 0                   ; Off                         ; User                 ; 0 pF                 ; -                                                  ;
; dram_dq[12]        ; H13   ; 7A       ; 38           ; 45           ; 0            ; 0                     ; 0                  ; no     ; no             ; no              ; no                     ; 1         ; no              ; yes        ; no       ; Off          ; 1.8 V        ; 4mA              ; Off               ; Off                               ; --                        ; no                         ; 0                   ; Off                         ; User                 ; 0 pF                 ; -                                                  ;
; dram_dq[13]        ; J19   ; 7A       ; 48           ; 45           ; 34           ; 0                     ; 0                  ; no     ; no             ; no              ; no                     ; 1         ; no              ; yes        ; no       ; Off          ; 1.8 V        ; 4mA              ; Off               ; Off                               ; --                        ; no                         ; 0                   ; Off                         ; User                 ; 0 pF                 ; -                                                  ;
; dram_dq[14]        ; G11   ; 7A       ; 38           ; 45           ; 34           ; 0                     ; 0                  ; no     ; no             ; no              ; no                     ; 1         ; no              ; yes        ; no       ; Off          ; 1.8 V        ; 4mA              ; Off               ; Off                               ; --                        ; no                         ; 0                   ; Off                         ; User                 ; 0 pF                 ; -                                                  ;
; dram_dq[15]        ; K20   ; 7A       ; 52           ; 45           ; 0            ; 0                     ; 0                  ; no     ; no             ; no              ; no                     ; 1         ; no              ; yes        ; no       ; Off          ; 1.8 V        ; 4mA              ; Off               ; Off                               ; --                        ; no                         ; 0                   ; Off                         ; User                 ; 0 pF                 ; -                                                  ;
; dram_dq[1]         ; B15   ; 7A       ; 43           ; 45           ; 17           ; 0                     ; 0                  ; no     ; no             ; no              ; no                     ; 1         ; no              ; yes        ; no       ; Off          ; 1.8 V        ; 4mA              ; Off               ; Off                               ; --                        ; no                         ; 0                   ; Off                         ; User                 ; 0 pF                 ; -                                                  ;
; dram_dq[2]         ; A15   ; 7A       ; 46           ; 45           ; 74           ; 0                     ; 0                  ; no     ; no             ; no              ; no                     ; 1         ; no              ; yes        ; no       ; Off          ; 1.8 V        ; 4mA              ; Off               ; Off                               ; --                        ; no                         ; 0                   ; Off                         ; User                 ; 0 pF                 ; -                                                  ;
; dram_dq[3]         ; B13   ; 7A       ; 42           ; 45           ; 34           ; 0                     ; 0                  ; no     ; no             ; no              ; no                     ; 1         ; no              ; yes        ; no       ; Off          ; 1.8 V        ; 4mA              ; Off               ; Off                               ; --                        ; no                         ; 0                   ; Off                         ; User                 ; 0 pF                 ; -                                                  ;
; dram_dq[4]         ; A14   ; 7A       ; 46           ; 45           ; 91           ; 0                     ; 0                  ; no     ; no             ; no              ; no                     ; 1         ; no              ; yes        ; no       ; Off          ; 1.8 V        ; 4mA              ; Off               ; Off                               ; --                        ; no                         ; 0                   ; Off                         ; User                 ; 0 pF                 ; -                                                  ;
; dram_dq[5]         ; B12   ; 7A       ; 36           ; 45           ; 34           ; 0                     ; 0                  ; no     ; no             ; no              ; no                     ; 1         ; no              ; yes        ; no       ; Off          ; 1.8 V        ; 4mA              ; Off               ; Off                               ; --                        ; no                         ; 0                   ; Off                         ; User                 ; 0 pF                 ; -                                                  ;
; dram_dq[6]         ; A13   ; 7A       ; 42           ; 45           ; 51           ; 0                     ; 0                  ; no     ; no             ; no              ; no                     ; 1         ; no              ; yes        ; no       ; Off          ; 1.8 V        ; 4mA              ; Off               ; Off                               ; --                        ; no                         ; 0                   ; Off                         ; User                 ; 0 pF                 ; -                                                  ;
; dram_dq[7]         ; A12   ; 7A       ; 36           ; 45           ; 51           ; 0                     ; 0                  ; no     ; no             ; no              ; no                     ; 1         ; no              ; yes        ; no       ; Off          ; 1.8 V        ; 4mA              ; Off               ; Off                               ; --                        ; no                         ; 0                   ; Off                         ; User                 ; 0 pF                 ; -                                                  ;
; dram_dq[8]         ; J13   ; 7A       ; 42           ; 45           ; 17           ; 0                     ; 0                  ; no     ; no             ; no              ; no                     ; 1         ; no              ; yes        ; no       ; Off          ; 1.8 V        ; 4mA              ; Off               ; Off                               ; --                        ; no                         ; 0                   ; Off                         ; User                 ; 0 pF                 ; -                                                  ;
; dram_dq[9]         ; G15   ; 7A       ; 43           ; 45           ; 34           ; 0                     ; 0                  ; no     ; no             ; no              ; no                     ; 1         ; no              ; yes        ; no       ; Off          ; 1.8 V        ; 4mA              ; Off               ; Off                               ; --                        ; no                         ; 0                   ; Off                         ; User                 ; 0 pF                 ; -                                                  ;
; port_tran_sck      ; AA7   ; 3B       ; 18           ; 0            ; 51           ; 0                     ; 0                  ; no     ; no             ; no              ; no                     ; 1         ; no              ; yes        ; no       ; Off          ; 3.3-V LVCMOS ; 2mA              ; Off               ; Off                               ; --                        ; no                         ; 0                   ; Off                         ; User                 ; 0 pF                 ; -                                                  ;
; port_tran_sd       ; R9    ; 3B       ; 23           ; 0            ; 40           ; 0                     ; 0                  ; no     ; no             ; no              ; no                     ; 1         ; no              ; yes        ; no       ; Off          ; 3.3-V LVCMOS ; 2mA              ; Off               ; Off                               ; --                        ; no                         ; 0                   ; Off                         ; User                 ; 0 pF                 ; -                                                  ;
; port_tran_si       ; V10   ; 3B       ; 16           ; 0            ; 40           ; 0                     ; 0                  ; no     ; no             ; no              ; no                     ; 1         ; no              ; yes        ; no       ; Off          ; 3.3-V LVCMOS ; 2mA              ; Off               ; Off                               ; --                        ; no                         ; 0                   ; Off                         ; User                 ; 0 pF                 ; -                                                  ;
; port_tran_so       ; J11   ; 7A       ; 40           ; 45           ; 74           ; 0                     ; 0                  ; no     ; no             ; no              ; no                     ; 1         ; no              ; yes        ; no       ; Off          ; 1.8 V        ; 4mA              ; Off               ; Off                               ; --                        ; no                         ; 0                   ; Off                         ; User                 ; 0 pF                 ; -                                                  ;
; scal_clk           ; R17   ; 5A       ; 54           ; 16           ; 20           ; 0                     ; 0                  ; no     ; no             ; yes             ; no                     ; 1         ; no              ; no         ; no       ; Off          ; 1.8 V        ; Default          ; Off               ; Series 50 Ohm without Calibration ; --                        ; no                         ; 0                   ; Off                         ; User                 ; 0 pF                 ; -                                                  ;
; scal_de            ; N20   ; 5B       ; 54           ; 18           ; 77           ; 0                     ; 0                  ; no     ; no             ; yes             ; no                     ; 1         ; no              ; no         ; no       ; Off          ; 1.8 V        ; Default          ; Off               ; Series 50 Ohm without Calibration ; --                        ; no                         ; 0                   ; Off                         ; User                 ; 0 pF                 ; -                                                  ;
; scal_hs            ; P17   ; 5A       ; 54           ; 17           ; 20           ; 0                     ; 0                  ; no     ; no             ; yes             ; no                     ; 1         ; no              ; no         ; no       ; Off          ; 1.8 V        ; Default          ; Off               ; Series 50 Ohm without Calibration ; --                        ; no                         ; 0                   ; Off                         ; User                 ; 0 pF                 ; -                                                  ;
; scal_skip          ; N21   ; 5B       ; 54           ; 18           ; 94           ; 0                     ; 0                  ; no     ; no             ; yes             ; no                     ; 1         ; no              ; no         ; no       ; Off          ; 1.8 V        ; Default          ; Off               ; Series 50 Ohm without Calibration ; --                        ; no                         ; 0                   ; Off                         ; User                 ; 0 pF                 ; -                                                  ;
; scal_vid[0]        ; R21   ; 5A       ; 54           ; 16           ; 37           ; 0                     ; 0                  ; no     ; no             ; yes             ; no                     ; 1         ; no              ; no         ; no       ; Off          ; 1.8 V        ; Default          ; Off               ; Series 50 Ohm without Calibration ; --                        ; no                         ; 0                   ; Off                         ; User                 ; 0 pF                 ; -                                                  ;
; scal_vid[10]       ; R15   ; 5A       ; 54           ; 15           ; 20           ; 0                     ; 0                  ; no     ; no             ; yes             ; no                     ; 1         ; no              ; no         ; no       ; Off          ; 1.8 V        ; Default          ; Off               ; Series 50 Ohm without Calibration ; --                        ; no                         ; 0                   ; Off                         ; User                 ; 0 pF                 ; -                                                  ;
; scal_vid[11]       ; R16   ; 5A       ; 54           ; 16           ; 3            ; 0                     ; 0                  ; no     ; no             ; yes             ; no                     ; 1         ; no              ; no         ; no       ; Off          ; 1.8 V        ; Default          ; Off               ; Series 50 Ohm without Calibration ; --                        ; no                         ; 0                   ; Off                         ; User                 ; 0 pF                 ; -                                                  ;
; scal_vid[1]        ; P22   ; 5A       ; 54           ; 16           ; 54           ; 0                     ; 0                  ; no     ; no             ; yes             ; no                     ; 1         ; no              ; no         ; no       ; Off          ; 1.8 V        ; Default          ; Off               ; Series 50 Ohm without Calibration ; --                        ; no                         ; 0                   ; Off                         ; User                 ; 0 pF                 ; -                                                  ;
; scal_vid[2]        ; N16   ; 5B       ; 54           ; 18           ; 43           ; 0                     ; 0                  ; no     ; no             ; yes             ; no                     ; 1         ; no              ; no         ; no       ; Off          ; 1.8 V        ; Default          ; Off               ; Series 50 Ohm without Calibration ; --                        ; no                         ; 0                   ; Off                         ; User                 ; 0 pF                 ; -                                                  ;
; scal_vid[3]        ; P18   ; 5A       ; 54           ; 17           ; 54           ; 0                     ; 0                  ; no     ; no             ; yes             ; no                     ; 1         ; no              ; no         ; no       ; Off          ; 1.8 V        ; Default          ; Off               ; Series 50 Ohm without Calibration ; --                        ; no                         ; 0                   ; Off                         ; User                 ; 0 pF                 ; -                                                  ;
; scal_vid[4]        ; P19   ; 5A       ; 54           ; 17           ; 37           ; 0                     ; 0                  ; no     ; no             ; yes             ; no                     ; 1         ; no              ; no         ; no       ; Off          ; 1.8 V        ; Default          ; Off               ; Series 50 Ohm without Calibration ; --                        ; no                         ; 0                   ; Off                         ; User                 ; 0 pF                 ; -                                                  ;
; scal_vid[5]        ; T20   ; 5A       ; 54           ; 14           ; 94           ; 0                     ; 0                  ; no     ; no             ; yes             ; no                     ; 1         ; no              ; no         ; no       ; Off          ; 1.8 V        ; Default          ; Off               ; Series 50 Ohm without Calibration ; --                        ; no                         ; 0                   ; Off                         ; User                 ; 0 pF                 ; -                                                  ;
; scal_vid[6]        ; T19   ; 5A       ; 54           ; 14           ; 77           ; 0                     ; 0                  ; no     ; no             ; yes             ; no                     ; 1         ; no              ; no         ; no       ; Off          ; 1.8 V        ; Default          ; Off               ; Series 50 Ohm without Calibration ; --                        ; no                         ; 0                   ; Off                         ; User                 ; 0 pF                 ; -                                                  ;
; scal_vid[7]        ; T18   ; 5A       ; 54           ; 14           ; 43           ; 0                     ; 0                  ; no     ; no             ; yes             ; no                     ; 1         ; no              ; no         ; no       ; Off          ; 1.8 V        ; Default          ; Off               ; Series 50 Ohm without Calibration ; --                        ; no                         ; 0                   ; Off                         ; User                 ; 0 pF                 ; -                                                  ;
; scal_vid[8]        ; T22   ; 5A       ; 54           ; 15           ; 37           ; 0                     ; 0                  ; no     ; no             ; yes             ; no                     ; 1         ; no              ; no         ; no       ; Off          ; 1.8 V        ; Default          ; Off               ; Series 50 Ohm without Calibration ; --                        ; no                         ; 0                   ; Off                         ; User                 ; 0 pF                 ; -                                                  ;
; scal_vid[9]        ; R22   ; 5A       ; 54           ; 15           ; 54           ; 0                     ; 0                  ; no     ; no             ; yes             ; no                     ; 1         ; no              ; no         ; no       ; Off          ; 1.8 V        ; Default          ; Off               ; Series 50 Ohm without Calibration ; --                        ; no                         ; 0                   ; Off                         ; User                 ; 0 pF                 ; -                                                  ;
; scal_vs            ; T15   ; 5A       ; 54           ; 15           ; 3            ; 0                     ; 0                  ; no     ; no             ; yes             ; no                     ; 1         ; no              ; no         ; no       ; Off          ; 1.8 V        ; Default          ; Off               ; Series 50 Ohm without Calibration ; --                        ; no                         ; 0                   ; Off                         ; User                 ; 0 pF                 ; -                                                  ;
; sram_dq[0]         ; N8    ; 3B       ; 18           ; 0            ; 0            ; 0                     ; 0                  ; no     ; no             ; no              ; no                     ; 1         ; no              ; yes        ; no       ; Off          ; 3.3-V LVCMOS ; 2mA              ; Off               ; Off                               ; --                        ; no                         ; 0                   ; Off                         ; User                 ; 0 pF                 ; -                                                  ;
; sram_dq[10]        ; V18   ; 4A       ; 51           ; 0            ; 0            ; 0                     ; 0                  ; no     ; no             ; no              ; no                     ; 1         ; no              ; yes        ; no       ; Off          ; 3.3-V LVCMOS ; 2mA              ; Off               ; Off                               ; --                        ; no                         ; 0                   ; Off                         ; User                 ; 0 pF                 ; -                                                  ;
; sram_dq[11]        ; V20   ; 4A       ; 44           ; 0            ; 17           ; 0                     ; 0                  ; no     ; no             ; no              ; no                     ; 1         ; no              ; yes        ; no       ; Off          ; 3.3-V LVCMOS ; 2mA              ; Off               ; Off                               ; --                        ; no                         ; 0                   ; Off                         ; User                 ; 0 pF                 ; -                                                  ;
; sram_dq[12]        ; Y17   ; 4A       ; 40           ; 0            ; 40           ; 0                     ; 0                  ; no     ; no             ; no              ; no                     ; 1         ; no              ; yes        ; no       ; Off          ; 3.3-V LVCMOS ; 2mA              ; Off               ; Off                               ; --                        ; no                         ; 0                   ; Off                         ; User                 ; 0 pF                 ; -                                                  ;
; sram_dq[13]        ; Y16   ; 4A       ; 40           ; 0            ; 57           ; 0                     ; 0                  ; no     ; no             ; no              ; no                     ; 1         ; no              ; yes        ; no       ; Off          ; 3.3-V LVCMOS ; 2mA              ; Off               ; Off                               ; --                        ; no                         ; 0                   ; Off                         ; User                 ; 0 pF                 ; -                                                  ;
; sram_dq[14]        ; W16   ; 4A       ; 46           ; 0            ; 0            ; 0                     ; 0                  ; no     ; no             ; no              ; no                     ; 1         ; no              ; yes        ; no       ; Off          ; 3.3-V LVCMOS ; 2mA              ; Off               ; Off                               ; --                        ; no                         ; 0                   ; Off                         ; User                 ; 0 pF                 ; -                                                  ;
; sram_dq[15]        ; Y15   ; 4A       ; 36           ; 0            ; 0            ; 0                     ; 0                  ; no     ; no             ; no              ; no                     ; 1         ; no              ; yes        ; no       ; Off          ; 3.3-V LVCMOS ; 2mA              ; Off               ; Off                               ; --                        ; no                         ; 0                   ; Off                         ; User                 ; 0 pF                 ; -                                                  ;
; sram_dq[1]         ; P9    ; 3B       ; 29           ; 0            ; 17           ; 0                     ; 0                  ; no     ; no             ; no              ; no                     ; 1         ; no              ; yes        ; no       ; Off          ; 3.3-V LVCMOS ; 2mA              ; Off               ; Off                               ; --                        ; no                         ; 0                   ; Off                         ; User                 ; 0 pF                 ; -                                                  ;
; sram_dq[2]         ; P14   ; 4A       ; 50           ; 0            ; 17           ; 0                     ; 0                  ; no     ; no             ; no              ; no                     ; 1         ; no              ; yes        ; no       ; Off          ; 3.3-V LVCMOS ; 2mA              ; Off               ; Off                               ; --                        ; no                         ; 0                   ; Off                         ; User                 ; 0 pF                 ; -                                                  ;
; sram_dq[3]         ; Y20   ; 4A       ; 48           ; 0            ; 57           ; 0                     ; 0                  ; no     ; no             ; no              ; no                     ; 1         ; no              ; yes        ; no       ; Off          ; 3.3-V LVCMOS ; 2mA              ; Off               ; Off                               ; --                        ; no                         ; 0                   ; Off                         ; User                 ; 0 pF                 ; -                                                  ;
; sram_dq[4]         ; W19   ; 4A       ; 44           ; 0            ; 0            ; 0                     ; 0                  ; no     ; no             ; no              ; no                     ; 1         ; no              ; yes        ; no       ; Off          ; 3.3-V LVCMOS ; 2mA              ; Off               ; Off                               ; --                        ; no                         ; 0                   ; Off                         ; User                 ; 0 pF                 ; -                                                  ;
; sram_dq[5]         ; T12   ; 4A       ; 34           ; 0            ; 17           ; 0                     ; 0                  ; no     ; no             ; no              ; no                     ; 1         ; no              ; yes        ; no       ; Off          ; 3.3-V LVCMOS ; 2mA              ; Off               ; Off                               ; --                        ; no                         ; 0                   ; Off                         ; User                 ; 0 pF                 ; -                                                  ;
; sram_dq[6]         ; V13   ; 4A       ; 33           ; 0            ; 57           ; 0                     ; 0                  ; no     ; no             ; no              ; no                     ; 1         ; no              ; yes        ; no       ; Off          ; 3.3-V LVCMOS ; 2mA              ; Off               ; Off                               ; --                        ; no                         ; 0                   ; Off                         ; User                 ; 0 pF                 ; -                                                  ;
; sram_dq[7]         ; R12   ; 3B       ; 24           ; 0            ; 51           ; 0                     ; 0                  ; no     ; no             ; no              ; no                     ; 1         ; no              ; yes        ; no       ; Off          ; 3.3-V LVCMOS ; 2mA              ; Off               ; Off                               ; --                        ; no                         ; 0                   ; Off                         ; User                 ; 0 pF                 ; -                                                  ;
; sram_dq[8]         ; U16   ; 4A       ; 52           ; 0            ; 17           ; 0                     ; 0                  ; no     ; no             ; no              ; no                     ; 1         ; no              ; yes        ; no       ; Off          ; 3.3-V LVCMOS ; 2mA              ; Off               ; Off                               ; --                        ; no                         ; 0                   ; Off                         ; User                 ; 0 pF                 ; -                                                  ;
; sram_dq[9]         ; U20   ; 4A       ; 52           ; 0            ; 34           ; 0                     ; 0                  ; no     ; no             ; no              ; no                     ; 1         ; no              ; yes        ; no       ; Off          ; 3.3-V LVCMOS ; 2mA              ; Off               ; Off                               ; --                        ; no                         ; 0                   ; Off                         ; User                 ; 0 pF                 ; -                                                  ;
+--------------------+-------+----------+--------------+--------------+--------------+-----------------------+--------------------+--------+----------------+-----------------+------------------------+-----------+-----------------+------------+----------+--------------+--------------+------------------+-------------------+-----------------------------------+---------------------------+----------------------------+---------------------+-----------------------------+----------------------+----------------------+----------------------------------------------------+


+-----------------------------------------------------------------------------+
; I/O Bank Usage                                                              ;
+----------+-------------------+---------------+--------------+---------------+
; I/O Bank ; Usage             ; VCCIO Voltage ; VREF Voltage ; VCCPD Voltage ;
+----------+-------------------+---------------+--------------+---------------+
; 2A       ; 16 / 16 ( 100 % ) ; 1.8V          ; --           ; 2.5V          ;
; 3A       ; 16 / 16 ( 100 % ) ; 1.8V          ; --           ; 2.5V          ;
; 3B       ; 32 / 32 ( 100 % ) ; 3.3V          ; --           ; 3.3V          ;
; 4A       ; 48 / 48 ( 100 % ) ; 3.3V          ; --           ; 3.3V          ;
; 5A       ; 16 / 16 ( 100 % ) ; 1.8V          ; --           ; 2.5V          ;
; 5B       ; 16 / 16 ( 100 % ) ; 1.8V          ; --           ; 2.5V          ;
; 7A       ; 48 / 48 ( 100 % ) ; 1.8V          ; --           ; 2.5V          ;
; 8A       ; 32 / 32 ( 100 % ) ; 1.8V          ; --           ; 2.5V          ;
+----------+-------------------+---------------+--------------+---------------+


+---------------------------------------------------------------------------------------------------------------------------------------------------------------------+
; All Package Pins                                                                                                                                                    ;
+----------+------------+----------+-------------------------+--------+--------------+---------------------+--------------+-----------------+----------+--------------+
; Location ; Pad Number ; I/O Bank ; Pin Name/Usage          ; Dir.   ; I/O Standard ; Voltage             ; I/O Type     ; User Assignment ; Bus Hold ; Weak Pull Up ;
+----------+------------+----------+-------------------------+--------+--------------+---------------------+--------------+-----------------+----------+--------------+
; A1       ;            ;          ; RREF                    ;        ;              ;                     ; --           ;                 ; --       ; --           ;
; A2       ; 288        ; 9A       ; ^MSEL2                  ;        ;              ;                     ; --           ;                 ; --       ; --           ;
; A3       ;            ; --       ; VCCBAT                  ; power  ;              ; 1.2V                ; --           ;                 ; --       ; --           ;
; A4       ; 290        ; 9A       ; ^nCONFIG                ;        ;              ;                     ; --           ;                 ; --       ; --           ;
; A5       ; 264        ; 8A       ; cram0_lb_n              ; output ; 1.8 V        ;                     ; Column I/O   ; Y               ; no       ; Off          ;
; A6       ;            ; 8A       ; VCCIO8A                 ; power  ;              ; 1.8V                ; --           ;                 ; --       ; --           ;
; A7       ; 273        ; 8A       ; cram0_ub_n              ; output ; 1.8 V        ;                     ; Column I/O   ; Y               ; no       ; Off          ;
; A8       ; 271        ; 8A       ; cram0_dq[11]            ; bidir  ; 1.8 V        ;                     ; Column I/O   ; Y               ; no       ; Off          ;
; A9       ; 262        ; 8A       ; cram0_dq[2]             ; bidir  ; 1.8 V        ;                     ; Column I/O   ; Y               ; no       ; Off          ;
; A10      ; 260        ; 8A       ; cram0_dq[9]             ; bidir  ; 1.8 V        ;                     ; Column I/O   ; Y               ; no       ; Off          ;
; A11      ;            ;          ; GND                     ; gnd    ;              ;                     ; --           ;                 ; --       ; --           ;
; A12      ; 242        ; 7A       ; dram_dq[7]              ; bidir  ; 1.8 V        ;                     ; Column I/O   ; Y               ; no       ; Off          ;
; A13      ; 230        ; 7A       ; dram_dq[6]              ; bidir  ; 1.8 V        ;                     ; Column I/O   ; Y               ; no       ; Off          ;
; A14      ; 218        ; 7A       ; dram_dq[4]              ; bidir  ; 1.8 V        ;                     ; Column I/O   ; Y               ; no       ; Off          ;
; A15      ; 216        ; 7A       ; dram_dq[2]              ; bidir  ; 1.8 V        ;                     ; Column I/O   ; Y               ; no       ; Off          ;
; A16      ;            ; 7A       ; VCCIO7A                 ; power  ;              ; 1.8V                ; --           ;                 ; --       ; --           ;
; A17      ;            ;          ; NC                      ;        ;              ;                     ; --           ;                 ; --       ; --           ;
; A18      ;            ;          ; NC                      ;        ;              ;                     ; --           ;                 ; --       ; --           ;
; A19      ;            ;          ; NC                      ;        ;              ;                     ; --           ;                 ; --       ; --           ;
; A20      ;            ;          ; NC                      ;        ;              ;                     ; --           ;                 ; --       ; --           ;
; A21      ;            ;          ; GND                     ; gnd    ;              ;                     ; --           ;                 ; --       ; --           ;
; A22      ;            ;          ; NC                      ;        ;              ;                     ; --           ;                 ; --       ; --           ;
; AA1      ; 29         ; 2A       ; cram1_we_n              ; output ; 1.8 V        ;                     ; Row I/O      ; Y               ; no       ; Off          ;
; AA2      ; 31         ; 2A       ; cram1_a[20]             ; output ; 1.8 V        ;                     ; Row I/O      ; Y               ; no       ; Off          ;
; AA3      ;            ;          ; GND                     ; gnd    ;              ;                     ; --           ;                 ; --       ; --           ;
; AA4      ;            ;          ; GND                     ; gnd    ;              ;                     ; --           ;                 ; --       ; --           ;
; AA5      ; 53         ; 3A       ; ^AS_DATA2, DATA2        ;        ;              ;                     ; Weak Pull Up ;                 ; --       ; On           ;
; AA6      ;            ;          ; GND                     ; gnd    ;              ;                     ; --           ;                 ; --       ; --           ;
; AA7      ; 79         ; 3B       ; port_tran_sck           ; bidir  ; 3.3-V LVCMOS ;                     ; Column I/O   ; Y               ; no       ; Off          ;
; AA8      ; 82         ; 3B       ; cart_tran_bank0[5]      ; bidir  ; 3.3-V LVCMOS ;                     ; Column I/O   ; Y               ; no       ; Off          ;
; AA9      ; 89         ; 3B       ; cart_tran_bank0[7]      ; bidir  ; 3.3-V LVCMOS ;                     ; Column I/O   ; Y               ; no       ; Off          ;
; AA10     ; 87         ; 3B       ; cart_tran_bank1[7]      ; bidir  ; 3.3-V LVCMOS ;                     ; Column I/O   ; Y               ; no       ; Off          ;
; AA11     ;            ;          ; GND                     ; gnd    ;              ;                     ; --           ;                 ; --       ; --           ;
; AA12     ; 105        ; 3B       ; cart_tran_bank1[1]      ; bidir  ; 3.3-V LVCMOS ;                     ; Column I/O   ; Y               ; no       ; Off          ;
; AA13     ; 113        ; 4A       ; cart_tran_bank1_dir     ; output ; 3.3-V LVCMOS ;                     ; Column I/O   ; Y               ; no       ; Off          ;
; AA14     ; 111        ; 4A       ; cart_tran_bank2_dir     ; output ; 3.3-V LVCMOS ;                     ; Column I/O   ; Y               ; no       ; Off          ;
; AA15     ; 116        ; 4A       ; cart_tran_bank2[6]      ; bidir  ; 3.3-V LVCMOS ;                     ; Column I/O   ; Y               ; no       ; Off          ;
; AA16     ;            ; 4A       ; VCCIO4A                 ; power  ;              ; 3.3V                ; --           ;                 ; --       ; --           ;
; AA17     ; 127        ; 4A       ; cart_tran_bank2[4]      ; bidir  ; 3.3-V LVCMOS ;                     ; Column I/O   ; Y               ; no       ; Off          ;
; AA18     ; 129        ; 4A       ; cart_tran_bank2[2]      ; bidir  ; 3.3-V LVCMOS ;                     ; Column I/O   ; Y               ; no       ; Off          ;
; AA19     ; 130        ; 4A       ; cart_tran_bank2[1]      ; bidir  ; 3.3-V LVCMOS ;                     ; Column I/O   ; Y               ; no       ; Off          ;
; AA20     ; 132        ; 4A       ; cart_tran_bank3[7]      ; bidir  ; 3.3-V LVCMOS ;                     ; Column I/O   ; Y               ; no       ; Off          ;
; AA21     ;            ; 4A       ; VCCIO4A                 ; power  ;              ; 3.3V                ; --           ;                 ; --       ; --           ;
; AA22     ; 137        ; 4A       ; cart_tran_bank3[4]      ; bidir  ; 3.3-V LVCMOS ;                     ; Column I/O   ; Y               ; no       ; Off          ;
; AB1      ;            ;          ; GND                     ; gnd    ;              ;                     ; --           ;                 ; --       ; --           ;
; AB2      ;            ;          ; GND                     ; gnd    ;              ;                     ; --           ;                 ; --       ; --           ;
; AB3      ; 55         ; 3A       ; ^AS_DATA1, DATA1        ;        ;              ;                     ; Weak Pull Up ;                 ; --       ; On           ;
; AB4      ; 57         ; 3A       ; ^AS_DATA0, ASDO, DATA0  ;        ;              ;                     ; Weak Pull Up ;                 ; --       ; On           ;
; AB5      ; 76         ; 3B       ; cart_tran_pin30_dir     ; output ; 3.3-V LVCMOS ;                     ; Column I/O   ; Y               ; no       ; Off          ;
; AB6      ; 74         ; 3B       ; cart_tran_bank0_dir     ; output ; 3.3-V LVCMOS ;                     ; Column I/O   ; Y               ; no       ; Off          ;
; AB7      ; 81         ; 3B       ; cart_tran_bank0[4]      ; bidir  ; 3.3-V LVCMOS ;                     ; Column I/O   ; Y               ; no       ; Off          ;
; AB8      ; 84         ; 3B       ; cart_tran_bank0[6]      ; bidir  ; 3.3-V LVCMOS ;                     ; Column I/O   ; Y               ; no       ; Off          ;
; AB9      ;            ;          ; GND                     ; gnd    ;              ;                     ; --           ;                 ; --       ; --           ;
; AB10     ; 98         ; 3B       ; cart_tran_bank1[6]      ; bidir  ; 3.3-V LVCMOS ;                     ; Column I/O   ; Y               ; no       ; Off          ;
; AB11     ; 100        ; 3B       ; cart_tran_bank1[4]      ; bidir  ; 3.3-V LVCMOS ;                     ; Column I/O   ; Y               ; no       ; Off          ;
; AB12     ; 108        ; 4A       ; cart_tran_bank1[2]      ; bidir  ; 3.3-V LVCMOS ;                     ; Column I/O   ; Y               ; no       ; Off          ;
; AB13     ; 106        ; 4A       ; cart_tran_bank1[0]      ; bidir  ; 3.3-V LVCMOS ;                     ; Column I/O   ; Y               ; no       ; Off          ;
; AB14     ;            ;          ; GND                     ; gnd    ;              ;                     ; --           ;                 ; --       ; --           ;
; AB15     ; 114        ; 4A       ; cart_tran_bank2[7]      ; bidir  ; 3.3-V LVCMOS ;                     ; Column I/O   ; Y               ; no       ; Off          ;
; AB16     ;            ; 4A       ; VREFB4AN0               ; power  ;              ;                     ; --           ;                 ; --       ; --           ;
; AB17     ; 119        ; 4A       ; cart_tran_bank2[5]      ; bidir  ; 3.3-V LVCMOS ;                     ; Column I/O   ; Y               ; no       ; Off          ;
; AB18     ; 121        ; 4A       ; cart_tran_bank2[3]      ; bidir  ; 3.3-V LVCMOS ;                     ; Column I/O   ; Y               ; no       ; Off          ;
; AB19     ;            ;          ; GND                     ; gnd    ;              ;                     ; --           ;                 ; --       ; --           ;
; AB20     ; 122        ; 4A       ; cart_tran_bank2[0]      ; bidir  ; 3.3-V LVCMOS ;                     ; Column I/O   ; Y               ; no       ; Off          ;
; AB21     ; 124        ; 4A       ; cart_tran_bank3[6]      ; bidir  ; 3.3-V LVCMOS ;                     ; Column I/O   ; Y               ; no       ; Off          ;
; AB22     ; 135        ; 4A       ; cart_tran_bank3[5]      ; bidir  ; 3.3-V LVCMOS ;                     ; Column I/O   ; Y               ; no       ; Off          ;
; B1       ;            ;          ; GND                     ; gnd    ;              ;                     ; --           ;                 ; --       ; --           ;
; B2       ;            ;          ; GND                     ; gnd    ;              ;                     ; --           ;                 ; --       ; --           ;
; B3       ;            ;          ; DNU                     ;        ;              ;                     ; --           ;                 ; --       ; --           ;
; B4       ;            ;          ; DNU                     ;        ;              ;                     ; --           ;                 ; --       ; --           ;
; B5       ; 266        ; 8A       ; cram0_ce0_n             ; output ; 1.8 V        ;                     ; Column I/O   ; Y               ; no       ; Off          ;
; B6       ; 268        ; 8A       ; cram0_a[18]             ; output ; 1.8 V        ;                     ; Column I/O   ; Y               ; no       ; Off          ;
; B7       ; 270        ; 8A       ; cram0_a[19]             ; output ; 1.8 V        ;                     ; Column I/O   ; Y               ; no       ; Off          ;
; B8       ;            ; 8A       ; VREFB8AN0               ; power  ;              ;                     ; --           ;                 ; --       ; --           ;
; B9       ;            ;          ; GND                     ; gnd    ;              ;                     ; --           ;                 ; --       ; --           ;
; B10      ; 263        ; 8A       ; cram0_dq[0]             ; bidir  ; 1.8 V        ;                     ; Column I/O   ; Y               ; no       ; Off          ;
; B11      ; 250        ; 7A       ; dram_ras_n              ; output ; 1.8 V        ;                     ; Column I/O   ; Y               ; no       ; Off          ;
; B12      ; 240        ; 7A       ; dram_dq[5]              ; bidir  ; 1.8 V        ;                     ; Column I/O   ; Y               ; no       ; Off          ;
; B13      ; 228        ; 7A       ; dram_dq[3]              ; bidir  ; 1.8 V        ;                     ; Column I/O   ; Y               ; no       ; Off          ;
; B14      ;            ;          ; GND                     ; gnd    ;              ;                     ; --           ;                 ; --       ; --           ;
; B15      ; 225        ; 7A       ; dram_dq[1]              ; bidir  ; 1.8 V        ;                     ; Column I/O   ; Y               ; no       ; Off          ;
; B16      ; 204        ; 7A       ; dram_cas_n              ; output ; 1.8 V        ;                     ; Column I/O   ; Y               ; no       ; Off          ;
; B17      ;            ;          ; NC                      ;        ;              ;                     ; --           ;                 ; --       ; --           ;
; B18      ;            ;          ; NC                      ;        ;              ;                     ; --           ;                 ; --       ; --           ;
; B19      ;            ; 7A       ; VCCIO7A                 ; power  ;              ; 1.8V                ; --           ;                 ; --       ; --           ;
; B20      ;            ;          ; NC                      ;        ;              ;                     ; --           ;                 ; --       ; --           ;
; B21      ;            ;          ; NC                      ;        ;              ;                     ; --           ;                 ; --       ; --           ;
; B22      ;            ;          ; NC                      ;        ;              ;                     ; --           ;                 ; --       ; --           ;
; C1       ; 16         ; 2A       ; cram1_dq[0]             ; bidir  ; 1.8 V        ;                     ; Row I/O      ; Y               ; no       ; Off          ;
; C2       ; 18         ; 2A       ; cram1_dq[9]             ; bidir  ; 1.8 V        ;                     ; Row I/O      ; Y               ; no       ; Off          ;
; C3       ;            ;          ; GND                     ; gnd    ;              ;                     ; --           ;                 ; --       ; --           ;
; C4       ;            ;          ; GND                     ; gnd    ;              ;                     ; --           ;                 ; --       ; --           ;
; C5       ; 292        ; 9A       ; ^GND                    ;        ;              ;                     ; --           ;                 ; --       ; --           ;
; C6       ; 272        ; 8A       ; cram0_a[17]             ; output ; 1.8 V        ;                     ; Column I/O   ; Y               ; no       ; Off          ;
; C7       ;            ; 8A       ; VCCIO8A                 ; power  ;              ; 1.8V                ; --           ;                 ; --       ; --           ;
; C8       ; 278        ; 8A       ; cram0_dq[1]             ; bidir  ; 1.8 V        ;                     ; Column I/O   ; Y               ; no       ; Off          ;
; C9       ; 265        ; 8A       ; cram0_dq[8]             ; bidir  ; 1.8 V        ;                     ; Column I/O   ; Y               ; no       ; Off          ;
; C10      ;            ; 7A, 8A   ; VCCPD7A8A               ; power  ;              ; 2.5V                ; --           ;                 ; --       ; --           ;
; C11      ; 248        ; 7A       ; dram_we_n               ; output ; 1.8 V        ;                     ; Column I/O   ; Y               ; no       ; Off          ;
; C12      ;            ; 7A       ; VCCIO7A                 ; power  ;              ; 1.8V                ; --           ;                 ; --       ; --           ;
; C13      ; 241        ; 7A       ; dram_a[10]              ; output ; 1.8 V        ;                     ; Column I/O   ; Y               ; no       ; Off          ;
; C14      ;            ; 7A       ; VREFB7AN0               ; power  ;              ;                     ; --           ;                 ; --       ; --           ;
; C15      ; 223        ; 7A       ; dram_dq[0]              ; bidir  ; 1.8 V        ;                     ; Column I/O   ; Y               ; no       ; Off          ;
; C16      ; 206        ; 7A       ; dram_ba[0]              ; output ; 1.8 V        ;                     ; Column I/O   ; Y               ; no       ; Off          ;
; C17      ;            ;          ; GND                     ; gnd    ;              ;                     ; --           ;                 ; --       ; --           ;
; C18      ;            ;          ; NC                      ;        ;              ;                     ; --           ;                 ; --       ; --           ;
; C19      ;            ;          ; NC                      ;        ;              ;                     ; --           ;                 ; --       ; --           ;
; C20      ;            ;          ; NC                      ;        ;              ;                     ; --           ;                 ; --       ; --           ;
; C21      ;            ;          ; NC                      ;        ;              ;                     ; --           ;                 ; --       ; --           ;
; C22      ;            ; 7A       ; VCCIO7A                 ; power  ;              ; 1.8V                ; --           ;                 ; --       ; --           ;
; D1       ;            ;          ; GND                     ; gnd    ;              ;                     ; --           ;                 ; --       ; --           ;
; D2       ;            ;          ; GND                     ; gnd    ;              ;                     ; --           ;                 ; --       ; --           ;
; D3       ; 22         ; 2A       ; cram1_dq[8]             ; bidir  ; 1.8 V        ;                     ; Row I/O      ; Y               ; no       ; Off          ;
; D4       ;            ; 2A       ; VCCIO2A                 ; power  ;              ; 1.8V                ; --           ;                 ; --       ; --           ;
; D5       ;            ;          ; GND                     ; gnd    ;              ;                     ; --           ;                 ; --       ; --           ;
; D6       ; 274        ; 8A       ; cram0_oe_n              ; output ; 1.8 V        ;                     ; Column I/O   ; Y               ; no       ; Off          ;
; D7       ; 276        ; 8A       ; cram0_dq[3]             ; bidir  ; 1.8 V        ;                     ; Column I/O   ; Y               ; no       ; Off          ;
; D8       ;            ; 7A, 8A   ; VCCPD7A8A               ; power  ;              ; 2.5V                ; --           ;                 ; --       ; --           ;
; D9       ; 277        ; 8A       ; cram0_dq[10]            ; bidir  ; 1.8 V        ;                     ; Column I/O   ; Y               ; no       ; Off          ;
; D10      ;            ;          ; GND                     ; gnd    ;              ;                     ; --           ;                 ; --       ; --           ;
; D11      ;            ; --       ; VCC_AUX                 ; power  ;              ; 2.5V                ; --           ;                 ; --       ; --           ;
; D12      ; 247        ; 7A       ; dram_a[1]               ; output ; 1.8 V        ;                     ; Column I/O   ; Y               ; no       ; Off          ;
; D13      ; 239        ; 7A       ; dram_dqm[0]             ; output ; 1.8 V        ;                     ; Column I/O   ; Y               ; no       ; Off          ;
; D14      ;            ; 7A, 8A   ; VCCPD7A8A               ; power  ;              ; 2.5V                ; --           ;                 ; --       ; --           ;
; D15      ;            ; 7A       ; VCCIO7A                 ; power  ;              ; 1.8V                ; --           ;                 ; --       ; --           ;
; D16      ;            ; 7A, 8A   ; VCCPD7A8A               ; power  ;              ; 2.5V                ; --           ;                 ; --       ; --           ;
; D17      ; 207        ; 7A       ; dram_a[0]               ; output ; 1.8 V        ;                     ; Column I/O   ; Y               ; no       ; Off          ;
; D18      ;            ; --       ; VCC_AUX                 ; power  ;              ; 2.5V                ; --           ;                 ; --       ; --           ;
; D19      ;            ;          ; NC                      ;        ;              ;                     ; --           ;                 ; --       ; --           ;
; D20      ;            ;          ; GND                     ; gnd    ;              ;                     ; --           ;                 ; --       ; --           ;
; D21      ;            ;          ; NC                      ;        ;              ;                     ; --           ;                 ; --       ; --           ;
; D22      ;            ;          ; NC                      ;        ;              ;                     ; --           ;                 ; --       ; --           ;
; E1       ;            ; 1A, 2A   ; VCCPD1A2A               ; power  ;              ; 2.5V                ; --           ;                 ; --       ; --           ;
; E2       ; 20         ; 2A       ; cram1_dq[2]             ; bidir  ; 1.8 V        ;                     ; Row I/O      ; Y               ; no       ; Off          ;
; E3       ;            ;          ; GND                     ; gnd    ;              ;                     ; --           ;                 ; --       ; --           ;
; E4       ;            ;          ; GND                     ; gnd    ;              ;                     ; --           ;                 ; --       ; --           ;
; E5       ; 289        ; 9A       ; ^MSEL3                  ;        ;              ;                     ; --           ;                 ; --       ; --           ;
; E6       ;            ; --       ; VCC_AUX                 ; power  ;              ; 2.5V                ; --           ;                 ; --       ; --           ;
; E7       ; 282        ; 8A       ; cram0_dq[12]            ; bidir  ; 1.8 V        ;                     ; Column I/O   ; Y               ; no       ; Off          ;
; E8       ;            ; 8A       ; VCCIO8A                 ; power  ;              ; 1.8V                ; --           ;                 ; --       ; --           ;
; E9       ; 275        ; 8A       ; cram0_dq[4]             ; bidir  ; 1.8 V        ;                     ; Column I/O   ; Y               ; no       ; Off          ;
; E10      ; 267        ; 8A       ; cram0_ce1_n             ; output ; 1.8 V        ;                     ; Column I/O   ; Y               ; no       ; Off          ;
; E11      ;            ; 7A, 8A   ; VCCPD7A8A               ; power  ;              ; 2.5V                ; --           ;                 ; --       ; --           ;
; E12      ; 249        ; 7A       ; dram_ba[1]              ; output ; 1.8 V        ;                     ; Column I/O   ; Y               ; no       ; Off          ;
; E13      ;            ;          ; GND                     ; gnd    ;              ;                     ; --           ;                 ; --       ; --           ;
; E14      ; 231        ; 7A       ; dram_a[3]               ; output ; 1.8 V        ;                     ; Column I/O   ; Y               ; no       ; Off          ;
; E15      ; 215        ; 7A       ; dram_a[6]               ; output ; 1.8 V        ;                     ; Column I/O   ; Y               ; no       ; Off          ;
; E16      ; 209        ; 7A       ; dram_a[5]               ; output ; 1.8 V        ;                     ; Column I/O   ; Y               ; no       ; Off          ;
; E17      ;            ;          ; DNU                     ;        ;              ;                     ; --           ;                 ; --       ; --           ;
; E18      ;            ; 7A       ; VCCIO7A                 ; power  ;              ; 1.8V                ; --           ;                 ; --       ; --           ;
; E19      ;            ;          ; NC                      ;        ;              ;                     ; --           ;                 ; --       ; --           ;
; E20      ;            ;          ; NC                      ;        ;              ;                     ; --           ;                 ; --       ; --           ;
; E21      ;            ;          ; NC                      ;        ;              ;                     ; --           ;                 ; --       ; --           ;
; E22      ;            ;          ; NC                      ;        ;              ;                     ; --           ;                 ; --       ; --           ;
; F1       ;            ;          ; GND                     ; gnd    ;              ;                     ; --           ;                 ; --       ; --           ;
; F2       ;            ;          ; GND                     ; gnd    ;              ;                     ; --           ;                 ; --       ; --           ;
; F3       ; 291        ; 9A       ; ^MSEL4                  ;        ;              ;                     ; --           ;                 ; --       ; --           ;
; F4       ;            ; --       ; VCCA_FPLL               ; power  ;              ; 2.5V                ; --           ;                 ; --       ; --           ;
; F5       ;            ;          ; GND                     ; gnd    ;              ;                     ; --           ;                 ; --       ; --           ;
; F6       ;            ;          ; GND                     ; gnd    ;              ;                     ; --           ;                 ; --       ; --           ;
; F7       ; 280        ; 8A       ; cram0_cre               ; output ; 1.8 V        ;                     ; Column I/O   ; Y               ; no       ; Off          ;
; F8       ;            ; --       ; VCCPGM                  ; power  ;              ; 1.8V/2.5V/3.0V/3.3V ; --           ;                 ; --       ; --           ;
; F9       ; 269        ; 8A       ; cram0_dq[13]            ; bidir  ; 1.8 V        ;                     ; Column I/O   ; Y               ; no       ; Off          ;
; F10      ; 253        ; 8A       ; cram0_dq[5]             ; bidir  ; 1.8 V        ;                     ; Column I/O   ; Y               ; no       ; Off          ;
; F11      ;            ; 7A       ; VCCIO7A                 ; power  ;              ; 1.8V                ; --           ;                 ; --       ; --           ;
; F12      ; 238        ; 7A       ; dram_a[2]               ; output ; 1.8 V        ;                     ; Column I/O   ; Y               ; no       ; Off          ;
; F13      ; 233        ; 7A       ; dram_a[4]               ; output ; 1.8 V        ;                     ; Column I/O   ; Y               ; no       ; Off          ;
; F14      ; 226        ; 7A       ; dram_a[7]               ; output ; 1.8 V        ;                     ; Column I/O   ; Y               ; no       ; Off          ;
; F15      ; 217        ; 7A       ; dram_a[11]              ; output ; 1.8 V        ;                     ; Column I/O   ; Y               ; no       ; Off          ;
; F16      ;            ;          ; GND                     ; gnd    ;              ;                     ; --           ;                 ; --       ; --           ;
; F17      ; 202        ; 7A       ; ^GND                    ;        ;              ;                     ; --           ;                 ; --       ; --           ;
; F18      ;            ;          ; NC                      ;        ;              ;                     ; --           ;                 ; --       ; --           ;
; F19      ;            ;          ; NC                      ;        ;              ;                     ; --           ;                 ; --       ; --           ;
; F20      ;            ;          ; NC                      ;        ;              ;                     ; --           ;                 ; --       ; --           ;
; F21      ;            ; 7A       ; VCCIO7A                 ; power  ;              ; 1.8V                ; --           ;                 ; --       ; --           ;
; F22      ;            ;          ; NC                      ;        ;              ;                     ; --           ;                 ; --       ; --           ;
; G1       ; 17         ; 2A       ; cram1_ub_n              ; output ; 1.8 V        ;                     ; Row I/O      ; Y               ; no       ; Off          ;
; G2       ; 19         ; 2A       ; cram1_dq[1]             ; bidir  ; 1.8 V        ;                     ; Row I/O      ; Y               ; no       ; Off          ;
; G3       ;            ;          ; GND                     ; gnd    ;              ;                     ; --           ;                 ; --       ; --           ;
; G4       ;            ;          ; GND                     ; gnd    ;              ;                     ; --           ;                 ; --       ; --           ;
; G5       ; 287        ; 9A       ; ^nCE                    ;        ;              ;                     ; --           ;                 ; --       ; --           ;
; G6       ; 279        ; 8A       ; cram0_dq[6]             ; bidir  ; 1.8 V        ;                     ; Column I/O   ; Y               ; no       ; Off          ;
; G7       ;            ; 8A       ; VCCIO8A                 ; power  ;              ; 1.8V                ; --           ;                 ; --       ; --           ;
; G8       ; 258        ; 8A       ; cram0_we_n              ; output ; 1.8 V        ;                     ; Column I/O   ; Y               ; no       ; Off          ;
; G9       ;            ;          ; GND                     ; gnd    ;              ;                     ; --           ;                 ; --       ; --           ;
; G10      ; 251        ; 8A       ; cram0_clk               ; output ; 1.8 V        ;                     ; Column I/O   ; Y               ; no       ; Off          ;
; G11      ; 236        ; 7A       ; dram_dq[14]             ; bidir  ; 1.8 V        ;                     ; Column I/O   ; Y               ; no       ; Off          ;
; G12      ; 245        ; 7A       ; dram_clk                ; output ; 1.8 V        ;                     ; Column I/O   ; Y               ; no       ; Off          ;
; G13      ; 237        ; 7A       ; dram_dq[11]             ; bidir  ; 1.8 V        ;                     ; Column I/O   ; Y               ; no       ; Off          ;
; G14      ;            ; 7A       ; VCCIO7A                 ; power  ;              ; 1.8V                ; --           ;                 ; --       ; --           ;
; G15      ; 224        ; 7A       ; dram_dq[9]              ; bidir  ; 1.8 V        ;                     ; Column I/O   ; Y               ; no       ; Off          ;
; G16      ; 210        ; 7A       ; dram_dq[10]             ; bidir  ; 1.8 V        ;                     ; Column I/O   ; Y               ; no       ; Off          ;
; G17      ; 208        ; 7A       ; dram_a[9]               ; output ; 1.8 V        ;                     ; Column I/O   ; Y               ; no       ; Off          ;
; G18      ; 211        ; 7A       ; dram_cke                ; output ; 1.8 V        ;                     ; Column I/O   ; Y               ; no       ; Off          ;
; G19      ;            ;          ; GND                     ; gnd    ;              ;                     ; --           ;                 ; --       ; --           ;
; G20      ;            ;          ; NC                      ;        ;              ;                     ; --           ;                 ; --       ; --           ;
; G21      ;            ;          ; NC                      ;        ;              ;                     ; --           ;                 ; --       ; --           ;
; G22      ;            ;          ; NC                      ;        ;              ;                     ; --           ;                 ; --       ; --           ;
; H1       ;            ;          ; GND                     ; gnd    ;              ;                     ; --           ;                 ; --       ; --           ;
; H2       ;            ;          ; GND                     ; gnd    ;              ;                     ; --           ;                 ; --       ; --           ;
; H3       ;            ;          ; GND                     ; gnd    ;              ;                     ; --           ;                 ; --       ; --           ;
; H4       ;            ;          ; GND                     ; gnd    ;              ;                     ; --           ;                 ; --       ; --           ;
; H5       ; 286        ; 9A       ; ^nSTATUS                ;        ;              ;                     ; --           ;                 ; --       ; --           ;
; H6       ; 281        ; 8A       ; cram0_a[16]             ; output ; 1.8 V        ;                     ; Column I/O   ; Y               ; no       ; Off          ;
; H7       ;            ;          ; GND                     ; gnd    ;              ;                     ; --           ;                 ; --       ; --           ;
; H8       ; 256        ; 8A       ; cram0_a[21]             ; output ; 1.8 V        ;                     ; Column I/O   ; Y               ; no       ; Off          ;
; H9       ; 261        ; 8A       ; cram0_a[20]             ; output ; 1.8 V        ;                     ; Column I/O   ; Y               ; no       ; Off          ;
; H10      ; 234        ; 7A       ; port_ir_rx              ; input  ; 1.8 V        ;                     ; Column I/O   ; Y               ; no       ; Off          ;
; H11      ; 243        ; 7A       ; port_ir_tx              ; output ; 1.8 V        ;                     ; Column I/O   ; Y               ; no       ; Off          ;
; H12      ;            ;          ; GND                     ; gnd    ;              ;                     ; --           ;                 ; --       ; --           ;
; H13      ; 235        ; 7A       ; dram_dq[12]             ; bidir  ; 1.8 V        ;                     ; Column I/O   ; Y               ; no       ; Off          ;
; H14      ; 227        ; 7A       ; bridge_spiss            ; input  ; 1.8 V        ;                     ; Column I/O   ; Y               ; no       ; Off          ;
; H15      ; 221        ; 7A       ; scal_audadc             ; input  ; 1.8 V        ;                     ; Column I/O   ; Y               ; no       ; Off          ;
; H16      ; 219        ; 7A       ; clk_74b                 ; input  ; 1.8 V        ;                     ; Column I/O   ; Y               ; no       ; Off          ;
; H17      ;            ; 7A       ; VCCIO7A                 ; power  ;              ; 1.8V                ; --           ;                 ; --       ; --           ;
; H18      ; 213        ; 7A       ; dram_dqm[1]             ; output ; 1.8 V        ;                     ; Column I/O   ; Y               ; no       ; Off          ;
; H19      ;            ; --       ; VCCA_FPLL               ; power  ;              ; 2.5V                ; --           ;                 ; --       ; --           ;
; H20      ;            ;          ; NC                      ;        ;              ;                     ; --           ;                 ; --       ; --           ;
; H21      ;            ;          ; NC                      ;        ;              ;                     ; --           ;                 ; --       ; --           ;
; H22      ;            ;          ; GND                     ; gnd    ;              ;                     ; --           ;                 ; --       ; --           ;
; J1       ;            ; 2A       ; VCCIO2A                 ; power  ;              ; 1.8V                ; --           ;                 ; --       ; --           ;
; J2       ;            ; 1A, 2A   ; VCCPD1A2A               ; power  ;              ; 2.5V                ; --           ;                 ; --       ; --           ;
; J3       ;            ;          ; GND                     ; gnd    ;              ;                     ; --           ;                 ; --       ; --           ;
; J4       ;            ; --       ; VCC                     ; power  ;              ; 1.1V                ; --           ;                 ; --       ; --           ;
; J5       ;            ;          ; GND                     ; gnd    ;              ;                     ; --           ;                 ; --       ; --           ;
; J6       ; 285        ; 9A       ; ^MSEL1                  ;        ;              ;                     ; --           ;                 ; --       ; --           ;
; J7       ; 255        ; 8A       ; cram0_dq[7]             ; bidir  ; 1.8 V        ;                     ; Column I/O   ; Y               ; no       ; Off          ;
; J8       ; 257        ; 8A       ; cram0_adv_n             ; output ; 1.8 V        ;                     ; Column I/O   ; Y               ; no       ; Off          ;
; J9       ; 259        ; 8A       ; cram0_dq[15]            ; bidir  ; 1.8 V        ;                     ; Column I/O   ; Y               ; no       ; Off          ;
; J10      ;            ; --       ; VCC                     ; power  ;              ; 1.1V                ; --           ;                 ; --       ; --           ;
; J11      ; 232        ; 7A       ; port_tran_so            ; bidir  ; 1.8 V        ;                     ; Column I/O   ; Y               ; no       ; Off          ;
; J12      ;            ; --       ; VCC                     ; power  ;              ; 1.1V                ; --           ;                 ; --       ; --           ;
; J13      ; 229        ; 7A       ; dram_dq[8]              ; bidir  ; 1.8 V        ;                     ; Column I/O   ; Y               ; no       ; Off          ;
; J14      ;            ; --       ; VCC                     ; power  ;              ; 1.1V                ; --           ;                 ; --       ; --           ;
; J15      ;            ;          ; GND                     ; gnd    ;              ;                     ; --           ;                 ; --       ; --           ;
; J16      ;            ; --       ; VCC                     ; power  ;              ; 1.1V                ; --           ;                 ; --       ; --           ;
; J17      ; 220        ; 7A       ; dram_a[12]              ; output ; 1.8 V        ;                     ; Column I/O   ; Y               ; no       ; Off          ;
; J18      ; 214        ; 7A       ; dram_a[8]               ; output ; 1.8 V        ;                     ; Column I/O   ; Y               ; no       ; Off          ;
; J19      ; 212        ; 7A       ; dram_dq[13]             ; bidir  ; 1.8 V        ;                     ; Column I/O   ; Y               ; no       ; Off          ;
; J20      ;            ;          ; GND                     ; gnd    ;              ;                     ; --           ;                 ; --       ; --           ;
; J21      ;            ;          ; NC                      ;        ;              ;                     ; --           ;                 ; --       ; --           ;
; J22      ;            ;          ; NC                      ;        ;              ;                     ; --           ;                 ; --       ; --           ;
; K1       ;            ;          ; GND                     ; gnd    ;              ;                     ; --           ;                 ; --       ; --           ;
; K2       ;            ;          ; GND                     ; gnd    ;              ;                     ; --           ;                 ; --       ; --           ;
; K3       ;            ; --       ; VCC                     ; power  ;              ; 1.1V                ; --           ;                 ; --       ; --           ;
; K4       ;            ;          ; GND                     ; gnd    ;              ;                     ; --           ;                 ; --       ; --           ;
; K5       ;            ; --       ; VCC                     ; power  ;              ; 1.1V                ; --           ;                 ; --       ; --           ;
; K6       ; 284        ; 9A       ; ^CONF_DONE              ;        ;              ;                     ; --           ;                 ; --       ; --           ;
; K7       ; 254        ; 8A       ; cram0_wait              ; input  ; 1.8 V        ;                     ; Column I/O   ; Y               ; no       ; Off          ;
; K8       ;            ;          ; GND                     ; gnd    ;              ;                     ; --           ;                 ; --       ; --           ;
; K9       ; 246        ; 7A       ; cart_tran_pin31         ; bidir  ; 1.8 V        ;                     ; Column I/O   ; Y               ; no       ; Off          ;
; K10      ;            ;          ; GND                     ; gnd    ;              ;                     ; --           ;                 ; --       ; --           ;
; K11      ;            ; --       ; VCC                     ; power  ;              ; 1.1V                ; --           ;                 ; --       ; --           ;
; K12      ;            ;          ; GND                     ; gnd    ;              ;                     ; --           ;                 ; --       ; --           ;
; K13      ;            ; --       ; VCC                     ; power  ;              ; 1.1V                ; --           ;                 ; --       ; --           ;
; K14      ;            ;          ; GND                     ; gnd    ;              ;                     ; --           ;                 ; --       ; --           ;
; K15      ;            ; --       ; VCC                     ; power  ;              ; 1.1V                ; --           ;                 ; --       ; --           ;
; K16      ; 222        ; 7A       ; scal_audmclk            ; output ; 1.8 V        ;                     ; Column I/O   ; Y               ; no       ; Off          ;
; K17      ; 178        ; 5B       ; scal_audlrck            ; output ; 1.8 V        ;                     ; Row I/O      ; Y               ; no       ; Off          ;
; K18      ;            ; 5B       ; VCCIO5B                 ; power  ;              ; 1.8V                ; --           ;                 ; --       ; --           ;
; K19      ; 205        ; 7A       ; scal_auddac             ; output ; 1.8 V        ;                     ; Column I/O   ; Y               ; no       ; Off          ;
; K20      ; 203        ; 7A       ; dram_dq[15]             ; bidir  ; 1.8 V        ;                     ; Column I/O   ; Y               ; no       ; Off          ;
; K21      ; 183        ; 5B       ; dbg_tx                  ; output ; 1.8 V        ;                     ; Row I/O      ; Y               ; no       ; Off          ;
; K22      ; 185        ; 5B       ; dbg_rx                  ; input  ; 1.8 V        ;                     ; Row I/O      ; Y               ; no       ; Off          ;
; L1       ; 21         ; 2A       ; cram1_lb_n              ; output ; 1.8 V        ;                     ; Row I/O      ; Y               ; no       ; Off          ;
; L2       ; 23         ; 2A       ; cram1_a[19]             ; output ; 1.8 V        ;                     ; Row I/O      ; Y               ; no       ; Off          ;
; L3       ;            ;          ; GND                     ; gnd    ;              ;                     ; --           ;                 ; --       ; --           ;
; L4       ;            ; --       ; VCC                     ; power  ;              ; 1.1V                ; --           ;                 ; --       ; --           ;
; L5       ;            ;          ; GND                     ; gnd    ;              ;                     ; --           ;                 ; --       ; --           ;
; L6       ; 283        ; 9A       ; ^MSEL0                  ;        ;              ;                     ; --           ;                 ; --       ; --           ;
; L7       ; 252        ; 8A       ; cram0_dq[14]            ; bidir  ; 1.8 V        ;                     ; Column I/O   ; Y               ; no       ; Off          ;
; L8       ; 244        ; 7A       ; cart_tran_pin30         ; bidir  ; 1.8 V        ;                     ; Column I/O   ; Y               ; no       ; Off          ;
; L9       ;            ;          ; DNU                     ;        ;              ;                     ; --           ;                 ; --       ; --           ;
; L10      ;            ; --       ; VCC                     ; power  ;              ; 1.1V                ; --           ;                 ; --       ; --           ;
; L11      ;            ;          ; GND                     ; gnd    ;              ;                     ; --           ;                 ; --       ; --           ;
; L12      ;            ; --       ; VCC                     ; power  ;              ; 1.1V                ; --           ;                 ; --       ; --           ;
; L13      ;            ;          ; GND                     ; gnd    ;              ;                     ; --           ;                 ; --       ; --           ;
; L14      ;            ; --       ; VCC                     ; power  ;              ; 1.1V                ; --           ;                 ; --       ; --           ;
; L15      ;            ;          ; GND                     ; gnd    ;              ;                     ; --           ;                 ; --       ; --           ;
; L16      ;            ; --       ; VCC                     ; power  ;              ; 1.1V                ; --           ;                 ; --       ; --           ;
; L17      ; 180        ; 5B       ; cart_pin30_pwroff_reset ; output ; 1.8 V        ;                     ; Row I/O      ; Y               ; no       ; Off          ;
; L18      ; 184        ; 5B       ; port_ir_rx_disable      ; output ; 1.8 V        ;                     ; Row I/O      ; Y               ; no       ; Off          ;
; L19      ; 182        ; 5B       ; bridge_1wire            ; bidir  ; 1.8 V        ;                     ; Row I/O      ; Y               ; no       ; On           ;
; L20      ;            ; 5B       ; VREFB5BN0               ; power  ;              ;                     ; --           ;                 ; --       ; --           ;
; L21      ;            ;          ; GND                     ; gnd    ;              ;                     ; --           ;                 ; --       ; --           ;
; L22      ; 177        ; 5B       ; user2                   ; input  ; 1.8 V        ;                     ; Row I/O      ; Y               ; no       ; Off          ;
; M1       ;            ;          ; GND                     ; gnd    ;              ;                     ; --           ;                 ; --       ; --           ;
; M2       ;            ;          ; GND                     ; gnd    ;              ;                     ; --           ;                 ; --       ; --           ;
; M3       ;            ; --       ; VCCA_FPLL               ; power  ;              ; 2.5V                ; --           ;                 ; --       ; --           ;
; M4       ;            ;          ; GND                     ; gnd    ;              ;                     ; --           ;                 ; --       ; --           ;
; M5       ; 48         ; 3A       ; #TDO                    ; output ;              ;                     ; --           ;                 ; --       ; --           ;
; M6       ; 70         ; 3A       ; cram1_dq[5]             ; bidir  ; 1.8 V        ;                     ; Column I/O   ; Y               ; no       ; Off          ;
; M7       ; 72         ; 3A       ; cram1_oe_n              ; output ; 1.8 V        ;                     ; Column I/O   ; Y               ; no       ; Off          ;
; M8       ; 86         ; 3B       ; sram_a[2]               ; output ; 3.3-V LVCMOS ;                     ; Column I/O   ; Y               ; no       ; Off          ;
; M9       ; 88         ; 3B       ; sram_a[1]               ; output ; 3.3-V LVCMOS ;                     ; Column I/O   ; Y               ; no       ; Off          ;
; M10      ;            ;          ; GND                     ; gnd    ;              ;                     ; --           ;                 ; --       ; --           ;
; M11      ;            ; --       ; VCC                     ; power  ;              ; 1.1V                ; --           ;                 ; --       ; --           ;
; M12      ;            ;          ; GND                     ; gnd    ;              ;                     ; --           ;                 ; --       ; --           ;
; M13      ;            ; --       ; VCC                     ; power  ;              ; 1.1V                ; --           ;                 ; --       ; --           ;
; M14      ;            ;          ; GND                     ; gnd    ;              ;                     ; --           ;                 ; --       ; --           ;
; M15      ;            ; --       ; VCC                     ; power  ;              ; 1.1V                ; --           ;                 ; --       ; --           ;
; M16      ; 172        ; 5B       ; aux_scl                 ; output ; 1.8 V        ;                     ; Row I/O      ; Y               ; no       ; Off          ;
; M17      ;            ; 5B       ; VCCPD5B                 ; power  ;              ; 2.5V                ; --           ;                 ; --       ; --           ;
; M18      ; 176        ; 5B       ; aux_sda                 ; bidir  ; 1.8 V        ;                     ; Row I/O      ; Y               ; no       ; Off          ;
; M19      ;            ; 5B       ; VCCIO5B                 ; power  ;              ; 1.8V                ; --           ;                 ; --       ; --           ;
; M20      ; 179        ; 5B       ; bridge_spimosi          ; bidir  ; 1.8 V        ;                     ; Row I/O      ; Y               ; no       ; On           ;
; M21      ; 181        ; 5B       ; bridge_spimiso          ; bidir  ; 1.8 V        ;                     ; Row I/O      ; Y               ; no       ; On           ;
; M22      ; 175        ; 5B       ; user1                   ; output ; 1.8 V        ;                     ; Row I/O      ; Y               ; no       ; Off          ;
; N1       ; 24         ; 2A       ; cram1_a[18]             ; output ; 1.8 V        ;                     ; Row I/O      ; Y               ; no       ; Off          ;
; N2       ; 26         ; 2A       ; cram1_ce0_n             ; output ; 1.8 V        ;                     ; Row I/O      ; Y               ; no       ; Off          ;
; N3       ;            ;          ; GND                     ; gnd    ;              ;                     ; --           ;                 ; --       ; --           ;
; N4       ;            ; --       ; VCC                     ; power  ;              ; 1.1V                ; --           ;                 ; --       ; --           ;
; N5       ;            ;          ; GND                     ; gnd    ;              ;                     ; --           ;                 ; --       ; --           ;
; N6       ; 64         ; 3A       ; cram1_dq[10]            ; bidir  ; 1.8 V        ;                     ; Column I/O   ; Y               ; no       ; Off          ;
; N7       ;            ;          ; GND                     ; gnd    ;              ;                     ; --           ;                 ; --       ; --           ;
; N8       ; 80         ; 3B       ; sram_dq[0]              ; bidir  ; 3.3-V LVCMOS ;                     ; Column I/O   ; Y               ; no       ; Off          ;
; N9       ; 104        ; 3B       ; sram_a[4]               ; output ; 3.3-V LVCMOS ;                     ; Column I/O   ; Y               ; no       ; Off          ;
; N10      ;            ; --       ; VCC                     ; power  ;              ; 1.1V                ; --           ;                 ; --       ; --           ;
; N11      ;            ;          ; GND                     ; gnd    ;              ;                     ; --           ;                 ; --       ; --           ;
; N12      ;            ; --       ; VCC                     ; power  ;              ; 1.1V                ; --           ;                 ; --       ; --           ;
; N13      ;            ;          ; GND                     ; gnd    ;              ;                     ; --           ;                 ; --       ; --           ;
; N14      ;            ; --       ; VCC                     ; power  ;              ; 1.1V                ; --           ;                 ; --       ; --           ;
; N15      ;            ;          ; GND                     ; gnd    ;              ;                     ; --           ;                 ; --       ; --           ;
; N16      ; 170        ; 5B       ; scal_vid[2]             ; bidir  ; 1.8 V        ;                     ; Row I/O      ; Y               ; no       ; Off          ;
; N17      ;            ;          ; GND                     ; gnd    ;              ;                     ; --           ;                 ; --       ; --           ;
; N18      ;            ; 5B       ; VCCPD5B                 ; power  ;              ; 2.5V                ; --           ;                 ; --       ; --           ;
; N19      ; 174        ; 5B       ; vblank                  ; input  ; 1.8 V        ;                     ; Row I/O      ; Y               ; no       ; Off          ;
; N20      ; 171        ; 5B       ; scal_de                 ; bidir  ; 1.8 V        ;                     ; Row I/O      ; Y               ; no       ; Off          ;
; N21      ; 173        ; 5B       ; scal_skip               ; bidir  ; 1.8 V        ;                     ; Row I/O      ; Y               ; no       ; Off          ;
; N22      ;            ;          ; GND                     ; gnd    ;              ;                     ; --           ;                 ; --       ; --           ;
; P1       ;            ;          ; GND                     ; gnd    ;              ;                     ; --           ;                 ; --       ; --           ;
; P2       ;            ;          ; GND                     ; gnd    ;              ;                     ; --           ;                 ; --       ; --           ;
; P3       ;            ; --       ; VCC                     ; power  ;              ; 1.1V                ; --           ;                 ; --       ; --           ;
; P4       ;            ;          ; GND                     ; gnd    ;              ;                     ; --           ;                 ; --       ; --           ;
; P5       ; 50         ; 3A       ; #TMS                    ; input  ;              ;                     ; --           ;                 ; --       ; --           ;
; P6       ; 62         ; 3A       ; cram1_dq[3]             ; bidir  ; 1.8 V        ;                     ; Column I/O   ; Y               ; no       ; Off          ;
; P7       ; 73         ; 3A       ; cram1_dq[11]            ; bidir  ; 1.8 V        ;                     ; Column I/O   ; Y               ; no       ; Off          ;
; P8       ; 78         ; 3B       ; sram_a[6]               ; output ; 3.3-V LVCMOS ;                     ; Column I/O   ; Y               ; no       ; Off          ;
; P9       ; 102        ; 3B       ; sram_dq[1]              ; bidir  ; 3.3-V LVCMOS ;                     ; Column I/O   ; Y               ; no       ; Off          ;
; P10      ;            ;          ; GND                     ; gnd    ;              ;                     ; --           ;                 ; --       ; --           ;
; P11      ;            ; --       ; VCC                     ; power  ;              ; 1.1V                ; --           ;                 ; --       ; --           ;
; P12      ; 97         ; 3B       ; sram_lb_n               ; output ; 3.3-V LVCMOS ;                     ; Column I/O   ; Y               ; no       ; Off          ;
; P13      ;            ; --       ; VCC                     ; power  ;              ; 1.1V                ; --           ;                 ; --       ; --           ;
; P14      ; 142        ; 4A       ; sram_dq[2]              ; bidir  ; 3.3-V LVCMOS ;                     ; Column I/O   ; Y               ; no       ; Off          ;
; P15      ;            ; --       ; VCC                     ; power  ;              ; 1.1V                ; --           ;                 ; --       ; --           ;
; P16      ; 167        ; 5A       ; vpll_feed               ; output ; 1.8 V        ;                     ; Row I/O      ; Y               ; no       ; Off          ;
; P17      ; 169        ; 5A       ; scal_hs                 ; bidir  ; 1.8 V        ;                     ; Row I/O      ; Y               ; no       ; Off          ;
; P18      ; 168        ; 5A       ; scal_vid[3]             ; bidir  ; 1.8 V        ;                     ; Row I/O      ; Y               ; no       ; Off          ;
; P19      ; 166        ; 5A       ; scal_vid[4]             ; bidir  ; 1.8 V        ;                     ; Row I/O      ; Y               ; no       ; Off          ;
; P20      ;            ; 5A       ; VCCIO5A                 ; power  ;              ; 1.8V                ; --           ;                 ; --       ; --           ;
; P21      ;            ; 5A       ; VCCPD5A                 ; power  ;              ; 2.5V                ; --           ;                 ; --       ; --           ;
; P22      ; 164        ; 5A       ; scal_vid[1]             ; bidir  ; 1.8 V        ;                     ; Row I/O      ; Y               ; no       ; Off          ;
; R1       ;            ; 2A       ; VCCIO2A                 ; power  ;              ; 1.8V                ; --           ;                 ; --       ; --           ;
; R2       ;            ; 1A, 2A   ; VCCPD1A2A               ; power  ;              ; 2.5V                ; --           ;                 ; --       ; --           ;
; R3       ;            ;          ; GND                     ; gnd    ;              ;                     ; --           ;                 ; --       ; --           ;
; R4       ; 49         ; 3A       ; ^nCSO, DATA4            ;        ;              ;                     ; Weak Pull Up ;                 ; --       ; On           ;
; R5       ; 60         ; 3A       ; cram1_dq[4]             ; bidir  ; 1.8 V        ;                     ; Column I/O   ; Y               ; no       ; Off          ;
; R6       ; 58         ; 3A       ; cram1_dq[12]            ; bidir  ; 1.8 V        ;                     ; Column I/O   ; Y               ; no       ; Off          ;
; R7       ; 71         ; 3A       ; cram1_dq[13]            ; bidir  ; 1.8 V        ;                     ; Column I/O   ; Y               ; no       ; Off          ;
; R8       ;            ; 3B       ; VCCIO3B                 ; power  ;              ; 3.3V                ; --           ;                 ; --       ; --           ;
; R9       ; 93         ; 3B       ; port_tran_sd            ; bidir  ; 3.3-V LVCMOS ;                     ; Column I/O   ; Y               ; no       ; Off          ;
; R10      ; 99         ; 3B       ; sram_a[13]              ; output ; 3.3-V LVCMOS ;                     ; Column I/O   ; Y               ; no       ; Off          ;
; R11      ; 101        ; 3B       ; sram_we_n               ; output ; 3.3-V LVCMOS ;                     ; Column I/O   ; Y               ; no       ; Off          ;
; R12      ; 95         ; 3B       ; sram_dq[7]              ; bidir  ; 3.3-V LVCMOS ;                     ; Column I/O   ; Y               ; no       ; Off          ;
; R13      ;            ;          ; GND                     ; gnd    ;              ;                     ; --           ;                 ; --       ; --           ;
; R14      ; 144        ; 4A       ; sram_oe_n               ; output ; 3.3-V LVCMOS ;                     ; Column I/O   ; Y               ; no       ; Off          ;
; R15      ; 161        ; 5A       ; scal_vid[10]            ; bidir  ; 1.8 V        ;                     ; Row I/O      ; Y               ; no       ; Off          ;
; R16      ; 163        ; 5A       ; scal_vid[11]            ; bidir  ; 1.8 V        ;                     ; Row I/O      ; Y               ; no       ; Off          ;
; R17      ; 165        ; 5A       ; scal_clk                ; bidir  ; 1.8 V        ;                     ; Row I/O      ; Y               ; no       ; Off          ;
; R18      ;            ; 5A       ; VCCIO5A                 ; power  ;              ; 1.8V                ; --           ;                 ; --       ; --           ;
; R19      ;            ; --       ; VCCPGM                  ; power  ;              ; 1.8V/2.5V/3.0V/3.3V ; --           ;                 ; --       ; --           ;
; R20      ;            ; 5A       ; VREFB5AN0               ; power  ;              ;                     ; --           ;                 ; --       ; --           ;
; R21      ; 162        ; 5A       ; scal_vid[0]             ; bidir  ; 1.8 V        ;                     ; Row I/O      ; Y               ; no       ; Off          ;
; R22      ; 160        ; 5A       ; scal_vid[9]             ; bidir  ; 1.8 V        ;                     ; Row I/O      ; Y               ; no       ; Off          ;
; T1       ;            ;          ; GND                     ; gnd    ;              ;                     ; --           ;                 ; --       ; --           ;
; T2       ;            ;          ; GND                     ; gnd    ;              ;                     ; --           ;                 ; --       ; --           ;
; T3       ;            ; --       ; VCCA_FPLL               ; power  ;              ; 2.5V                ; --           ;                 ; --       ; --           ;
; T4       ; 51         ; 3A       ; ^AS_DATA3, DATA3        ;        ;              ;                     ; Weak Pull Up ;                 ; --       ; On           ;
; T5       ;            ; --       ; VCCA_FPLL               ; power  ;              ; 2.5V                ; --           ;                 ; --       ; --           ;
; T6       ;            ; 3A       ; VCCIO3A                 ; power  ;              ; 1.8V                ; --           ;                 ; --       ; --           ;
; T7       ; 66         ; 3A       ; cram1_cre               ; output ; 1.8 V        ;                     ; Column I/O   ; Y               ; no       ; Off          ;
; T8       ; 68         ; 3A       ; cram1_ce1_n             ; output ; 1.8 V        ;                     ; Column I/O   ; Y               ; no       ; Off          ;
; T9       ; 83         ; 3B       ; port_tran_sd_dir        ; output ; 3.3-V LVCMOS ;                     ; Column I/O   ; Y               ; no       ; Off          ;
; T10      ; 91         ; 3B       ; sram_a[11]              ; output ; 3.3-V LVCMOS ;                     ; Column I/O   ; Y               ; no       ; Off          ;
; T11      ;            ; 3B       ; VCCIO3B                 ; power  ;              ; 3.3V                ; --           ;                 ; --       ; --           ;
; T12      ; 110        ; 4A       ; sram_dq[5]              ; bidir  ; 3.3-V LVCMOS ;                     ; Column I/O   ; Y               ; no       ; Off          ;
; T13      ; 112        ; 4A       ; port_tran_so_dir        ; output ; 3.3-V LVCMOS ;                     ; Column I/O   ; Y               ; no       ; Off          ;
; T14      ; 126        ; 4A       ; sram_a[0]               ; output ; 3.3-V LVCMOS ;                     ; Column I/O   ; Y               ; no       ; Off          ;
; T15      ; 159        ; 5A       ; scal_vs                 ; bidir  ; 1.8 V        ;                     ; Row I/O      ; Y               ; no       ; Off          ;
; T16      ;            ;          ; GND                     ; gnd    ;              ;                     ; --           ;                 ; --       ; --           ;
; T17      ; 157        ; 5A       ; bridge_spiclk           ; bidir  ; 1.8 V        ;                     ; Row I/O      ; Y               ; no       ; On           ;
; T18      ; 155        ; 5A       ; scal_vid[7]             ; bidir  ; 1.8 V        ;                     ; Row I/O      ; Y               ; no       ; Off          ;
; T19      ; 154        ; 5A       ; scal_vid[6]             ; bidir  ; 1.8 V        ;                     ; Row I/O      ; Y               ; no       ; Off          ;
; T20      ; 156        ; 5A       ; scal_vid[5]             ; bidir  ; 1.8 V        ;                     ; Row I/O      ; Y               ; no       ; Off          ;
; T21      ;            ;          ; GND                     ; gnd    ;              ;                     ; --           ;                 ; --       ; --           ;
; T22      ; 158        ; 5A       ; scal_vid[8]             ; bidir  ; 1.8 V        ;                     ; Row I/O      ; Y               ; no       ; Off          ;
; U1       ; 25         ; 2A       ; cram1_a[17]             ; output ; 1.8 V        ;                     ; Row I/O      ; Y               ; no       ; Off          ;
; U2       ; 27         ; 2A       ; cram1_a[16]             ; output ; 1.8 V        ;                     ; Row I/O      ; Y               ; no       ; Off          ;
; U3       ;            ;          ; GND                     ; gnd    ;              ;                     ; --           ;                 ; --       ; --           ;
; U4       ;            ;          ; GND                     ; gnd    ;              ;                     ; --           ;                 ; --       ; --           ;
; U5       ;            ;          ; GND                     ; gnd    ;              ;                     ; --           ;                 ; --       ; --           ;
; U6       ; 67         ; 3A       ; cram1_dq[14]            ; bidir  ; 1.8 V        ;                     ; Column I/O   ; Y               ; no       ; Off          ;
; U7       ; 59         ; 3A       ; cram1_dq[6]             ; bidir  ; 1.8 V        ;                     ; Column I/O   ; Y               ; no       ; Off          ;
; U8       ; 61         ; 3A       ; cram1_adv_n             ; output ; 1.8 V        ;                     ; Column I/O   ; Y               ; no       ; Off          ;
; U9       ;            ;          ; GND                     ; gnd    ;              ;                     ; --           ;                 ; --       ; --           ;
; U10      ; 85         ; 3B       ; bist                    ; bidir  ; 3.3-V LVCMOS ;                     ; Column I/O   ; Y               ; no       ; Off          ;
; U11      ; 94         ; 3B       ; sram_a[10]              ; output ; 3.3-V LVCMOS ;                     ; Column I/O   ; Y               ; no       ; Off          ;
; U12      ; 96         ; 3B       ; sram_a[15]              ; output ; 3.3-V LVCMOS ;                     ; Column I/O   ; Y               ; no       ; Off          ;
; U13      ; 109        ; 4A       ; sram_a[8]               ; output ; 3.3-V LVCMOS ;                     ; Column I/O   ; Y               ; no       ; Off          ;
; U14      ;            ; 4A       ; VCCIO4A                 ; power  ;              ; 3.3V                ; --           ;                 ; --       ; --           ;
; U15      ; 128        ; 4A       ; sram_a[14]              ; output ; 3.3-V LVCMOS ;                     ; Column I/O   ; Y               ; no       ; Off          ;
; U16      ; 150        ; 4A       ; sram_dq[8]              ; bidir  ; 3.3-V LVCMOS ;                     ; Column I/O   ; Y               ; no       ; Off          ;
; U17      ; 152        ; 4A       ; sram_ub_n               ; output ; 3.3-V LVCMOS ;                     ; Column I/O   ; Y               ; no       ; Off          ;
; U18      ;            ; --       ; VCCA_FPLL               ; power  ;              ; 2.5V                ; --           ;                 ; --       ; --           ;
; U19      ;            ; 4A       ; VCCIO4A                 ; power  ;              ; 3.3V                ; --           ;                 ; --       ; --           ;
; U20      ; 153        ; 4A       ; sram_dq[9]              ; bidir  ; 3.3-V LVCMOS ;                     ; Column I/O   ; Y               ; no       ; Off          ;
; U21      ; 151        ; 4A       ; sram_a[3]               ; output ; 3.3-V LVCMOS ;                     ; Column I/O   ; Y               ; no       ; Off          ;
; U22      ; 146        ; 4A       ; cart_tran_pin31_dir     ; output ; 3.3-V LVCMOS ;                     ; Column I/O   ; Y               ; no       ; Off          ;
; V1       ;            ;          ; GND                     ; gnd    ;              ;                     ; --           ;                 ; --       ; --           ;
; V2       ;            ;          ; GND                     ; gnd    ;              ;                     ; --           ;                 ; --       ; --           ;
; V3       ; 56         ; 3A       ; ^DCLK                   ;        ;              ;                     ; Weak Pull Up ;                 ; --       ; On           ;
; V4       ;            ;          ; GND                     ; gnd    ;              ;                     ; --           ;                 ; --       ; --           ;
; V5       ; 52         ; 3A       ; #TCK                    ; input  ;              ;                     ; --           ;                 ; --       ; --           ;
; V6       ; 69         ; 3A       ; cram1_dq[7]             ; bidir  ; 1.8 V        ;                     ; Column I/O   ; Y               ; no       ; Off          ;
; V7       ;            ;          ; GND                     ; gnd    ;              ;                     ; --           ;                 ; --       ; --           ;
; V8       ;            ; --       ; VCCPGM                  ; power  ;              ; 1.8V/2.5V/3.0V/3.3V ; --           ;                 ; --       ; --           ;
; V9       ; 75         ; 3B       ; port_tran_si_dir        ; output ; 3.3-V LVCMOS ;                     ; Column I/O   ; Y               ; no       ; Off          ;
; V10      ; 77         ; 3B       ; port_tran_si            ; bidir  ; 3.3-V LVCMOS ;                     ; Column I/O   ; Y               ; no       ; Off          ;
; V11      ;            ;          ; NC                      ;        ;              ;                     ; --           ;                 ; --       ; --           ;
; V12      ;            ;          ; GND                     ; gnd    ;              ;                     ; --           ;                 ; --       ; --           ;
; V13      ; 107        ; 4A       ; sram_dq[6]              ; bidir  ; 3.3-V LVCMOS ;                     ; Column I/O   ; Y               ; no       ; Off          ;
; V14      ; 118        ; 4A       ; sram_a[12]              ; output ; 3.3-V LVCMOS ;                     ; Column I/O   ; Y               ; no       ; Off          ;
; V15      ; 120        ; 4A       ; clk_74a                 ; input  ; 3.3-V LVCMOS ;                     ; Column I/O   ; Y               ; no       ; Off          ;
; V16      ; 134        ; 4A       ; sram_a[16]              ; output ; 3.3-V LVCMOS ;                     ; Column I/O   ; Y               ; no       ; Off          ;
; V17      ;            ;          ; GND                     ; gnd    ;              ;                     ; --           ;                 ; --       ; --           ;
; V18      ; 149        ; 4A       ; sram_dq[10]             ; bidir  ; 3.3-V LVCMOS ;                     ; Column I/O   ; Y               ; no       ; Off          ;
; V19      ; 147        ; 4A       ; sram_a[5]               ; output ; 3.3-V LVCMOS ;                     ; Column I/O   ; Y               ; no       ; Off          ;
; V20      ; 131        ; 4A       ; sram_dq[11]             ; bidir  ; 3.3-V LVCMOS ;                     ; Column I/O   ; Y               ; no       ; Off          ;
; V21      ; 148        ; 4A       ; cart_tran_bank3_dir     ; output ; 3.3-V LVCMOS ;                     ; Column I/O   ; Y               ; no       ; Off          ;
; V22      ;            ;          ; GND                     ; gnd    ;              ;                     ; --           ;                 ; --       ; --           ;
; W1       ;            ; 2A       ; VREFB2AN0               ; power  ;              ;                     ; --           ;                 ; --       ; --           ;
; W2       ; 28         ; 2A       ; cram1_clk               ; output ; 1.8 V        ;                     ; Row I/O      ; Y               ; no       ; Off          ;
; W3       ;            ;          ; GND                     ; gnd    ;              ;                     ; --           ;                 ; --       ; --           ;
; W4       ;            ;          ; GND                     ; gnd    ;              ;                     ; --           ;                 ; --       ; --           ;
; W5       ; 54         ; 3A       ; #TDI                    ; input  ;              ;                     ; --           ;                 ; --       ; --           ;
; W6       ;            ; 3A       ; VCCPD3A                 ; power  ;              ; 2.5V                ; --           ;                 ; --       ; --           ;
; W7       ;            ; --       ; VCC_AUX                 ; power  ;              ; 2.5V                ; --           ;                 ; --       ; --           ;
; W8       ; 63         ; 3A       ; cram1_dq[15]            ; bidir  ; 1.8 V        ;                     ; Column I/O   ; Y               ; no       ; Off          ;
; W9       ; 65         ; 3A       ; cram1_wait              ; input  ; 1.8 V        ;                     ; Column I/O   ; Y               ; no       ; Off          ;
; W10      ;            ; 3B       ; VCCIO3B                 ; power  ;              ; 3.3V                ; --           ;                 ; --       ; --           ;
; W11      ;            ; 3B, 4A   ; VCCPD3B4A               ; power  ;              ; 3.3V                ; --           ;                 ; --       ; --           ;
; W12      ;            ; 3B, 4A   ; VCCPD3B4A               ; power  ;              ; 3.3V                ; --           ;                 ; --       ; --           ;
; W13      ;            ; --       ; VCC_AUX                 ; power  ;              ; 2.5V                ; --           ;                 ; --       ; --           ;
; W14      ;            ; 3B, 4A   ; VCCPD3B4A               ; power  ;              ; 3.3V                ; --           ;                 ; --       ; --           ;
; W15      ;            ; 4A       ; VCCIO4A                 ; power  ;              ; 3.3V                ; --           ;                 ; --       ; --           ;
; W16      ; 136        ; 4A       ; sram_dq[14]             ; bidir  ; 3.3-V LVCMOS ;                     ; Column I/O   ; Y               ; no       ; Off          ;
; W17      ;            ; 3B, 4A   ; VCCPD3B4A               ; power  ;              ; 3.3V                ; --           ;                 ; --       ; --           ;
; W18      ;            ; --       ; VCC_AUX                 ; power  ;              ; 2.5V                ; --           ;                 ; --       ; --           ;
; W19      ; 133        ; 4A       ; sram_dq[4]              ; bidir  ; 3.3-V LVCMOS ;                     ; Column I/O   ; Y               ; no       ; Off          ;
; W20      ;            ; 4A       ; VCCIO4A                 ; power  ;              ; 3.3V                ; --           ;                 ; --       ; --           ;
; W21      ; 145        ; 4A       ; cart_tran_bank3[1]      ; bidir  ; 3.3-V LVCMOS ;                     ; Column I/O   ; Y               ; no       ; Off          ;
; W22      ; 140        ; 4A       ; cart_tran_bank3[0]      ; bidir  ; 3.3-V LVCMOS ;                     ; Column I/O   ; Y               ; no       ; Off          ;
; Y1       ;            ;          ; GND                     ; gnd    ;              ;                     ; --           ;                 ; --       ; --           ;
; Y2       ;            ;          ; GND                     ; gnd    ;              ;                     ; --           ;                 ; --       ; --           ;
; Y3       ; 30         ; 2A       ; cram1_a[21]             ; output ; 1.8 V        ;                     ; Row I/O      ; Y               ; no       ; Off          ;
; Y4       ;            ; 2A       ; VCCIO2A                 ; power  ;              ; 1.8V                ; --           ;                 ; --       ; --           ;
; Y5       ;            ;          ; GND                     ; gnd    ;              ;                     ; --           ;                 ; --       ; --           ;
; Y6       ;            ;          ; NC                      ;        ;              ;                     ; --           ;                 ; --       ; --           ;
; Y7       ;            ; 3A       ; VREFB3AN0               ; power  ;              ;                     ; --           ;                 ; --       ; --           ;
; Y8       ;            ; 3A       ; VCCIO3A                 ; power  ;              ; 1.8V                ; --           ;                 ; --       ; --           ;
; Y9       ; 92         ; 3B       ; port_tran_sck_dir       ; output ; 3.3-V LVCMOS ;                     ; Column I/O   ; Y               ; no       ; Off          ;
; Y10      ; 90         ; 3B       ; cart_tran_bank1[5]      ; bidir  ; 3.3-V LVCMOS ;                     ; Column I/O   ; Y               ; no       ; Off          ;
; Y11      ; 103        ; 3B       ; cart_tran_bank1[3]      ; bidir  ; 3.3-V LVCMOS ;                     ; Column I/O   ; Y               ; no       ; Off          ;
; Y12      ;            ; 3B       ; VREFB3BN0               ; power  ;              ;                     ; --           ;                 ; --       ; --           ;
; Y13      ;            ; 3B       ; VCCIO3B                 ; power  ;              ; 3.3V                ; --           ;                 ; --       ; --           ;
; Y14      ; 115        ; 4A       ; sram_a[9]               ; output ; 3.3-V LVCMOS ;                     ; Column I/O   ; Y               ; no       ; Off          ;
; Y15      ; 117        ; 4A       ; sram_dq[15]             ; bidir  ; 3.3-V LVCMOS ;                     ; Column I/O   ; Y               ; no       ; Off          ;
; Y16      ; 123        ; 4A       ; sram_dq[13]             ; bidir  ; 3.3-V LVCMOS ;                     ; Column I/O   ; Y               ; no       ; Off          ;
; Y17      ; 125        ; 4A       ; sram_dq[12]             ; bidir  ; 3.3-V LVCMOS ;                     ; Column I/O   ; Y               ; no       ; Off          ;
; Y18      ;            ;          ; GND                     ; gnd    ;              ;                     ; --           ;                 ; --       ; --           ;
; Y19      ; 141        ; 4A       ; sram_a[7]               ; output ; 3.3-V LVCMOS ;                     ; Column I/O   ; Y               ; no       ; Off          ;
; Y20      ; 139        ; 4A       ; sram_dq[3]              ; bidir  ; 3.3-V LVCMOS ;                     ; Column I/O   ; Y               ; no       ; Off          ;
; Y21      ; 143        ; 4A       ; cart_tran_bank3[3]      ; bidir  ; 3.3-V LVCMOS ;                     ; Column I/O   ; Y               ; no       ; Off          ;
; Y22      ; 138        ; 4A       ; cart_tran_bank3[2]      ; bidir  ; 3.3-V LVCMOS ;                     ; Column I/O   ; Y               ; no       ; Off          ;
+----------+------------+----------+-------------------------+--------+--------------+---------------------+--------------+-----------------+----------+--------------+
Note: Pin directions (input, output or bidir) are based on device operating in user mode.


+----------------------------------------------------------------+
; I/O Assignment Warnings                                        ;
+-------------------------+--------------------------------------+
; Pin Name                ; Reason                               ;
+-------------------------+--------------------------------------+
; cart_tran_bank2_dir     ; Missing drive strength and slew rate ;
; cart_tran_bank3_dir     ; Missing drive strength and slew rate ;
; cart_tran_bank1_dir     ; Missing drive strength and slew rate ;
; cart_tran_bank0_dir     ; Missing drive strength and slew rate ;
; cart_tran_pin30_dir     ; Missing drive strength and slew rate ;
; cart_pin30_pwroff_reset ; Missing slew rate                    ;
; cart_tran_pin31_dir     ; Missing drive strength and slew rate ;
; port_ir_tx              ; Missing slew rate                    ;
; port_ir_rx_disable      ; Missing slew rate                    ;
; port_tran_si_dir        ; Missing drive strength and slew rate ;
; port_tran_so_dir        ; Missing drive strength and slew rate ;
; port_tran_sck_dir       ; Missing drive strength and slew rate ;
; port_tran_sd_dir        ; Missing drive strength and slew rate ;
; cram0_a[16]             ; Missing slew rate                    ;
; cram0_a[17]             ; Missing slew rate                    ;
; cram0_a[18]             ; Missing slew rate                    ;
; cram0_a[19]             ; Missing slew rate                    ;
; cram0_a[20]             ; Missing slew rate                    ;
; cram0_a[21]             ; Missing slew rate                    ;
; cram0_adv_n             ; Missing slew rate                    ;
; cram0_cre               ; Missing slew rate                    ;
; cram0_ce0_n             ; Missing slew rate                    ;
; cram0_ce1_n             ; Missing slew rate                    ;
; cram0_oe_n              ; Missing slew rate                    ;
; cram0_we_n              ; Missing slew rate                    ;
; cram0_ub_n              ; Missing slew rate                    ;
; cram0_lb_n              ; Missing slew rate                    ;
; cram1_a[16]             ; Missing slew rate                    ;
; cram1_a[17]             ; Missing slew rate                    ;
; cram1_a[18]             ; Missing slew rate                    ;
; cram1_a[19]             ; Missing slew rate                    ;
; cram1_a[20]             ; Missing slew rate                    ;
; cram1_a[21]             ; Missing slew rate                    ;
; cram1_adv_n             ; Missing slew rate                    ;
; cram1_cre               ; Missing slew rate                    ;
; cram1_ce0_n             ; Missing slew rate                    ;
; cram1_ce1_n             ; Missing slew rate                    ;
; cram1_oe_n              ; Missing slew rate                    ;
; cram1_we_n              ; Missing slew rate                    ;
; cram1_ub_n              ; Missing slew rate                    ;
; cram1_lb_n              ; Missing slew rate                    ;
; dram_a[0]               ; Missing slew rate                    ;
; dram_a[1]               ; Missing slew rate                    ;
; dram_a[2]               ; Missing slew rate                    ;
; dram_a[3]               ; Missing slew rate                    ;
; dram_a[4]               ; Missing slew rate                    ;
; dram_a[5]               ; Missing slew rate                    ;
; dram_a[6]               ; Missing slew rate                    ;
; dram_a[7]               ; Missing slew rate                    ;
; dram_a[8]               ; Missing slew rate                    ;
; dram_a[9]               ; Missing slew rate                    ;
; dram_a[10]              ; Missing slew rate                    ;
; dram_a[11]              ; Missing slew rate                    ;
; dram_a[12]              ; Missing slew rate                    ;
; dram_ba[0]              ; Missing slew rate                    ;
; dram_ba[1]              ; Missing slew rate                    ;
; dram_dqm[0]             ; Missing slew rate                    ;
; dram_dqm[1]             ; Missing slew rate                    ;
; dram_cke                ; Missing slew rate                    ;
; dram_ras_n              ; Missing slew rate                    ;
; dram_cas_n              ; Missing slew rate                    ;
; dram_we_n               ; Missing slew rate                    ;
; sram_a[0]               ; Missing drive strength and slew rate ;
; sram_a[1]               ; Missing drive strength and slew rate ;
; sram_a[2]               ; Missing drive strength and slew rate ;
; sram_a[3]               ; Missing drive strength and slew rate ;
; sram_a[4]               ; Missing drive strength and slew rate ;
; sram_a[5]               ; Missing drive strength and slew rate ;
; sram_a[6]               ; Missing drive strength and slew rate ;
; sram_a[7]               ; Missing drive strength and slew rate ;
; sram_a[8]               ; Missing drive strength and slew rate ;
; sram_a[9]               ; Missing drive strength and slew rate ;
; sram_a[10]              ; Missing drive strength and slew rate ;
; sram_a[11]              ; Missing drive strength and slew rate ;
; sram_a[12]              ; Missing drive strength and slew rate ;
; sram_a[13]              ; Missing drive strength and slew rate ;
; sram_a[14]              ; Missing drive strength and slew rate ;
; sram_a[15]              ; Missing drive strength and slew rate ;
; sram_a[16]              ; Missing drive strength and slew rate ;
; sram_oe_n               ; Missing drive strength and slew rate ;
; sram_we_n               ; Missing drive strength and slew rate ;
; sram_ub_n               ; Missing drive strength and slew rate ;
; sram_lb_n               ; Missing drive strength and slew rate ;
; dbg_tx                  ; Missing slew rate                    ;
; user1                   ; Missing drive strength and slew rate ;
; aux_scl                 ; Missing slew rate                    ;
; cart_tran_bank2[0]      ; Missing drive strength and slew rate ;
; cart_tran_bank2[1]      ; Missing drive strength and slew rate ;
; cart_tran_bank2[2]      ; Missing drive strength and slew rate ;
; cart_tran_bank2[3]      ; Missing drive strength and slew rate ;
; cart_tran_bank2[4]      ; Missing drive strength and slew rate ;
; cart_tran_bank2[5]      ; Missing drive strength and slew rate ;
; cart_tran_bank2[6]      ; Missing drive strength and slew rate ;
; cart_tran_bank2[7]      ; Missing drive strength and slew rate ;
; cart_tran_bank3[0]      ; Missing drive strength and slew rate ;
; cart_tran_bank3[1]      ; Missing drive strength and slew rate ;
; cart_tran_bank3[2]      ; Missing drive strength and slew rate ;
; cart_tran_bank3[3]      ; Missing drive strength and slew rate ;
; cart_tran_bank3[4]      ; Missing drive strength and slew rate ;
; cart_tran_bank3[5]      ; Missing drive strength and slew rate ;
; cart_tran_bank3[6]      ; Missing drive strength and slew rate ;
; cart_tran_bank3[7]      ; Missing drive strength and slew rate ;
; cart_tran_bank1[0]      ; Missing drive strength and slew rate ;
; cart_tran_bank1[1]      ; Missing drive strength and slew rate ;
; cart_tran_bank1[2]      ; Missing drive strength and slew rate ;
; cart_tran_bank1[3]      ; Missing drive strength and slew rate ;
; cart_tran_bank1[4]      ; Missing drive strength and slew rate ;
; cart_tran_bank1[5]      ; Missing drive strength and slew rate ;
; cart_tran_bank1[6]      ; Missing drive strength and slew rate ;
; cart_tran_bank1[7]      ; Missing drive strength and slew rate ;
; cart_tran_bank0[4]      ; Missing drive strength and slew rate ;
; cart_tran_bank0[5]      ; Missing drive strength and slew rate ;
; cart_tran_bank0[6]      ; Missing drive strength and slew rate ;
; cart_tran_bank0[7]      ; Missing drive strength and slew rate ;
; cart_tran_pin30         ; Missing slew rate                    ;
; cart_tran_pin31         ; Missing slew rate                    ;
; port_tran_si            ; Missing drive strength and slew rate ;
; port_tran_so            ; Missing slew rate                    ;
; port_tran_sck           ; Missing drive strength and slew rate ;
; port_tran_sd            ; Missing drive strength and slew rate ;
; bridge_spimosi          ; Missing slew rate                    ;
; bridge_spimiso          ; Missing slew rate                    ;
; bridge_spiclk           ; Missing slew rate                    ;
; bridge_1wire            ; Missing slew rate                    ;
; cram0_dq[0]             ; Missing slew rate                    ;
; cram0_dq[1]             ; Missing slew rate                    ;
; cram0_dq[2]             ; Missing slew rate                    ;
; cram0_dq[3]             ; Missing slew rate                    ;
; cram0_dq[4]             ; Missing slew rate                    ;
; cram0_dq[5]             ; Missing slew rate                    ;
; cram0_dq[6]             ; Missing slew rate                    ;
; cram0_dq[7]             ; Missing slew rate                    ;
; cram0_dq[8]             ; Missing slew rate                    ;
; cram0_dq[9]             ; Missing slew rate                    ;
; cram0_dq[10]            ; Missing slew rate                    ;
; cram0_dq[11]            ; Missing slew rate                    ;
; cram0_dq[12]            ; Missing slew rate                    ;
; cram0_dq[13]            ; Missing slew rate                    ;
; cram0_dq[14]            ; Missing slew rate                    ;
; cram0_dq[15]            ; Missing slew rate                    ;
; cram1_dq[0]             ; Missing slew rate                    ;
; cram1_dq[1]             ; Missing slew rate                    ;
; cram1_dq[2]             ; Missing slew rate                    ;
; cram1_dq[3]             ; Missing slew rate                    ;
; cram1_dq[4]             ; Missing slew rate                    ;
; cram1_dq[5]             ; Missing slew rate                    ;
; cram1_dq[6]             ; Missing slew rate                    ;
; cram1_dq[7]             ; Missing slew rate                    ;
; cram1_dq[8]             ; Missing slew rate                    ;
; cram1_dq[9]             ; Missing slew rate                    ;
; cram1_dq[10]            ; Missing slew rate                    ;
; cram1_dq[11]            ; Missing slew rate                    ;
; cram1_dq[12]            ; Missing slew rate                    ;
; cram1_dq[13]            ; Missing slew rate                    ;
; cram1_dq[14]            ; Missing slew rate                    ;
; cram1_dq[15]            ; Missing slew rate                    ;
; dram_dq[0]              ; Missing slew rate                    ;
; dram_dq[1]              ; Missing slew rate                    ;
; dram_dq[2]              ; Missing slew rate                    ;
; dram_dq[3]              ; Missing slew rate                    ;
; dram_dq[4]              ; Missing slew rate                    ;
; dram_dq[5]              ; Missing slew rate                    ;
; dram_dq[6]              ; Missing slew rate                    ;
; dram_dq[7]              ; Missing slew rate                    ;
; dram_dq[8]              ; Missing slew rate                    ;
; dram_dq[9]              ; Missing slew rate                    ;
; dram_dq[10]             ; Missing slew rate                    ;
; dram_dq[11]             ; Missing slew rate                    ;
; dram_dq[12]             ; Missing slew rate                    ;
; dram_dq[13]             ; Missing slew rate                    ;
; dram_dq[14]             ; Missing slew rate                    ;
; dram_dq[15]             ; Missing slew rate                    ;
; sram_dq[0]              ; Missing drive strength and slew rate ;
; sram_dq[1]              ; Missing drive strength and slew rate ;
; sram_dq[2]              ; Missing drive strength and slew rate ;
; sram_dq[3]              ; Missing drive strength and slew rate ;
; sram_dq[4]              ; Missing drive strength and slew rate ;
; sram_dq[5]              ; Missing drive strength and slew rate ;
; sram_dq[6]              ; Missing drive strength and slew rate ;
; sram_dq[7]              ; Missing drive strength and slew rate ;
; sram_dq[8]              ; Missing drive strength and slew rate ;
; sram_dq[9]              ; Missing drive strength and slew rate ;
; sram_dq[10]             ; Missing drive strength and slew rate ;
; sram_dq[11]             ; Missing drive strength and slew rate ;
; sram_dq[12]             ; Missing drive strength and slew rate ;
; sram_dq[13]             ; Missing drive strength and slew rate ;
; sram_dq[14]             ; Missing drive strength and slew rate ;
; sram_dq[15]             ; Missing drive strength and slew rate ;
; bist                    ; Missing drive strength and slew rate ;
; aux_sda                 ; Missing slew rate                    ;
+-------------------------+--------------------------------------+


+---------------------------------------------------------------------------------------------------------------------------------------------------------------+
; PLL Usage Summary                                                                                                                                             ;
+----------------------------------------------------------------------------------------------------------------------------------+----------------------------+
;                                                                                                                                  ;                            ;
+----------------------------------------------------------------------------------------------------------------------------------+----------------------------+
; core_top:ic|mf_pllbase:mp1|mf_pllbase_0002:mf_pllbase_inst|altera_pll:altera_pll_i|general[0].gpll~FRACTIONAL_PLL                ;                            ;
;     -- PLL Type                                                                                                                  ; Fractional PLL             ;
;     -- PLL Location                                                                                                              ; FRACTIONALPLL_X54_Y1_N0    ;
;     -- PLL Feedback clock type                                                                                                   ; Global Clock               ;
;     -- PLL Bandwidth                                                                                                             ; Auto                       ;
;         -- PLL Bandwidth Range                                                                                                   ; 2100000 to 1400000 Hz      ;
;     -- Reference Clock Frequency                                                                                                 ; 74.25 MHz                  ;
;     -- Reference Clock Sourced by                                                                                                ; Dedicated Pin              ;
;     -- PLL VCO Frequency                                                                                                         ; 602.111951 MHz             ;
;     -- PLL Operation Mode                                                                                                        ; Normal                     ;
;     -- PLL Freq Min Lock                                                                                                         ; 73.989563 MHz              ;
;     -- PLL Freq Max Lock                                                                                                         ; 160.000000 MHz             ;
;     -- PLL Enable                                                                                                                ; On                         ;
;     -- PLL Fractional Division                                                                                                   ; 469233189 / 4294967296     ;
;     -- M Counter                                                                                                                 ; 8                          ;
;     -- N Counter                                                                                                                 ; 1                          ;
;     -- IOPLL Self RST                                                                                                            ; Off                        ;
;     -- PLL Refclk Select                                                                                                         ;                            ;
;             -- PLL Refclk Select Location                                                                                        ; PLLREFCLKSELECT_X54_Y7_N0  ;
;             -- PLL Reference Clock Input 0 source                                                                                ; clk_0                      ;
;             -- PLL Reference Clock Input 1 source                                                                                ; ref_clk1                   ;
;             -- ADJPLLIN source                                                                                                   ; N/A                        ;
;             -- CORECLKIN source                                                                                                  ; N/A                        ;
;             -- IQTXRXCLKIN source                                                                                                ; N/A                        ;
;             -- PLLIQCLKIN source                                                                                                 ; N/A                        ;
;             -- RXIQCLKIN source                                                                                                  ; N/A                        ;
;             -- CLKIN(0) source                                                                                                   ; clk_74a~input              ;
;             -- CLKIN(1) source                                                                                                   ; N/A                        ;
;             -- CLKIN(2) source                                                                                                   ; N/A                        ;
;             -- CLKIN(3) source                                                                                                   ; N/A                        ;
;     -- PLL Output Counter                                                                                                        ;                            ;
;         -- core_top:ic|mf_pllbase:mp1|mf_pllbase_0002:mf_pllbase_inst|altera_pll:altera_pll_i|general[0].gpll~PLL_OUTPUT_COUNTER ;                            ;
;             -- Output Clock Frequency                                                                                            ; 12.287999 MHz              ;
;             -- Output Clock Location                                                                                             ; PLLOUTPUTCOUNTER_X54_Y7_N1 ;
;             -- C Counter Odd Divider Even Duty Enable                                                                            ; On                         ;
;             -- Duty Cycle                                                                                                        ; 50.0000                    ;
;             -- Phase Shift                                                                                                       ; 0.000000 degrees           ;
;             -- C Counter                                                                                                         ; 49                         ;
;             -- C Counter PH Mux PRST                                                                                             ; 0                          ;
;             -- C Counter PRST                                                                                                    ; 1                          ;
;         -- core_top:ic|mf_pllbase:mp1|mf_pllbase_0002:mf_pllbase_inst|altera_pll:altera_pll_i|general[1].gpll~PLL_OUTPUT_COUNTER ;                            ;
;             -- Output Clock Frequency                                                                                            ; 12.287999 MHz              ;
;             -- Output Clock Location                                                                                             ; PLLOUTPUTCOUNTER_X54_Y3_N1 ;
;             -- C Counter Odd Divider Even Duty Enable                                                                            ; On                         ;
;             -- Duty Cycle                                                                                                        ; 50.0000                    ;
;             -- Phase Shift                                                                                                       ; 90.000000 degrees          ;
;             -- C Counter                                                                                                         ; 49                         ;
;             -- C Counter PH Mux PRST                                                                                             ; 2                          ;
;             -- C Counter PRST                                                                                                    ; 13                         ;
;                                                                                                                                  ;                            ;
+----------------------------------------------------------------------------------------------------------------------------------+----------------------------+


+-------------------------------------------------------------------------------------------------------------------------------------------------------------------------------------------------------------------------------------------------------------------------------------------------------------------------------------------------------------------------------------------------------------------------------------------------------------------------------------------------------------------------------------+
; Fitter Resource Utilization by Entity                                                                                                                                                                                                                                                                                                                                                                                                                                                                                               ;
+-------------------------------------------------+----------------------+----------------------------------+---------------------------------------------------+----------------------------------+----------------------+---------------------+---------------------------+---------------+-------------------+-------+------------+------+--------------+------------------------------------------------------------------------------------------------------------------------------------+----------------------+--------------+
; Compilation Hierarchy Node                      ; ALMs needed [=A-B+C] ; [A] ALMs used in final placement ; [B] Estimate of ALMs recoverable by dense packing ; [C] Estimate of ALMs unavailable ; ALMs used for memory ; Combinational ALUTs ; Dedicated Logic Registers ; I/O Registers ; Block Memory Bits ; M10Ks ; DSP Blocks ; Pins ; Virtual Pins ; Full Hierarchy Name                                                                                                                ; Entity Name          ; Library Name ;
+-------------------------------------------------+----------------------+----------------------------------+---------------------------------------------------+----------------------------------+----------------------+---------------------+---------------------------+---------------+-------------------+-------+------------+------+--------------+------------------------------------------------------------------------------------------------------------------------------------+----------------------+--------------+
; |apf_top                                        ; 2543.5 (9.2)         ; 2733.5 (9.2)                     ; 193.0 (0.0)                                       ; 3.0 (0.0)                        ; 0.0 (0.0)            ; 3964 (18)           ; 2180 (17)                 ; 34 (34)       ; 8597              ; 6     ; 0          ; 224  ; 0            ; |apf_top                                                                                                                           ; apf_top              ; work         ;
;    |core_top:ic|                                ; 2350.8 (32.6)        ; 2507.2 (32.6)                    ; 159.4 (0.0)                                       ; 3.0 (0.0)                        ; 0.0 (0.0)            ; 3649 (58)           ; 1773 (8)                  ; 0 (0)         ; 8597              ; 6     ; 0          ; 0    ; 0            ; |apf_top|core_top:ic                                                                                                               ; core_top             ; work         ;
;       |core_bridge_cmd:commands|                ; 183.2 (183.2)        ; 233.7 (233.7)                    ; 50.5 (50.5)                                       ; 0.0 (0.0)                        ; 0.0 (0.0)            ; 304 (304)           ; 357 (357)                 ; 0 (0)         ; 8192              ; 2     ; 0          ; 0    ; 0            ; |apf_top|core_top:ic|core_bridge_cmd:commands                                                                                      ; core_bridge_cmd      ; work         ;
;          |mf_datatable:idt|                     ; 0.0 (0.0)            ; 0.0 (0.0)                        ; 0.0 (0.0)                                         ; 0.0 (0.0)                        ; 0.0 (0.0)            ; 0 (0)               ; 0 (0)                     ; 0 (0)         ; 8192              ; 2     ; 0          ; 0    ; 0            ; |apf_top|core_top:ic|core_bridge_cmd:commands|mf_datatable:idt                                                                     ; mf_datatable         ; work         ;
;             |altsyncram:altsyncram_component|   ; 0.0 (0.0)            ; 0.0 (0.0)                        ; 0.0 (0.0)                                         ; 0.0 (0.0)                        ; 0.0 (0.0)            ; 0 (0)               ; 0 (0)                     ; 0 (0)         ; 8192              ; 2     ; 0          ; 0    ; 0            ; |apf_top|core_top:ic|core_bridge_cmd:commands|mf_datatable:idt|altsyncram:altsyncram_component                                     ; altsyncram           ; work         ;
;                |altsyncram_ltk2:auto_generated| ; 0.0 (0.0)            ; 0.0 (0.0)                        ; 0.0 (0.0)                                         ; 0.0 (0.0)                        ; 0.0 (0.0)            ; 0 (0)               ; 0 (0)                     ; 0 (0)         ; 8192              ; 2     ; 0          ; 0    ; 0            ; |apf_top|core_top:ic|core_bridge_cmd:commands|mf_datatable:idt|altsyncram:altsyncram_component|altsyncram_ltk2:auto_generated      ; altsyncram_ltk2      ; work         ;
;       |lab_probe:probe|                         ; 1166.2 (1166.2)      ; 1247.4 (1247.4)                  ; 84.2 (84.2)                                       ; 3.0 (3.0)                        ; 0.0 (0.0)            ; 1663 (1663)         ; 1369 (1369)               ; 0 (0)         ; 0                 ; 0     ; 0          ; 0    ; 0            ; |apf_top|core_top:ic|lab_probe:probe                                                                                               ; lab_probe            ; work         ;
;       |lab_video:screen|                        ; 964.8 (632.3)        ; 988.1 (656.2)                    ; 23.2 (23.9)                                       ; 0.0 (0.0)                        ; 0.0 (0.0)            ; 1617 (957)          ; 31 (31)                   ; 0 (0)         ; 0                 ; 0     ; 0          ; 0    ; 0            ; |apf_top|core_top:ic|lab_video:screen                                                                                              ; lab_video            ; work         ;
;          |lpm_divide:Div0|                      ; 89.5 (0.0)           ; 89.5 (0.0)                       ; 0.0 (0.0)                                         ; 0.0 (0.0)                        ; 0.0 (0.0)            ; 179 (0)             ; 0 (0)                     ; 0 (0)         ; 0                 ; 0     ; 0          ; 0    ; 0            ; |apf_top|core_top:ic|lab_video:screen|lpm_divide:Div0                                                                              ; lpm_divide           ; work         ;
;             |lpm_divide_cpo:auto_generated|     ; 89.5 (0.0)           ; 89.5 (0.0)                       ; 0.0 (0.0)                                         ; 0.0 (0.0)                        ; 0.0 (0.0)            ; 179 (0)             ; 0 (0)                     ; 0 (0)         ; 0                 ; 0     ; 0          ; 0    ; 0            ; |apf_top|core_top:ic|lab_video:screen|lpm_divide:Div0|lpm_divide_cpo:auto_generated                                                ; lpm_divide_cpo       ; work         ;
;                |abs_divider_lbg:divider|        ; 89.5 (8.0)           ; 89.5 (8.0)                       ; 0.0 (0.0)                                         ; 0.0 (0.0)                        ; 0.0 (0.0)            ; 179 (16)            ; 0 (0)                     ; 0 (0)         ; 0                 ; 0     ; 0          ; 0    ; 0            ; |apf_top|core_top:ic|lab_video:screen|lpm_divide:Div0|lpm_divide_cpo:auto_generated|abs_divider_lbg:divider                        ; abs_divider_lbg      ; work         ;
;                   |alt_u_div_qve:divider|       ; 75.5 (75.5)          ; 75.5 (75.5)                      ; 0.0 (0.0)                                         ; 0.0 (0.0)                        ; 0.0 (0.0)            ; 151 (151)           ; 0 (0)                     ; 0 (0)         ; 0                 ; 0     ; 0          ; 0    ; 0            ; |apf_top|core_top:ic|lab_video:screen|lpm_divide:Div0|lpm_divide_cpo:auto_generated|abs_divider_lbg:divider|alt_u_div_qve:divider  ; alt_u_div_qve        ; work         ;
;                   |lpm_abs_4p9:my_abs_num|      ; 6.0 (6.0)            ; 6.0 (6.0)                        ; 0.0 (0.0)                                         ; 0.0 (0.0)                        ; 0.0 (0.0)            ; 12 (12)             ; 0 (0)                     ; 0 (0)         ; 0                 ; 0     ; 0          ; 0    ; 0            ; |apf_top|core_top:ic|lab_video:screen|lpm_divide:Div0|lpm_divide_cpo:auto_generated|abs_divider_lbg:divider|lpm_abs_4p9:my_abs_num ; lpm_abs_4p9          ; work         ;
;          |lpm_divide:Div1|                      ; 73.3 (0.0)           ; 73.3 (0.0)                       ; 0.0 (0.0)                                         ; 0.0 (0.0)                        ; 0.0 (0.0)            ; 149 (0)             ; 0 (0)                     ; 0 (0)         ; 0                 ; 0     ; 0          ; 0    ; 0            ; |apf_top|core_top:ic|lab_video:screen|lpm_divide:Div1                                                                              ; lpm_divide           ; work         ;
;             |lpm_divide_bpo:auto_generated|     ; 73.3 (0.0)           ; 73.3 (0.0)                       ; 0.0 (0.0)                                         ; 0.0 (0.0)                        ; 0.0 (0.0)            ; 149 (0)             ; 0 (0)                     ; 0 (0)         ; 0                 ; 0     ; 0          ; 0    ; 0            ; |apf_top|core_top:ic|lab_video:screen|lpm_divide:Div1|lpm_divide_bpo:auto_generated                                                ; lpm_divide_bpo       ; work         ;
;                |abs_divider_kbg:divider|        ; 73.3 (7.0)           ; 73.3 (7.0)                       ; 0.0 (0.0)                                         ; 0.0 (0.0)                        ; 0.0 (0.0)            ; 149 (16)            ; 0 (0)                     ; 0 (0)         ; 0                 ; 0     ; 0          ; 0    ; 0            ; |apf_top|core_top:ic|lab_video:screen|lpm_divide:Div1|lpm_divide_bpo:auto_generated|abs_divider_kbg:divider                        ; abs_divider_kbg      ; work         ;
;                   |alt_u_div_ove:divider|       ; 60.3 (60.3)          ; 60.3 (60.3)                      ; 0.0 (0.0)                                         ; 0.0 (0.0)                        ; 0.0 (0.0)            ; 121 (121)           ; 0 (0)                     ; 0 (0)         ; 0                 ; 0     ; 0          ; 0    ; 0            ; |apf_top|core_top:ic|lab_video:screen|lpm_divide:Div1|lpm_divide_bpo:auto_generated|abs_divider_kbg:divider|alt_u_div_ove:divider  ; alt_u_div_ove        ; work         ;
;                   |lpm_abs_4p9:my_abs_num|      ; 6.0 (6.0)            ; 6.0 (6.0)                        ; 0.0 (0.0)                                         ; 0.0 (0.0)                        ; 0.0 (0.0)            ; 12 (12)             ; 0 (0)                     ; 0 (0)         ; 0                 ; 0     ; 0          ; 0    ; 0            ; |apf_top|core_top:ic|lab_video:screen|lpm_divide:Div1|lpm_divide_bpo:auto_generated|abs_divider_kbg:divider|lpm_abs_4p9:my_abs_num ; lpm_abs_4p9          ; work         ;
;          |lpm_divide:Mod0|                      ; 76.0 (0.0)           ; 76.0 (0.0)                       ; 0.0 (0.0)                                         ; 0.0 (0.0)                        ; 0.0 (0.0)            ; 149 (0)             ; 0 (0)                     ; 0 (0)         ; 0                 ; 0     ; 0          ; 0    ; 0            ; |apf_top|core_top:ic|lab_video:screen|lpm_divide:Mod0                                                                              ; lpm_divide           ; work         ;
;             |lpm_divide_eho:auto_generated|     ; 76.0 (0.0)           ; 76.0 (0.0)                       ; 0.0 (0.0)                                         ; 0.0 (0.0)                        ; 0.0 (0.0)            ; 149 (0)             ; 0 (0)                     ; 0 (0)         ; 0                 ; 0     ; 0          ; 0    ; 0            ; |apf_top|core_top:ic|lab_video:screen|lpm_divide:Mod0|lpm_divide_eho:auto_generated                                                ; lpm_divide_eho       ; work         ;
;                |abs_divider_kbg:divider|        ; 76.0 (6.0)           ; 76.0 (6.0)                       ; 0.0 (0.0)                                         ; 0.0 (0.0)                        ; 0.0 (0.0)            ; 149 (9)             ; 0 (0)                     ; 0 (0)         ; 0                 ; 0     ; 0          ; 0    ; 0            ; |apf_top|core_top:ic|lab_video:screen|lpm_divide:Mod0|lpm_divide_eho:auto_generated|abs_divider_kbg:divider                        ; abs_divider_kbg      ; work         ;
;                   |alt_u_div_ove:divider|       ; 64.0 (64.0)          ; 64.0 (64.0)                      ; 0.0 (0.0)                                         ; 0.0 (0.0)                        ; 0.0 (0.0)            ; 128 (128)           ; 0 (0)                     ; 0 (0)         ; 0                 ; 0     ; 0          ; 0    ; 0            ; |apf_top|core_top:ic|lab_video:screen|lpm_divide:Mod0|lpm_divide_eho:auto_generated|abs_divider_kbg:divider|alt_u_div_ove:divider  ; alt_u_div_ove        ; work         ;
;                   |lpm_abs_4p9:my_abs_num|      ; 6.0 (6.0)            ; 6.0 (6.0)                        ; 0.0 (0.0)                                         ; 0.0 (0.0)                        ; 0.0 (0.0)            ; 12 (12)             ; 0 (0)                     ; 0 (0)         ; 0                 ; 0     ; 0          ; 0    ; 0            ; |apf_top|core_top:ic|lab_video:screen|lpm_divide:Mod0|lpm_divide_eho:auto_generated|abs_divider_kbg:divider|lpm_abs_4p9:my_abs_num ; lpm_abs_4p9          ; work         ;
;          |lpm_divide:Mod1|                      ; 93.0 (0.0)           ; 93.0 (0.0)                       ; 0.0 (0.0)                                         ; 0.0 (0.0)                        ; 0.0 (0.0)            ; 183 (0)             ; 0 (0)                     ; 0 (0)         ; 0                 ; 0     ; 0          ; 0    ; 0            ; |apf_top|core_top:ic|lab_video:screen|lpm_divide:Mod1                                                                              ; lpm_divide           ; work         ;
;             |lpm_divide_fho:auto_generated|     ; 93.0 (0.0)           ; 93.0 (0.0)                       ; 0.0 (0.0)                                         ; 0.0 (0.0)                        ; 0.0 (0.0)            ; 183 (0)             ; 0 (0)                     ; 0 (0)         ; 0                 ; 0     ; 0          ; 0    ; 0            ; |apf_top|core_top:ic|lab_video:screen|lpm_divide:Mod1|lpm_divide_fho:auto_generated                                                ; lpm_divide_fho       ; work         ;
;                |abs_divider_lbg:divider|        ; 93.0 (7.5)           ; 93.0 (7.5)                       ; 0.0 (0.0)                                         ; 0.0 (0.0)                        ; 0.0 (0.0)            ; 183 (12)            ; 0 (0)                     ; 0 (0)         ; 0                 ; 0     ; 0          ; 0    ; 0            ; |apf_top|core_top:ic|lab_video:screen|lpm_divide:Mod1|lpm_divide_fho:auto_generated|abs_divider_lbg:divider                        ; abs_divider_lbg      ; work         ;
;                   |alt_u_div_qve:divider|       ; 79.5 (79.5)          ; 79.5 (79.5)                      ; 0.0 (0.0)                                         ; 0.0 (0.0)                        ; 0.0 (0.0)            ; 159 (159)           ; 0 (0)                     ; 0 (0)         ; 0                 ; 0     ; 0          ; 0    ; 0            ; |apf_top|core_top:ic|lab_video:screen|lpm_divide:Mod1|lpm_divide_fho:auto_generated|abs_divider_lbg:divider|alt_u_div_qve:divider  ; alt_u_div_qve        ; work         ;
;                   |lpm_abs_4p9:my_abs_num|      ; 6.0 (6.0)            ; 6.0 (6.0)                        ; 0.0 (0.0)                                         ; 0.0 (0.0)                        ; 0.0 (0.0)            ; 12 (12)             ; 0 (0)                     ; 0 (0)         ; 0                 ; 0     ; 0          ; 0    ; 0            ; |apf_top|core_top:ic|lab_video:screen|lpm_divide:Mod1|lpm_divide_fho:auto_generated|abs_divider_lbg:divider|lpm_abs_4p9:my_abs_num ; lpm_abs_4p9          ; work         ;
;       |mf_pllbase:mp1|                          ; 0.0 (0.0)            ; 0.0 (0.0)                        ; 0.0 (0.0)                                         ; 0.0 (0.0)                        ; 0.0 (0.0)            ; 0 (0)               ; 0 (0)                     ; 0 (0)         ; 0                 ; 0     ; 0          ; 0    ; 0            ; |apf_top|core_top:ic|mf_pllbase:mp1                                                                                                ; mf_pllbase           ; mf_pllbase   ;
;          |mf_pllbase_0002:mf_pllbase_inst|      ; 0.0 (0.0)            ; 0.0 (0.0)                        ; 0.0 (0.0)                                         ; 0.0 (0.0)                        ; 0.0 (0.0)            ; 0 (0)               ; 0 (0)                     ; 0 (0)         ; 0                 ; 0     ; 0          ; 0    ; 0            ; |apf_top|core_top:ic|mf_pllbase:mp1|mf_pllbase_0002:mf_pllbase_inst                                                                ; mf_pllbase_0002      ; mf_pllbase   ;
;             |altera_pll:altera_pll_i|           ; 0.0 (0.0)            ; 0.0 (0.0)                        ; 0.0 (0.0)                                         ; 0.0 (0.0)                        ; 0.0 (0.0)            ; 0 (0)               ; 0 (0)                     ; 0 (0)         ; 0                 ; 0     ; 0          ; 0    ; 0            ; |apf_top|core_top:ic|mf_pllbase:mp1|mf_pllbase_0002:mf_pllbase_inst|altera_pll:altera_pll_i                                        ; altera_pll           ; work         ;
;       |synch_3:display_sync|                    ; 3.5 (0.0)            ; 4.0 (0.0)                        ; 0.5 (0.0)                                         ; 0.0 (0.0)                        ; 0.0 (0.0)            ; 7 (0)               ; 4 (0)                     ; 0 (0)         ; 405               ; 4     ; 0          ; 0    ; 0            ; |apf_top|core_top:ic|synch_3:display_sync                                                                                          ; synch_3              ; work         ;
;          |altshift_taps:stage_1_rtl_0|          ; 3.5 (0.0)            ; 4.0 (0.0)                        ; 0.5 (0.0)                                         ; 0.0 (0.0)                        ; 0.0 (0.0)            ; 7 (0)               ; 4 (0)                     ; 0 (0)         ; 405               ; 4     ; 0          ; 0    ; 0            ; |apf_top|core_top:ic|synch_3:display_sync|altshift_taps:stage_1_rtl_0                                                              ; altshift_taps        ; work         ;
;             |shift_taps_f0v:auto_generated|     ; 3.5 (1.0)            ; 4.0 (1.5)                        ; 0.5 (0.5)                                         ; 0.0 (0.0)                        ; 0.0 (0.0)            ; 7 (2)               ; 4 (2)                     ; 0 (0)         ; 405               ; 4     ; 0          ; 0    ; 0            ; |apf_top|core_top:ic|synch_3:display_sync|altshift_taps:stage_1_rtl_0|shift_taps_f0v:auto_generated                                ; shift_taps_f0v       ; work         ;
;                |altsyncram_nu91:altsyncram4|    ; 0.0 (0.0)            ; 0.0 (0.0)                        ; 0.0 (0.0)                                         ; 0.0 (0.0)                        ; 0.0 (0.0)            ; 0 (0)               ; 0 (0)                     ; 0 (0)         ; 405               ; 4     ; 0          ; 0    ; 0            ; |apf_top|core_top:ic|synch_3:display_sync|altshift_taps:stage_1_rtl_0|shift_taps_f0v:auto_generated|altsyncram_nu91:altsyncram4    ; altsyncram_nu91      ; work         ;
;                |cntr_ohf:cntr1|                 ; 2.5 (2.5)            ; 2.5 (2.5)                        ; 0.0 (0.0)                                         ; 0.0 (0.0)                        ; 0.0 (0.0)            ; 5 (5)               ; 2 (2)                     ; 0 (0)         ; 0                 ; 0     ; 0          ; 0    ; 0            ; |apf_top|core_top:ic|synch_3:display_sync|altshift_taps:stage_1_rtl_0|shift_taps_f0v:auto_generated|cntr_ohf:cntr1                 ; cntr_ohf             ; work         ;
;       |synch_3:lock_sync|                       ; 0.6 (0.6)            ; 1.5 (1.5)                        ; 0.9 (0.9)                                         ; 0.0 (0.0)                        ; 0.0 (0.0)            ; 0 (0)               ; 4 (4)                     ; 0 (0)         ; 0                 ; 0     ; 0          ; 0    ; 0            ; |apf_top|core_top:ic|synch_3:lock_sync                                                                                             ; synch_3              ; work         ;
;    |io_bridge_peripheral:ibs|                   ; 86.0 (84.2)          ; 112.1 (109.1)                    ; 26.1 (24.9)                                       ; 0.0 (0.0)                        ; 0.0 (0.0)            ; 113 (112)           ; 224 (217)                 ; 0 (0)         ; 0                 ; 0     ; 0          ; 0    ; 0            ; |apf_top|io_bridge_peripheral:ibs                                                                                                  ; io_bridge_peripheral ; work         ;
;       |synch_3:s02|                             ; 0.6 (0.6)            ; 0.8 (0.8)                        ; 0.2 (0.2)                                         ; 0.0 (0.0)                        ; 0.0 (0.0)            ; 0 (0)               ; 3 (3)                     ; 0 (0)         ; 0                 ; 0     ; 0          ; 0    ; 0            ; |apf_top|io_bridge_peripheral:ibs|synch_3:s02                                                                                      ; synch_3              ; work         ;
;       |synch_3:s03|                             ; 1.2 (1.2)            ; 2.2 (2.2)                        ; 1.0 (1.0)                                         ; 0.0 (0.0)                        ; 0.0 (0.0)            ; 1 (1)               ; 4 (4)                     ; 0 (0)         ; 0                 ; 0     ; 0          ; 0    ; 0            ; |apf_top|io_bridge_peripheral:ibs|synch_3:s03                                                                                      ; synch_3              ; work         ;
;    |io_pad_controller:ipm|                      ; 97.5 (96.8)          ; 105.0 (102.4)                    ; 7.5 (5.7)                                         ; 0.0 (0.0)                        ; 0.0 (0.0)            ; 184 (184)           ; 166 (159)                 ; 0 (0)         ; 0                 ; 0     ; 0          ; 0    ; 0            ; |apf_top|io_pad_controller:ipm                                                                                                     ; io_pad_controller    ; work         ;
;       |synch_3:s00|                             ; 0.0 (0.0)            ; 1.3 (1.3)                        ; 1.3 (1.3)                                         ; 0.0 (0.0)                        ; 0.0 (0.0)            ; 0 (0)               ; 3 (3)                     ; 0 (0)         ; 0                 ; 0     ; 0          ; 0    ; 0            ; |apf_top|io_pad_controller:ipm|synch_3:s00                                                                                         ; synch_3              ; work         ;
;       |synch_3:s01|                             ; 0.8 (0.8)            ; 1.2 (1.2)                        ; 0.5 (0.5)                                         ; 0.0 (0.0)                        ; 0.0 (0.0)            ; 0 (0)               ; 4 (4)                     ; 0 (0)         ; 0                 ; 0     ; 0          ; 0    ; 0            ; |apf_top|io_pad_controller:ipm|synch_3:s01                                                                                         ; synch_3              ; work         ;
;    |mf_ddio_bidir_12:iscc|                      ; 0.0 (0.0)            ; 0.0 (0.0)                        ; 0.0 (0.0)                                         ; 0.0 (0.0)                        ; 0.0 (0.0)            ; 0 (0)               ; 0 (0)                     ; 0 (0)         ; 0                 ; 0     ; 0          ; 0    ; 0            ; |apf_top|mf_ddio_bidir_12:iscc                                                                                                     ; mf_ddio_bidir_12     ; work         ;
;       |altddio_bidir:ALTDDIO_BIDIR_component|   ; 0.0 (0.0)            ; 0.0 (0.0)                        ; 0.0 (0.0)                                         ; 0.0 (0.0)                        ; 0.0 (0.0)            ; 0 (0)               ; 0 (0)                     ; 0 (0)         ; 0                 ; 0     ; 0          ; 0    ; 0            ; |apf_top|mf_ddio_bidir_12:iscc|altddio_bidir:ALTDDIO_BIDIR_component                                                               ; altddio_bidir        ; work         ;
;          |ddio_bidir_euo:auto_generated|        ; 0.0 (0.0)            ; 0.0 (0.0)                        ; 0.0 (0.0)                                         ; 0.0 (0.0)                        ; 0.0 (0.0)            ; 0 (0)               ; 0 (0)                     ; 0 (0)         ; 0                 ; 0     ; 0          ; 0    ; 0            ; |apf_top|mf_ddio_bidir_12:iscc|altddio_bidir:ALTDDIO_BIDIR_component|ddio_bidir_euo:auto_generated                                 ; ddio_bidir_euo       ; work         ;
;    |mf_ddio_bidir_12:isclk|                     ; 0.0 (0.0)            ; 0.0 (0.0)                        ; 0.0 (0.0)                                         ; 0.0 (0.0)                        ; 0.0 (0.0)            ; 0 (0)               ; 0 (0)                     ; 0 (0)         ; 0                 ; 0     ; 0          ; 0    ; 0            ; |apf_top|mf_ddio_bidir_12:isclk                                                                                                    ; mf_ddio_bidir_12     ; work         ;
;       |altddio_bidir:ALTDDIO_BIDIR_component|   ; 0.0 (0.0)            ; 0.0 (0.0)                        ; 0.0 (0.0)                                         ; 0.0 (0.0)                        ; 0.0 (0.0)            ; 0 (0)               ; 0 (0)                     ; 0 (0)         ; 0                 ; 0     ; 0          ; 0    ; 0            ; |apf_top|mf_ddio_bidir_12:isclk|altddio_bidir:ALTDDIO_BIDIR_component                                                              ; altddio_bidir        ; work         ;
;          |ddio_bidir_euo:auto_generated|        ; 0.0 (0.0)            ; 0.0 (0.0)                        ; 0.0 (0.0)                                         ; 0.0 (0.0)                        ; 0.0 (0.0)            ; 0 (0)               ; 0 (0)                     ; 0 (0)         ; 0                 ; 0     ; 0          ; 0    ; 0            ; |apf_top|mf_ddio_bidir_12:isclk|altddio_bidir:ALTDDIO_BIDIR_component|ddio_bidir_euo:auto_generated                                ; ddio_bidir_euo       ; work         ;
;    |mf_ddio_bidir_12:isco|                      ; 0.0 (0.0)            ; 0.0 (0.0)                        ; 0.0 (0.0)                                         ; 0.0 (0.0)                        ; 0.0 (0.0)            ; 0 (0)               ; 0 (0)                     ; 0 (0)         ; 0                 ; 0     ; 0          ; 0    ; 0            ; |apf_top|mf_ddio_bidir_12:isco                                                                                                     ; mf_ddio_bidir_12     ; work         ;
;       |altddio_bidir:ALTDDIO_BIDIR_component|   ; 0.0 (0.0)            ; 0.0 (0.0)                        ; 0.0 (0.0)                                         ; 0.0 (0.0)                        ; 0.0 (0.0)            ; 0 (0)               ; 0 (0)                     ; 0 (0)         ; 0                 ; 0     ; 0          ; 0    ; 0            ; |apf_top|mf_ddio_bidir_12:isco|altddio_bidir:ALTDDIO_BIDIR_component                                                               ; altddio_bidir        ; work         ;
;          |ddio_bidir_euo:auto_generated|        ; 0.0 (0.0)            ; 0.0 (0.0)                        ; 0.0 (0.0)                                         ; 0.0 (0.0)                        ; 0.0 (0.0)            ; 0 (0)               ; 0 (0)                     ; 0 (0)         ; 0                 ; 0     ; 0          ; 0    ; 0            ; |apf_top|mf_ddio_bidir_12:isco|altddio_bidir:ALTDDIO_BIDIR_component|ddio_bidir_euo:auto_generated                                 ; ddio_bidir_euo       ; work         ;
+-------------------------------------------------+----------------------+----------------------------------+---------------------------------------------------+----------------------------------+----------------------+---------------------+---------------------------+---------------+-------------------+-------+------------+------+--------------+------------------------------------------------------------------------------------------------------------------------------------+----------------------+--------------+
Note: For table entries with two numbers listed, the numbers in parentheses indicate the number of resources of the given type used by the specific entity alone. The numbers listed outside of parentheses indicate the total resources of the given type used by the specific entity and all of its sub-entities in the hierarchy.


+----------------------------------------------------------------------------------------------------------------------------------------+
; Delay Chain Summary                                                                                                                    ;
+-------------------------+----------+----+------+------+----+------+-------+--------+------------------------+--------------------------+
; Name                    ; Pin Type ; D1 ; D3_0 ; D3_1 ; D4 ; D5   ; D5 OE ; D5 OCT ; T11 (Postamble Gating) ; T11 (Postamble Ungating) ;
+-------------------------+----------+----+------+------+----+------+-------+--------+------------------------+--------------------------+
; clk_74b                 ; Input    ; -- ; --   ; --   ; -- ; --   ; --    ; --     ; --                     ; --                       ;
; cart_tran_bank2_dir     ; Output   ; -- ; --   ; --   ; -- ; (0)  ; (31)  ; --     ; --                     ; --                       ;
; cart_tran_bank3_dir     ; Output   ; -- ; --   ; --   ; -- ; (0)  ; (31)  ; --     ; --                     ; --                       ;
; cart_tran_bank1_dir     ; Output   ; -- ; --   ; --   ; -- ; (0)  ; (31)  ; --     ; --                     ; --                       ;
; cart_tran_bank0_dir     ; Output   ; -- ; --   ; --   ; -- ; (0)  ; (31)  ; --     ; --                     ; --                       ;
; cart_tran_pin30_dir     ; Output   ; -- ; --   ; --   ; -- ; (0)  ; (31)  ; --     ; --                     ; --                       ;
; cart_pin30_pwroff_reset ; Output   ; -- ; --   ; --   ; -- ; (0)  ; (31)  ; --     ; --                     ; --                       ;
; cart_tran_pin31_dir     ; Output   ; -- ; --   ; --   ; -- ; (0)  ; (31)  ; --     ; --                     ; --                       ;
; port_ir_rx              ; Input    ; -- ; --   ; --   ; -- ; --   ; --    ; --     ; --                     ; --                       ;
; port_ir_tx              ; Output   ; -- ; --   ; --   ; -- ; (0)  ; (31)  ; --     ; --                     ; --                       ;
; port_ir_rx_disable      ; Output   ; -- ; --   ; --   ; -- ; (0)  ; (31)  ; --     ; --                     ; --                       ;
; port_tran_si_dir        ; Output   ; -- ; --   ; --   ; -- ; (0)  ; (31)  ; --     ; --                     ; --                       ;
; port_tran_so_dir        ; Output   ; -- ; --   ; --   ; -- ; (0)  ; (31)  ; --     ; --                     ; --                       ;
; port_tran_sck_dir       ; Output   ; -- ; --   ; --   ; -- ; (0)  ; (31)  ; --     ; --                     ; --                       ;
; port_tran_sd_dir        ; Output   ; -- ; --   ; --   ; -- ; (0)  ; (31)  ; --     ; --                     ; --                       ;
; scal_audmclk            ; Output   ; -- ; --   ; --   ; -- ; (0)  ; (31)  ; --     ; --                     ; --                       ;
; scal_audadc             ; Input    ; -- ; --   ; --   ; -- ; --   ; --    ; --     ; --                     ; --                       ;
; scal_auddac             ; Output   ; -- ; --   ; --   ; -- ; (0)  ; (31)  ; --     ; --                     ; --                       ;
; scal_audlrck            ; Output   ; -- ; --   ; --   ; -- ; (0)  ; (31)  ; --     ; --                     ; --                       ;
; cram0_a[16]             ; Output   ; -- ; --   ; --   ; -- ; (0)  ; (31)  ; --     ; --                     ; --                       ;
; cram0_a[17]             ; Output   ; -- ; --   ; --   ; -- ; (0)  ; (31)  ; --     ; --                     ; --                       ;
; cram0_a[18]             ; Output   ; -- ; --   ; --   ; -- ; (0)  ; (31)  ; --     ; --                     ; --                       ;
; cram0_a[19]             ; Output   ; -- ; --   ; --   ; -- ; (0)  ; (31)  ; --     ; --                     ; --                       ;
; cram0_a[20]             ; Output   ; -- ; --   ; --   ; -- ; (0)  ; (31)  ; --     ; --                     ; --                       ;
; cram0_a[21]             ; Output   ; -- ; --   ; --   ; -- ; (0)  ; (31)  ; --     ; --                     ; --                       ;
; cram0_wait              ; Input    ; -- ; --   ; --   ; -- ; --   ; --    ; --     ; --                     ; --                       ;
; cram0_clk               ; Output   ; -- ; --   ; --   ; -- ; (0)  ; (31)  ; --     ; --                     ; --                       ;
; cram0_adv_n             ; Output   ; -- ; --   ; --   ; -- ; (0)  ; (31)  ; --     ; --                     ; --                       ;
; cram0_cre               ; Output   ; -- ; --   ; --   ; -- ; (0)  ; (31)  ; --     ; --                     ; --                       ;
; cram0_ce0_n             ; Output   ; -- ; --   ; --   ; -- ; (0)  ; (31)  ; --     ; --                     ; --                       ;
; cram0_ce1_n             ; Output   ; -- ; --   ; --   ; -- ; (0)  ; (31)  ; --     ; --                     ; --                       ;
; cram0_oe_n              ; Output   ; -- ; --   ; --   ; -- ; (0)  ; (31)  ; --     ; --                     ; --                       ;
; cram0_we_n              ; Output   ; -- ; --   ; --   ; -- ; (0)  ; (31)  ; --     ; --                     ; --                       ;
; cram0_ub_n              ; Output   ; -- ; --   ; --   ; -- ; (0)  ; (31)  ; --     ; --                     ; --                       ;
; cram0_lb_n              ; Output   ; -- ; --   ; --   ; -- ; (0)  ; (31)  ; --     ; --                     ; --                       ;
; cram1_a[16]             ; Output   ; -- ; --   ; --   ; -- ; (0)  ; (31)  ; --     ; --                     ; --                       ;
; cram1_a[17]             ; Output   ; -- ; --   ; --   ; -- ; (0)  ; (31)  ; --     ; --                     ; --                       ;
; cram1_a[18]             ; Output   ; -- ; --   ; --   ; -- ; (0)  ; (31)  ; --     ; --                     ; --                       ;
; cram1_a[19]             ; Output   ; -- ; --   ; --   ; -- ; (0)  ; (31)  ; --     ; --                     ; --                       ;
; cram1_a[20]             ; Output   ; -- ; --   ; --   ; -- ; (0)  ; (31)  ; --     ; --                     ; --                       ;
; cram1_a[21]             ; Output   ; -- ; --   ; --   ; -- ; (0)  ; (31)  ; --     ; --                     ; --                       ;
; cram1_wait              ; Input    ; -- ; --   ; --   ; -- ; --   ; --    ; --     ; --                     ; --                       ;
; cram1_clk               ; Output   ; -- ; --   ; --   ; -- ; (0)  ; (31)  ; --     ; --                     ; --                       ;
; cram1_adv_n             ; Output   ; -- ; --   ; --   ; -- ; (0)  ; (31)  ; --     ; --                     ; --                       ;
; cram1_cre               ; Output   ; -- ; --   ; --   ; -- ; (0)  ; (31)  ; --     ; --                     ; --                       ;
; cram1_ce0_n             ; Output   ; -- ; --   ; --   ; -- ; (0)  ; (31)  ; --     ; --                     ; --                       ;
; cram1_ce1_n             ; Output   ; -- ; --   ; --   ; -- ; (0)  ; (31)  ; --     ; --                     ; --                       ;
; cram1_oe_n              ; Output   ; -- ; --   ; --   ; -- ; (0)  ; (31)  ; --     ; --                     ; --                       ;
; cram1_we_n              ; Output   ; -- ; --   ; --   ; -- ; (0)  ; (31)  ; --     ; --                     ; --                       ;
; cram1_ub_n              ; Output   ; -- ; --   ; --   ; -- ; (0)  ; (31)  ; --     ; --                     ; --                       ;
; cram1_lb_n              ; Output   ; -- ; --   ; --   ; -- ; (0)  ; (31)  ; --     ; --                     ; --                       ;
; dram_a[0]               ; Output   ; -- ; --   ; --   ; -- ; (0)  ; (31)  ; --     ; --                     ; --                       ;
; dram_a[1]               ; Output   ; -- ; --   ; --   ; -- ; (0)  ; (31)  ; --     ; --                     ; --                       ;
; dram_a[2]               ; Output   ; -- ; --   ; --   ; -- ; (0)  ; (31)  ; --     ; --                     ; --                       ;
; dram_a[3]               ; Output   ; -- ; --   ; --   ; -- ; (0)  ; (31)  ; --     ; --                     ; --                       ;
; dram_a[4]               ; Output   ; -- ; --   ; --   ; -- ; (0)  ; (31)  ; --     ; --                     ; --                       ;
; dram_a[5]               ; Output   ; -- ; --   ; --   ; -- ; (0)  ; (31)  ; --     ; --                     ; --                       ;
; dram_a[6]               ; Output   ; -- ; --   ; --   ; -- ; (0)  ; (31)  ; --     ; --                     ; --                       ;
; dram_a[7]               ; Output   ; -- ; --   ; --   ; -- ; (0)  ; (31)  ; --     ; --                     ; --                       ;
; dram_a[8]               ; Output   ; -- ; --   ; --   ; -- ; (0)  ; (31)  ; --     ; --                     ; --                       ;
; dram_a[9]               ; Output   ; -- ; --   ; --   ; -- ; (0)  ; (31)  ; --     ; --                     ; --                       ;
; dram_a[10]              ; Output   ; -- ; --   ; --   ; -- ; (0)  ; (31)  ; --     ; --                     ; --                       ;
; dram_a[11]              ; Output   ; -- ; --   ; --   ; -- ; (0)  ; (31)  ; --     ; --                     ; --                       ;
; dram_a[12]              ; Output   ; -- ; --   ; --   ; -- ; (0)  ; (31)  ; --     ; --                     ; --                       ;
; dram_ba[0]              ; Output   ; -- ; --   ; --   ; -- ; (0)  ; (31)  ; --     ; --                     ; --                       ;
; dram_ba[1]              ; Output   ; -- ; --   ; --   ; -- ; (0)  ; (31)  ; --     ; --                     ; --                       ;
; dram_dqm[0]             ; Output   ; -- ; --   ; --   ; -- ; (0)  ; (31)  ; --     ; --                     ; --                       ;
; dram_dqm[1]             ; Output   ; -- ; --   ; --   ; -- ; (0)  ; (31)  ; --     ; --                     ; --                       ;
; dram_clk                ; Output   ; -- ; --   ; --   ; -- ; (0)  ; (31)  ; --     ; --                     ; --                       ;
; dram_cke                ; Output   ; -- ; --   ; --   ; -- ; (0)  ; (31)  ; --     ; --                     ; --                       ;
; dram_ras_n              ; Output   ; -- ; --   ; --   ; -- ; (0)  ; (31)  ; --     ; --                     ; --                       ;
; dram_cas_n              ; Output   ; -- ; --   ; --   ; -- ; (0)  ; (31)  ; --     ; --                     ; --                       ;
; dram_we_n               ; Output   ; -- ; --   ; --   ; -- ; (0)  ; (31)  ; --     ; --                     ; --                       ;
; sram_a[0]               ; Output   ; -- ; --   ; --   ; -- ; (0)  ; (31)  ; --     ; --                     ; --                       ;
; sram_a[1]               ; Output   ; -- ; --   ; --   ; -- ; (0)  ; (31)  ; --     ; --                     ; --                       ;
; sram_a[2]               ; Output   ; -- ; --   ; --   ; -- ; (0)  ; (31)  ; --     ; --                     ; --                       ;
; sram_a[3]               ; Output   ; -- ; --   ; --   ; -- ; (0)  ; (31)  ; --     ; --                     ; --                       ;
; sram_a[4]               ; Output   ; -- ; --   ; --   ; -- ; (0)  ; (31)  ; --     ; --                     ; --                       ;
; sram_a[5]               ; Output   ; -- ; --   ; --   ; -- ; (0)  ; (31)  ; --     ; --                     ; --                       ;
; sram_a[6]               ; Output   ; -- ; --   ; --   ; -- ; (0)  ; (31)  ; --     ; --                     ; --                       ;
; sram_a[7]               ; Output   ; -- ; --   ; --   ; -- ; (0)  ; (31)  ; --     ; --                     ; --                       ;
; sram_a[8]               ; Output   ; -- ; --   ; --   ; -- ; (0)  ; (31)  ; --     ; --                     ; --                       ;
; sram_a[9]               ; Output   ; -- ; --   ; --   ; -- ; (0)  ; (31)  ; --     ; --                     ; --                       ;
; sram_a[10]              ; Output   ; -- ; --   ; --   ; -- ; (0)  ; (31)  ; --     ; --                     ; --                       ;
; sram_a[11]              ; Output   ; -- ; --   ; --   ; -- ; (0)  ; (31)  ; --     ; --                     ; --                       ;
; sram_a[12]              ; Output   ; -- ; --   ; --   ; -- ; (0)  ; (31)  ; --     ; --                     ; --                       ;
; sram_a[13]              ; Output   ; -- ; --   ; --   ; -- ; (0)  ; (31)  ; --     ; --                     ; --                       ;
; sram_a[14]              ; Output   ; -- ; --   ; --   ; -- ; (0)  ; (31)  ; --     ; --                     ; --                       ;
; sram_a[15]              ; Output   ; -- ; --   ; --   ; -- ; (0)  ; (31)  ; --     ; --                     ; --                       ;
; sram_a[16]              ; Output   ; -- ; --   ; --   ; -- ; (0)  ; (31)  ; --     ; --                     ; --                       ;
; sram_oe_n               ; Output   ; -- ; --   ; --   ; -- ; (0)  ; (31)  ; --     ; --                     ; --                       ;
; sram_we_n               ; Output   ; -- ; --   ; --   ; -- ; (0)  ; (31)  ; --     ; --                     ; --                       ;
; sram_ub_n               ; Output   ; -- ; --   ; --   ; -- ; (0)  ; (31)  ; --     ; --                     ; --                       ;
; sram_lb_n               ; Output   ; -- ; --   ; --   ; -- ; (0)  ; (31)  ; --     ; --                     ; --                       ;
; vblank                  ; Input    ; -- ; --   ; --   ; -- ; --   ; --    ; --     ; --                     ; --                       ;
; dbg_tx                  ; Output   ; -- ; --   ; --   ; -- ; (0)  ; (31)  ; --     ; --                     ; --                       ;
; dbg_rx                  ; Input    ; -- ; --   ; --   ; -- ; --   ; --    ; --     ; --                     ; --                       ;
; user1                   ; Output   ; -- ; --   ; --   ; -- ; (0)  ; (31)  ; --     ; --                     ; --                       ;
; user2                   ; Input    ; -- ; --   ; --   ; -- ; --   ; --    ; --     ; --                     ; --                       ;
; vpll_feed               ; Output   ; -- ; --   ; --   ; -- ; (0)  ; (31)  ; --     ; --                     ; --                       ;
; aux_scl                 ; Output   ; -- ; --   ; --   ; -- ; (0)  ; (31)  ; --     ; --                     ; --                       ;
; cart_tran_bank2[0]      ; Bidir    ; -- ; --   ; --   ; -- ; (0)  ; (31)  ; --     ; --                     ; --                       ;
; cart_tran_bank2[1]      ; Bidir    ; -- ; --   ; --   ; -- ; (0)  ; (31)  ; --     ; --                     ; --                       ;
; cart_tran_bank2[2]      ; Bidir    ; -- ; --   ; --   ; -- ; (0)  ; (31)  ; --     ; --                     ; --                       ;
; cart_tran_bank2[3]      ; Bidir    ; -- ; --   ; --   ; -- ; (0)  ; (31)  ; --     ; --                     ; --                       ;
; cart_tran_bank2[4]      ; Bidir    ; -- ; --   ; --   ; -- ; (0)  ; (31)  ; --     ; --                     ; --                       ;
; cart_tran_bank2[5]      ; Bidir    ; -- ; --   ; --   ; -- ; (0)  ; (31)  ; --     ; --                     ; --                       ;
; cart_tran_bank2[6]      ; Bidir    ; -- ; --   ; --   ; -- ; (0)  ; (31)  ; --     ; --                     ; --                       ;
; cart_tran_bank2[7]      ; Bidir    ; -- ; --   ; --   ; -- ; (0)  ; (31)  ; --     ; --                     ; --                       ;
; cart_tran_bank3[0]      ; Bidir    ; -- ; --   ; --   ; -- ; (0)  ; (31)  ; --     ; --                     ; --                       ;
; cart_tran_bank3[1]      ; Bidir    ; -- ; --   ; --   ; -- ; (0)  ; (31)  ; --     ; --                     ; --                       ;
; cart_tran_bank3[2]      ; Bidir    ; -- ; --   ; --   ; -- ; (0)  ; (31)  ; --     ; --                     ; --                       ;
; cart_tran_bank3[3]      ; Bidir    ; -- ; --   ; --   ; -- ; (0)  ; (31)  ; --     ; --                     ; --                       ;
; cart_tran_bank3[4]      ; Bidir    ; -- ; --   ; --   ; -- ; (0)  ; (31)  ; --     ; --                     ; --                       ;
; cart_tran_bank3[5]      ; Bidir    ; -- ; --   ; --   ; -- ; (0)  ; (31)  ; --     ; --                     ; --                       ;
; cart_tran_bank3[6]      ; Bidir    ; -- ; --   ; --   ; -- ; (0)  ; (31)  ; --     ; --                     ; --                       ;
; cart_tran_bank3[7]      ; Bidir    ; -- ; --   ; --   ; -- ; (0)  ; (31)  ; --     ; --                     ; --                       ;
; cart_tran_bank1[0]      ; Bidir    ; -- ; --   ; --   ; -- ; (0)  ; (31)  ; --     ; --                     ; --                       ;
; cart_tran_bank1[1]      ; Bidir    ; -- ; --   ; --   ; -- ; (0)  ; (31)  ; --     ; --                     ; --                       ;
; cart_tran_bank1[2]      ; Bidir    ; -- ; --   ; --   ; -- ; (0)  ; (31)  ; --     ; --                     ; --                       ;
; cart_tran_bank1[3]      ; Bidir    ; -- ; --   ; --   ; -- ; (0)  ; (31)  ; --     ; --                     ; --                       ;
; cart_tran_bank1[4]      ; Bidir    ; -- ; --   ; --   ; -- ; (0)  ; (31)  ; --     ; --                     ; --                       ;
; cart_tran_bank1[5]      ; Bidir    ; -- ; --   ; --   ; -- ; (0)  ; (31)  ; --     ; --                     ; --                       ;
; cart_tran_bank1[6]      ; Bidir    ; -- ; --   ; --   ; -- ; (0)  ; (31)  ; --     ; --                     ; --                       ;
; cart_tran_bank1[7]      ; Bidir    ; -- ; --   ; --   ; -- ; (0)  ; (31)  ; --     ; --                     ; --                       ;
; cart_tran_bank0[4]      ; Bidir    ; -- ; --   ; --   ; -- ; (0)  ; (31)  ; --     ; --                     ; --                       ;
; cart_tran_bank0[5]      ; Bidir    ; -- ; --   ; --   ; -- ; (0)  ; (31)  ; --     ; --                     ; --                       ;
; cart_tran_bank0[6]      ; Bidir    ; -- ; --   ; --   ; -- ; (0)  ; (31)  ; --     ; --                     ; --                       ;
; cart_tran_bank0[7]      ; Bidir    ; -- ; --   ; --   ; -- ; (0)  ; (31)  ; --     ; --                     ; --                       ;
; cart_tran_pin30         ; Bidir    ; -- ; --   ; --   ; -- ; (0)  ; (31)  ; --     ; --                     ; --                       ;
; cart_tran_pin31         ; Bidir    ; -- ; --   ; --   ; -- ; (0)  ; (31)  ; --     ; --                     ; --                       ;
; port_tran_si            ; Bidir    ; -- ; --   ; --   ; -- ; (0)  ; (31)  ; --     ; --                     ; --                       ;
; port_tran_so            ; Bidir    ; -- ; --   ; --   ; -- ; (0)  ; (31)  ; --     ; --                     ; --                       ;
; port_tran_sck           ; Bidir    ; -- ; --   ; --   ; -- ; (0)  ; (31)  ; --     ; --                     ; --                       ;
; port_tran_sd            ; Bidir    ; -- ; --   ; --   ; -- ; (0)  ; (31)  ; --     ; --                     ; --                       ;
; scal_vid[0]             ; Bidir    ; -- ; --   ; --   ; -- ; (0)  ; (0)   ; --     ; --                     ; --                       ;
; scal_vid[1]             ; Bidir    ; -- ; --   ; --   ; -- ; (0)  ; (0)   ; --     ; --                     ; --                       ;
; scal_vid[2]             ; Bidir    ; -- ; --   ; --   ; -- ; (0)  ; (0)   ; --     ; --                     ; --                       ;
; scal_vid[3]             ; Bidir    ; -- ; --   ; --   ; -- ; (0)  ; (0)   ; --     ; --                     ; --                       ;
; scal_vid[4]             ; Bidir    ; -- ; --   ; --   ; -- ; (0)  ; (0)   ; --     ; --                     ; --                       ;
; scal_vid[5]             ; Bidir    ; -- ; --   ; --   ; -- ; (0)  ; (0)   ; --     ; --                     ; --                       ;
; scal_vid[6]             ; Bidir    ; -- ; --   ; --   ; -- ; (0)  ; (0)   ; --     ; --                     ; --                       ;
; scal_vid[7]             ; Bidir    ; -- ; --   ; --   ; -- ; (0)  ; (0)   ; --     ; --                     ; --                       ;
; scal_vid[8]             ; Bidir    ; -- ; --   ; --   ; -- ; (0)  ; (0)   ; --     ; --                     ; --                       ;
; scal_vid[9]             ; Bidir    ; -- ; --   ; --   ; -- ; (0)  ; (0)   ; --     ; --                     ; --                       ;
; scal_vid[10]            ; Bidir    ; -- ; --   ; --   ; -- ; (0)  ; (0)   ; --     ; --                     ; --                       ;
; scal_vid[11]            ; Bidir    ; -- ; --   ; --   ; -- ; (0)  ; (0)   ; --     ; --                     ; --                       ;
; scal_clk                ; Bidir    ; -- ; --   ; --   ; -- ; (0)  ; (0)   ; --     ; --                     ; --                       ;
; scal_de                 ; Bidir    ; -- ; --   ; --   ; -- ; (0)  ; (0)   ; --     ; --                     ; --                       ;
; scal_skip               ; Bidir    ; -- ; --   ; --   ; -- ; (0)  ; (0)   ; --     ; --                     ; --                       ;
; scal_vs                 ; Bidir    ; -- ; --   ; --   ; -- ; (0)  ; (0)   ; --     ; --                     ; --                       ;
; scal_hs                 ; Bidir    ; -- ; --   ; --   ; -- ; (0)  ; (0)   ; --     ; --                     ; --                       ;
; bridge_spimosi          ; Bidir    ; -- ; --   ; (0)  ; -- ; (0)  ; (31)  ; --     ; --                     ; --                       ;
; bridge_spimiso          ; Bidir    ; -- ; --   ; (0)  ; -- ; (0)  ; (31)  ; --     ; --                     ; --                       ;
; bridge_spiclk           ; Bidir    ; -- ; (0)  ; --   ; -- ; (0)  ; (31)  ; --     ; --                     ; --                       ;
; bridge_1wire            ; Bidir    ; -- ; --   ; (0)  ; -- ; (0)  ; (31)  ; --     ; --                     ; --                       ;
; cram0_dq[0]             ; Bidir    ; -- ; --   ; --   ; -- ; (0)  ; (31)  ; --     ; --                     ; --                       ;
; cram0_dq[1]             ; Bidir    ; -- ; --   ; --   ; -- ; (0)  ; (31)  ; --     ; --                     ; --                       ;
; cram0_dq[2]             ; Bidir    ; -- ; --   ; --   ; -- ; (0)  ; (31)  ; --     ; --                     ; --                       ;
; cram0_dq[3]             ; Bidir    ; -- ; --   ; --   ; -- ; (0)  ; (31)  ; --     ; --                     ; --                       ;
; cram0_dq[4]             ; Bidir    ; -- ; --   ; --   ; -- ; (0)  ; (31)  ; --     ; --                     ; --                       ;
; cram0_dq[5]             ; Bidir    ; -- ; --   ; --   ; -- ; (0)  ; (31)  ; --     ; --                     ; --                       ;
; cram0_dq[6]             ; Bidir    ; -- ; --   ; --   ; -- ; (0)  ; (31)  ; --     ; --                     ; --                       ;
; cram0_dq[7]             ; Bidir    ; -- ; --   ; --   ; -- ; (0)  ; (31)  ; --     ; --                     ; --                       ;
; cram0_dq[8]             ; Bidir    ; -- ; --   ; --   ; -- ; (0)  ; (31)  ; --     ; --                     ; --                       ;
; cram0_dq[9]             ; Bidir    ; -- ; --   ; --   ; -- ; (0)  ; (31)  ; --     ; --                     ; --                       ;
; cram0_dq[10]            ; Bidir    ; -- ; --   ; --   ; -- ; (0)  ; (31)  ; --     ; --                     ; --                       ;
; cram0_dq[11]            ; Bidir    ; -- ; --   ; --   ; -- ; (0)  ; (31)  ; --     ; --                     ; --                       ;
; cram0_dq[12]            ; Bidir    ; -- ; --   ; --   ; -- ; (0)  ; (31)  ; --     ; --                     ; --                       ;
; cram0_dq[13]            ; Bidir    ; -- ; --   ; --   ; -- ; (0)  ; (31)  ; --     ; --                     ; --                       ;
; cram0_dq[14]            ; Bidir    ; -- ; --   ; --   ; -- ; (0)  ; (31)  ; --     ; --                     ; --                       ;
; cram0_dq[15]            ; Bidir    ; -- ; --   ; --   ; -- ; (0)  ; (31)  ; --     ; --                     ; --                       ;
; cram1_dq[0]             ; Bidir    ; -- ; --   ; --   ; -- ; (0)  ; (31)  ; --     ; --                     ; --                       ;
; cram1_dq[1]             ; Bidir    ; -- ; --   ; --   ; -- ; (0)  ; (31)  ; --     ; --                     ; --                       ;
; cram1_dq[2]             ; Bidir    ; -- ; --   ; --   ; -- ; (0)  ; (31)  ; --     ; --                     ; --                       ;
; cram1_dq[3]             ; Bidir    ; -- ; --   ; --   ; -- ; (0)  ; (31)  ; --     ; --                     ; --                       ;
; cram1_dq[4]             ; Bidir    ; -- ; --   ; --   ; -- ; (0)  ; (31)  ; --     ; --                     ; --                       ;
; cram1_dq[5]             ; Bidir    ; -- ; --   ; --   ; -- ; (0)  ; (31)  ; --     ; --                     ; --                       ;
; cram1_dq[6]             ; Bidir    ; -- ; --   ; --   ; -- ; (0)  ; (31)  ; --     ; --                     ; --                       ;
; cram1_dq[7]             ; Bidir    ; -- ; --   ; --   ; -- ; (0)  ; (31)  ; --     ; --                     ; --                       ;
; cram1_dq[8]             ; Bidir    ; -- ; --   ; --   ; -- ; (0)  ; (31)  ; --     ; --                     ; --                       ;
; cram1_dq[9]             ; Bidir    ; -- ; --   ; --   ; -- ; (0)  ; (31)  ; --     ; --                     ; --                       ;
; cram1_dq[10]            ; Bidir    ; -- ; --   ; --   ; -- ; (0)  ; (31)  ; --     ; --                     ; --                       ;
; cram1_dq[11]            ; Bidir    ; -- ; --   ; --   ; -- ; (0)  ; (31)  ; --     ; --                     ; --                       ;
; cram1_dq[12]            ; Bidir    ; -- ; --   ; --   ; -- ; (0)  ; (31)  ; --     ; --                     ; --                       ;
; cram1_dq[13]            ; Bidir    ; -- ; --   ; --   ; -- ; (0)  ; (31)  ; --     ; --                     ; --                       ;
; cram1_dq[14]            ; Bidir    ; -- ; --   ; --   ; -- ; (0)  ; (31)  ; --     ; --                     ; --                       ;
; cram1_dq[15]            ; Bidir    ; -- ; --   ; --   ; -- ; (0)  ; (31)  ; --     ; --                     ; --                       ;
; dram_dq[0]              ; Bidir    ; -- ; --   ; --   ; -- ; (0)  ; (31)  ; --     ; --                     ; --                       ;
; dram_dq[1]              ; Bidir    ; -- ; --   ; --   ; -- ; (0)  ; (31)  ; --     ; --                     ; --                       ;
; dram_dq[2]              ; Bidir    ; -- ; --   ; --   ; -- ; (0)  ; (31)  ; --     ; --                     ; --                       ;
; dram_dq[3]              ; Bidir    ; -- ; --   ; --   ; -- ; (0)  ; (31)  ; --     ; --                     ; --                       ;
; dram_dq[4]              ; Bidir    ; -- ; --   ; --   ; -- ; (0)  ; (31)  ; --     ; --                     ; --                       ;
; dram_dq[5]              ; Bidir    ; -- ; --   ; --   ; -- ; (0)  ; (31)  ; --     ; --                     ; --                       ;
; dram_dq[6]              ; Bidir    ; -- ; --   ; --   ; -- ; (0)  ; (31)  ; --     ; --                     ; --                       ;
; dram_dq[7]              ; Bidir    ; -- ; --   ; --   ; -- ; (0)  ; (31)  ; --     ; --                     ; --                       ;
; dram_dq[8]              ; Bidir    ; -- ; --   ; --   ; -- ; (0)  ; (31)  ; --     ; --                     ; --                       ;
; dram_dq[9]              ; Bidir    ; -- ; --   ; --   ; -- ; (0)  ; (31)  ; --     ; --                     ; --                       ;
; dram_dq[10]             ; Bidir    ; -- ; --   ; --   ; -- ; (0)  ; (31)  ; --     ; --                     ; --                       ;
; dram_dq[11]             ; Bidir    ; -- ; --   ; --   ; -- ; (0)  ; (31)  ; --     ; --                     ; --                       ;
; dram_dq[12]             ; Bidir    ; -- ; --   ; --   ; -- ; (0)  ; (31)  ; --     ; --                     ; --                       ;
; dram_dq[13]             ; Bidir    ; -- ; --   ; --   ; -- ; (0)  ; (31)  ; --     ; --                     ; --                       ;
; dram_dq[14]             ; Bidir    ; -- ; --   ; --   ; -- ; (0)  ; (31)  ; --     ; --                     ; --                       ;
; dram_dq[15]             ; Bidir    ; -- ; --   ; --   ; -- ; (0)  ; (31)  ; --     ; --                     ; --                       ;
; sram_dq[0]              ; Bidir    ; -- ; --   ; --   ; -- ; (0)  ; (31)  ; --     ; --                     ; --                       ;
; sram_dq[1]              ; Bidir    ; -- ; --   ; --   ; -- ; (0)  ; (31)  ; --     ; --                     ; --                       ;
; sram_dq[2]              ; Bidir    ; -- ; --   ; --   ; -- ; (0)  ; (31)  ; --     ; --                     ; --                       ;
; sram_dq[3]              ; Bidir    ; -- ; --   ; --   ; -- ; (0)  ; (31)  ; --     ; --                     ; --                       ;
; sram_dq[4]              ; Bidir    ; -- ; --   ; --   ; -- ; (0)  ; (31)  ; --     ; --                     ; --                       ;
; sram_dq[5]              ; Bidir    ; -- ; --   ; --   ; -- ; (0)  ; (31)  ; --     ; --                     ; --                       ;
; sram_dq[6]              ; Bidir    ; -- ; --   ; --   ; -- ; (0)  ; (31)  ; --     ; --                     ; --                       ;
; sram_dq[7]              ; Bidir    ; -- ; --   ; --   ; -- ; (0)  ; (31)  ; --     ; --                     ; --                       ;
; sram_dq[8]              ; Bidir    ; -- ; --   ; --   ; -- ; (0)  ; (31)  ; --     ; --                     ; --                       ;
; sram_dq[9]              ; Bidir    ; -- ; --   ; --   ; -- ; (0)  ; (31)  ; --     ; --                     ; --                       ;
; sram_dq[10]             ; Bidir    ; -- ; --   ; --   ; -- ; (0)  ; (31)  ; --     ; --                     ; --                       ;
; sram_dq[11]             ; Bidir    ; -- ; --   ; --   ; -- ; (0)  ; (31)  ; --     ; --                     ; --                       ;
; sram_dq[12]             ; Bidir    ; -- ; --   ; --   ; -- ; (0)  ; (31)  ; --     ; --                     ; --                       ;
; sram_dq[13]             ; Bidir    ; -- ; --   ; --   ; -- ; (0)  ; (31)  ; --     ; --                     ; --                       ;
; sram_dq[14]             ; Bidir    ; -- ; --   ; --   ; -- ; (0)  ; (31)  ; --     ; --                     ; --                       ;
; sram_dq[15]             ; Bidir    ; -- ; --   ; --   ; -- ; (0)  ; (31)  ; --     ; --                     ; --                       ;
; bist                    ; Bidir    ; -- ; --   ; --   ; -- ; (0)  ; (31)  ; --     ; --                     ; --                       ;
; aux_sda                 ; Bidir    ; -- ; --   ; --   ; -- ; (0)  ; (31)  ; --     ; --                     ; --                       ;
; clk_74a                 ; Input    ; -- ; (0)  ; --   ; -- ; --   ; --    ; --     ; --                     ; --                       ;
; bridge_spiss            ; Input    ; -- ; (0)  ; --   ; -- ; --   ; --    ; --     ; --                     ; --                       ;
+-------------------------+----------+----+------+------+----+------+-------+--------+------------------------+--------------------------+


+--------------------------------------------------------------------------------------+
; Pad To Core Delay Chain Fanout                                                       ;
+--------------------------------------------------------+-------------------+---------+
; Source Pin / Fanout                                    ; Pad To Core Index ; Setting ;
+--------------------------------------------------------+-------------------+---------+
; clk_74b                                                ;                   ;         ;
; port_ir_rx                                             ;                   ;         ;
; scal_audadc                                            ;                   ;         ;
; cram0_wait                                             ;                   ;         ;
; cram1_wait                                             ;                   ;         ;
; vblank                                                 ;                   ;         ;
; dbg_rx                                                 ;                   ;         ;
; user2                                                  ;                   ;         ;
; cart_tran_bank2[0]                                     ;                   ;         ;
; cart_tran_bank2[1]                                     ;                   ;         ;
; cart_tran_bank2[2]                                     ;                   ;         ;
; cart_tran_bank2[3]                                     ;                   ;         ;
; cart_tran_bank2[4]                                     ;                   ;         ;
; cart_tran_bank2[5]                                     ;                   ;         ;
; cart_tran_bank2[6]                                     ;                   ;         ;
; cart_tran_bank2[7]                                     ;                   ;         ;
; cart_tran_bank3[0]                                     ;                   ;         ;
; cart_tran_bank3[1]                                     ;                   ;         ;
; cart_tran_bank3[2]                                     ;                   ;         ;
; cart_tran_bank3[3]                                     ;                   ;         ;
; cart_tran_bank3[4]                                     ;                   ;         ;
; cart_tran_bank3[5]                                     ;                   ;         ;
; cart_tran_bank3[6]                                     ;                   ;         ;
; cart_tran_bank3[7]                                     ;                   ;         ;
; cart_tran_bank1[0]                                     ;                   ;         ;
; cart_tran_bank1[1]                                     ;                   ;         ;
; cart_tran_bank1[2]                                     ;                   ;         ;
; cart_tran_bank1[3]                                     ;                   ;         ;
; cart_tran_bank1[4]                                     ;                   ;         ;
; cart_tran_bank1[5]                                     ;                   ;         ;
; cart_tran_bank1[6]                                     ;                   ;         ;
; cart_tran_bank1[7]                                     ;                   ;         ;
; cart_tran_bank0[4]                                     ;                   ;         ;
; cart_tran_bank0[5]                                     ;                   ;         ;
; cart_tran_bank0[6]                                     ;                   ;         ;
; cart_tran_bank0[7]                                     ;                   ;         ;
; cart_tran_pin30                                        ;                   ;         ;
; cart_tran_pin31                                        ;                   ;         ;
; port_tran_si                                           ;                   ;         ;
; port_tran_so                                           ;                   ;         ;
; port_tran_sck                                          ;                   ;         ;
; port_tran_sd                                           ;                   ;         ;
; scal_vid[0]                                            ;                   ;         ;
; scal_vid[1]                                            ;                   ;         ;
; scal_vid[2]                                            ;                   ;         ;
; scal_vid[3]                                            ;                   ;         ;
; scal_vid[4]                                            ;                   ;         ;
; scal_vid[5]                                            ;                   ;         ;
; scal_vid[6]                                            ;                   ;         ;
; scal_vid[7]                                            ;                   ;         ;
; scal_vid[8]                                            ;                   ;         ;
; scal_vid[9]                                            ;                   ;         ;
; scal_vid[10]                                           ;                   ;         ;
; scal_vid[11]                                           ;                   ;         ;
; scal_clk                                               ;                   ;         ;
; scal_de                                                ;                   ;         ;
; scal_skip                                              ;                   ;         ;
; scal_vs                                                ;                   ;         ;
; scal_hs                                                ;                   ;         ;
; bridge_spimosi                                         ;                   ;         ;
;      - io_bridge_peripheral:ibs|rx_byte[1]             ; 1                 ; 0       ;
;      - io_bridge_peripheral:ibs|rx_dat[5]              ; 1                 ; 0       ;
;      - io_bridge_peripheral:ibs|rx_dat[7]              ; 1                 ; 0       ;
;      - io_bridge_peripheral:ibs|rx_dat[3]~feeder       ; 1                 ; 0       ;
; bridge_spimiso                                         ;                   ;         ;
;      - io_bridge_peripheral:ibs|rx_byte[0]             ; 1                 ; 0       ;
;      - io_bridge_peripheral:ibs|rx_dat[6]              ; 1                 ; 0       ;
;      - io_bridge_peripheral:ibs|rx_dat[2]~feeder       ; 1                 ; 0       ;
;      - io_bridge_peripheral:ibs|rx_dat[4]~feeder       ; 1                 ; 0       ;
; bridge_spiclk                                          ;                   ;         ;
;      - bridge_spiclk~inputCLKENA0                      ; 0                 ; 0       ;
; bridge_1wire                                           ;                   ;         ;
;      - io_pad_controller:ipm|synch_3:s01|stage_1[0]    ; 1                 ; 0       ;
; cram0_dq[0]                                            ;                   ;         ;
; cram0_dq[1]                                            ;                   ;         ;
; cram0_dq[2]                                            ;                   ;         ;
; cram0_dq[3]                                            ;                   ;         ;
; cram0_dq[4]                                            ;                   ;         ;
; cram0_dq[5]                                            ;                   ;         ;
; cram0_dq[6]                                            ;                   ;         ;
; cram0_dq[7]                                            ;                   ;         ;
; cram0_dq[8]                                            ;                   ;         ;
; cram0_dq[9]                                            ;                   ;         ;
; cram0_dq[10]                                           ;                   ;         ;
; cram0_dq[11]                                           ;                   ;         ;
; cram0_dq[12]                                           ;                   ;         ;
; cram0_dq[13]                                           ;                   ;         ;
; cram0_dq[14]                                           ;                   ;         ;
; cram0_dq[15]                                           ;                   ;         ;
; cram1_dq[0]                                            ;                   ;         ;
; cram1_dq[1]                                            ;                   ;         ;
; cram1_dq[2]                                            ;                   ;         ;
; cram1_dq[3]                                            ;                   ;         ;
; cram1_dq[4]                                            ;                   ;         ;
; cram1_dq[5]                                            ;                   ;         ;
; cram1_dq[6]                                            ;                   ;         ;
; cram1_dq[7]                                            ;                   ;         ;
; cram1_dq[8]                                            ;                   ;         ;
; cram1_dq[9]                                            ;                   ;         ;
; cram1_dq[10]                                           ;                   ;         ;
; cram1_dq[11]                                           ;                   ;         ;
; cram1_dq[12]                                           ;                   ;         ;
; cram1_dq[13]                                           ;                   ;         ;
; cram1_dq[14]                                           ;                   ;         ;
; cram1_dq[15]                                           ;                   ;         ;
; dram_dq[0]                                             ;                   ;         ;
; dram_dq[1]                                             ;                   ;         ;
; dram_dq[2]                                             ;                   ;         ;
; dram_dq[3]                                             ;                   ;         ;
; dram_dq[4]                                             ;                   ;         ;
; dram_dq[5]                                             ;                   ;         ;
; dram_dq[6]                                             ;                   ;         ;
; dram_dq[7]                                             ;                   ;         ;
; dram_dq[8]                                             ;                   ;         ;
; dram_dq[9]                                             ;                   ;         ;
; dram_dq[10]                                            ;                   ;         ;
; dram_dq[11]                                            ;                   ;         ;
; dram_dq[12]                                            ;                   ;         ;
; dram_dq[13]                                            ;                   ;         ;
; dram_dq[14]                                            ;                   ;         ;
; dram_dq[15]                                            ;                   ;         ;
; sram_dq[0]                                             ;                   ;         ;
; sram_dq[1]                                             ;                   ;         ;
; sram_dq[2]                                             ;                   ;         ;
; sram_dq[3]                                             ;                   ;         ;
; sram_dq[4]                                             ;                   ;         ;
; sram_dq[5]                                             ;                   ;         ;
; sram_dq[6]                                             ;                   ;         ;
; sram_dq[7]                                             ;                   ;         ;
; sram_dq[8]                                             ;                   ;         ;
; sram_dq[9]                                             ;                   ;         ;
; sram_dq[10]                                            ;                   ;         ;
; sram_dq[11]                                            ;                   ;         ;
; sram_dq[12]                                            ;                   ;         ;
; sram_dq[13]                                            ;                   ;         ;
; sram_dq[14]                                            ;                   ;         ;
; sram_dq[15]                                            ;                   ;         ;
; bist                                                   ;                   ;         ;
; aux_sda                                                ;                   ;         ;
; clk_74a                                                ;                   ;         ;
; bridge_spiss                                           ;                   ;         ;
;      - io_bridge_peripheral:ibs|synch_3:s02|stage_1[0] ; 0                 ; 0       ;
;      - io_bridge_peripheral:ibs|rx_latch_idx.11        ; 0                 ; 0       ;
;      - io_bridge_peripheral:ibs|rx_byte[0]~1           ; 0                 ; 0       ;
;      - io_bridge_peripheral:ibs|rx_latch_idx.10        ; 0                 ; 0       ;
;      - io_bridge_peripheral:ibs|rx_latch_idx.01        ; 0                 ; 0       ;
;      - io_bridge_peripheral:ibs|rx_latch_idx.00        ; 0                 ; 0       ;
;      - io_bridge_peripheral:ibs|rx_dat[2]~3            ; 0                 ; 0       ;
;      - io_bridge_peripheral:ibs|rx_dat[4]~4            ; 0                 ; 0       ;
;      - io_bridge_peripheral:ibs|rx_dat[6]~5            ; 0                 ; 0       ;
;      - io_bridge_peripheral:ibs|rx_byte_done           ; 0                 ; 0       ;
+--------------------------------------------------------+-------------------+---------+


+---------------------------------------------------------------------------------------------------------------------------------------------------------------------------------------------------------------------------------------------------+
; Control Signals                                                                                                                                                                                                                                   ;
+---------------------------------------------------------------------------------------------------+----------------------------+---------+-------------------------+--------+----------------------+------------------+---------------------------+
; Name                                                                                              ; Location                   ; Fan-Out ; Usage                   ; Global ; Global Resource Used ; Global Line Name ; Enable Signal Source Name ;
+---------------------------------------------------------------------------------------------------+----------------------------+---------+-------------------------+--------+----------------------+------------------+---------------------------+
; bridge_spiclk                                                                                     ; PIN_T17                    ; 19      ; Clock                   ; yes    ; Global Clock         ; GCLK10           ; --                        ;
; bridge_spiss                                                                                      ; PIN_H14                    ; 10      ; Async. clear            ; no     ; --                   ; --               ; --                        ;
; clk_74a                                                                                           ; PIN_V15                    ; 2120    ; Clock                   ; yes    ; Global Clock         ; GCLK4            ; --                        ;
; core_top:ic|core_bridge_cmd:commands|Selector158~0                                                ; LABCELL_X17_Y20_N18        ; 19      ; Clock enable            ; no     ; --                   ; --               ; --                        ;
; core_top:ic|core_bridge_cmd:commands|Selector168~0                                                ; LABCELL_X16_Y20_N48        ; 9       ; Clock enable            ; no     ; --                   ; --               ; --                        ;
; core_top:ic|core_bridge_cmd:commands|Selector168~1                                                ; LABCELL_X16_Y20_N51        ; 2       ; Clock enable            ; no     ; --                   ; --               ; --                        ;
; core_top:ic|core_bridge_cmd:commands|Selector169~0                                                ; LABCELL_X16_Y20_N54        ; 5       ; Clock enable            ; no     ; --                   ; --               ; --                        ;
; core_top:ic|core_bridge_cmd:commands|Selector208~1                                                ; LABCELL_X20_Y19_N0         ; 4       ; Clock enable            ; no     ; --                   ; --               ; --                        ;
; core_top:ic|core_bridge_cmd:commands|b_datatable_wren                                             ; FF_X28_Y21_N1              ; 2       ; Write enable            ; no     ; --                   ; --               ; --                        ;
; core_top:ic|core_bridge_cmd:commands|dataslot_requestread_id[0]~1                                 ; MLABCELL_X18_Y21_N51       ; 16      ; Clock enable            ; no     ; --                   ; --               ; --                        ;
; core_top:ic|core_bridge_cmd:commands|dataslot_requestwrite_id[0]~0                                ; MLABCELL_X18_Y21_N57       ; 48      ; Clock enable            ; no     ; --                   ; --               ; --                        ;
; core_top:ic|core_bridge_cmd:commands|host_20[0]~0                                                 ; LABCELL_X19_Y20_N6         ; 17      ; Clock enable            ; no     ; --                   ; --               ; --                        ;
; core_top:ic|core_bridge_cmd:commands|host_24[31]~2                                                ; LABCELL_X19_Y20_N9         ; 32      ; Clock enable            ; no     ; --                   ; --               ; --                        ;
; core_top:ic|core_bridge_cmd:commands|host_cmd_start~4                                             ; LABCELL_X16_Y20_N9         ; 17      ; Clock enable            ; no     ; --                   ; --               ; --                        ;
; core_top:ic|core_bridge_cmd:commands|hstate.ST_PARSE                                              ; FF_X17_Y21_N32             ; 30      ; Clock enable            ; no     ; --                   ; --               ; --                        ;
; core_top:ic|core_bridge_cmd:commands|reset_n                                                      ; FF_X18_Y21_N5              ; 40      ; Sync. clear             ; no     ; --                   ; --               ; --                        ;
; core_top:ic|core_bridge_cmd:commands|status_setup_done_queue                                      ; FF_X21_Y20_N5              ; 8       ; Sync. load              ; no     ; --                   ; --               ; --                        ;
; core_top:ic|core_bridge_cmd:commands|target_0~4                                                   ; LABCELL_X16_Y20_N12        ; 20      ; Clock enable            ; no     ; --                   ; --               ; --                        ;
; core_top:ic|core_bridge_cmd:commands|target_4[31]~1                                               ; LABCELL_X19_Y20_N45        ; 32      ; Clock enable            ; no     ; --                   ; --               ; --                        ;
; core_top:ic|core_bridge_cmd:commands|target_8[31]~3                                               ; LABCELL_X19_Y20_N42        ; 32      ; Clock enable            ; no     ; --                   ; --               ; --                        ;
; core_top:ic|lab_probe:probe|checksum~1                                                            ; MLABCELL_X34_Y18_N33       ; 32      ; Clock enable            ; no     ; --                   ; --               ; --                        ;
; core_top:ic|lab_probe:probe|completed[31]~1                                                       ; LABCELL_X31_Y15_N48        ; 43      ; Clock enable            ; no     ; --                   ; --               ; --                        ;
; core_top:ic|lab_probe:probe|elapsed_cycles~0                                                      ; LABCELL_X31_Y17_N0         ; 47      ; Clock enable            ; no     ; --                   ; --               ; --                        ;
; core_top:ic|lab_probe:probe|generation[31]~0                                                      ; MLABCELL_X34_Y18_N57       ; 40      ; Clock enable            ; no     ; --                   ; --               ; --                        ;
; core_top:ic|lab_probe:probe|last_error~0                                                          ; LABCELL_X31_Y15_N54        ; 3       ; Clock enable            ; no     ; --                   ; --               ; --                        ;
; core_top:ic|lab_probe:probe|loaded_generation[31]~0                                               ; LABCELL_X31_Y15_N24        ; 32      ; Clock enable            ; no     ; --                   ; --               ; --                        ;
; core_top:ic|lab_probe:probe|rx_mem~16                                                             ; LABCELL_X20_Y17_N0         ; 20      ; Clock enable            ; no     ; --                   ; --               ; --                        ;
; core_top:ic|lab_probe:probe|rx_mem~5                                                              ; LABCELL_X20_Y17_N18        ; 20      ; Clock enable            ; no     ; --                   ; --               ; --                        ;
; core_top:ic|lab_probe:probe|rx_mem~50                                                             ; LABCELL_X20_Y15_N6         ; 19      ; Clock enable            ; no     ; --                   ; --               ; --                        ;
; core_top:ic|lab_probe:probe|rx_mem~53                                                             ; LABCELL_X19_Y17_N12        ; 20      ; Clock enable            ; no     ; --                   ; --               ; --                        ;
; core_top:ic|lab_probe:probe|rx_mem~56                                                             ; LABCELL_X20_Y16_N24        ; 19      ; Clock enable            ; no     ; --                   ; --               ; --                        ;
; core_top:ic|lab_probe:probe|rx_mem~59                                                             ; LABCELL_X20_Y17_N51        ; 19      ; Clock enable            ; no     ; --                   ; --               ; --                        ;
; core_top:ic|lab_probe:probe|rx_mem~62                                                             ; LABCELL_X20_Y16_N48        ; 19      ; Clock enable            ; no     ; --                   ; --               ; --                        ;
; core_top:ic|lab_probe:probe|rx_mem~65                                                             ; LABCELL_X20_Y17_N24        ; 20      ; Clock enable            ; no     ; --                   ; --               ; --                        ;
; core_top:ic|lab_probe:probe|rx_mem~68                                                             ; LABCELL_X20_Y15_N15        ; 20      ; Clock enable            ; no     ; --                   ; --               ; --                        ;
; core_top:ic|lab_probe:probe|rx_mem~71                                                             ; MLABCELL_X13_Y15_N18       ; 19      ; Clock enable            ; no     ; --                   ; --               ; --                        ;
; core_top:ic|lab_probe:probe|rx_mem~74                                                             ; LABCELL_X20_Y16_N54        ; 19      ; Clock enable            ; no     ; --                   ; --               ; --                        ;
; core_top:ic|lab_probe:probe|rx_mem~77                                                             ; MLABCELL_X13_Y15_N24       ; 19      ; Clock enable            ; no     ; --                   ; --               ; --                        ;
; core_top:ic|lab_probe:probe|rx_mem~80                                                             ; LABCELL_X21_Y13_N15        ; 19      ; Clock enable            ; no     ; --                   ; --               ; --                        ;
; core_top:ic|lab_probe:probe|rx_mem~83                                                             ; LABCELL_X21_Y13_N45        ; 19      ; Clock enable            ; no     ; --                   ; --               ; --                        ;
; core_top:ic|lab_probe:probe|rx_mem~87                                                             ; LABCELL_X19_Y18_N42        ; 19      ; Clock enable            ; no     ; --                   ; --               ; --                        ;
; core_top:ic|lab_probe:probe|rx_mem~90                                                             ; LABCELL_X20_Y16_N3         ; 19      ; Clock enable            ; no     ; --                   ; --               ; --                        ;
; core_top:ic|lab_probe:probe|state.IDLE                                                            ; FF_X31_Y20_N20             ; 97      ; Sync. clear             ; no     ; --                   ; --               ; --                        ;
; core_top:ic|lab_probe:probe|state.PREPARE                                                         ; FF_X29_Y16_N50             ; 42      ; Sync. clear             ; no     ; --                   ; --               ; --                        ;
; core_top:ic|lab_probe:probe|tx_mem[0][31]~34                                                      ; LABCELL_X35_Y17_N18        ; 34      ; Clock enable            ; no     ; --                   ; --               ; --                        ;
; core_top:ic|lab_probe:probe|tx_mem[10][31]~44                                                     ; LABCELL_X32_Y17_N51        ; 32      ; Clock enable            ; no     ; --                   ; --               ; --                        ;
; core_top:ic|lab_probe:probe|tx_mem[11][31]~48                                                     ; LABCELL_X32_Y17_N57        ; 33      ; Clock enable            ; no     ; --                   ; --               ; --                        ;
; core_top:ic|lab_probe:probe|tx_mem[12][31]~37                                                     ; LABCELL_X35_Y15_N15        ; 33      ; Clock enable            ; no     ; --                   ; --               ; --                        ;
; core_top:ic|lab_probe:probe|tx_mem[13][31]~41                                                     ; LABCELL_X32_Y17_N15        ; 33      ; Clock enable            ; no     ; --                   ; --               ; --                        ;
; core_top:ic|lab_probe:probe|tx_mem[14][31]~45                                                     ; LABCELL_X32_Y17_N12        ; 32      ; Clock enable            ; no     ; --                   ; --               ; --                        ;
; core_top:ic|lab_probe:probe|tx_mem[15][31]~1                                                      ; LABCELL_X32_Y17_N3         ; 43      ; Clock enable            ; no     ; --                   ; --               ; --                        ;
; core_top:ic|lab_probe:probe|tx_mem[1][31]~38                                                      ; LABCELL_X32_Y17_N42        ; 33      ; Clock enable            ; no     ; --                   ; --               ; --                        ;
; core_top:ic|lab_probe:probe|tx_mem[2][31]~42                                                      ; LABCELL_X32_Y17_N18        ; 34      ; Clock enable            ; no     ; --                   ; --               ; --                        ;
; core_top:ic|lab_probe:probe|tx_mem[3][31]~46                                                      ; LABCELL_X32_Y17_N9         ; 33      ; Clock enable            ; no     ; --                   ; --               ; --                        ;
; core_top:ic|lab_probe:probe|tx_mem[4][31]~35                                                      ; LABCELL_X32_Y17_N30        ; 32      ; Clock enable            ; no     ; --                   ; --               ; --                        ;
; core_top:ic|lab_probe:probe|tx_mem[5][31]~39                                                      ; LABCELL_X35_Y17_N24        ; 34      ; Clock enable            ; no     ; --                   ; --               ; --                        ;
; core_top:ic|lab_probe:probe|tx_mem[6][31]~43                                                      ; LABCELL_X32_Y17_N48        ; 35      ; Clock enable            ; no     ; --                   ; --               ; --                        ;
; core_top:ic|lab_probe:probe|tx_mem[7][31]~47                                                      ; LABCELL_X32_Y17_N54        ; 34      ; Clock enable            ; no     ; --                   ; --               ; --                        ;
; core_top:ic|lab_probe:probe|tx_mem[8][31]~36                                                      ; LABCELL_X32_Y17_N33        ; 34      ; Clock enable            ; no     ; --                   ; --               ; --                        ;
; core_top:ic|lab_probe:probe|tx_mem[9][31]~40                                                      ; LABCELL_X32_Y17_N6         ; 35      ; Clock enable            ; no     ; --                   ; --               ; --                        ;
; core_top:ic|lab_video:screen|y~0                                                                  ; LABCELL_X50_Y9_N12         ; 10      ; Clock enable            ; no     ; --                   ; --               ; --                        ;
; core_top:ic|mf_pllbase:mp1|mf_pllbase_0002:mf_pllbase_inst|altera_pll:altera_pll_i|outclk_wire[0] ; PLLOUTPUTCOUNTER_X54_Y7_N1 ; 64      ; Clock                   ; yes    ; Global Clock         ; GCLK7            ; --                        ;
; core_top:ic|mf_pllbase:mp1|mf_pllbase_0002:mf_pllbase_inst|altera_pll:altera_pll_i|outclk_wire[1] ; PLLOUTPUTCOUNTER_X54_Y3_N1 ; 1       ; Clock                   ; yes    ; Global Clock         ; GCLK9            ; --                        ;
; io_bridge_peripheral:ibs|phy_spiclk~en                                                            ; FF_X53_Y14_N34             ; 1       ; Output enable           ; no     ; --                   ; --               ; --                        ;
; io_bridge_peripheral:ibs|phy_spimiso~en                                                           ; FF_X48_Y17_N37             ; 1       ; Output enable           ; no     ; --                   ; --               ; --                        ;
; io_bridge_peripheral:ibs|phy_spimosi~1                                                            ; LABCELL_X48_Y17_N45        ; 4       ; Clock enable            ; no     ; --                   ; --               ; --                        ;
; io_bridge_peripheral:ibs|phy_spimosi~en                                                           ; FF_X48_Y17_N31             ; 1       ; Output enable           ; no     ; --                   ; --               ; --                        ;
; io_bridge_peripheral:ibs|pmp_addr[23]~2                                                           ; MLABCELL_X42_Y18_N42       ; 8       ; Clock enable            ; no     ; --                   ; --               ; --                        ;
; io_bridge_peripheral:ibs|pmp_addr[24]~0                                                           ; MLABCELL_X42_Y18_N30       ; 9       ; Clock enable            ; no     ; --                   ; --               ; --                        ;
; io_bridge_peripheral:ibs|pmp_addr[2]~3                                                            ; LABCELL_X47_Y17_N33        ; 10      ; Clock enable            ; no     ; --                   ; --               ; --                        ;
; io_bridge_peripheral:ibs|pmp_addr[8]~1                                                            ; MLABCELL_X42_Y18_N39       ; 9       ; Clock enable            ; no     ; --                   ; --               ; --                        ;
; io_bridge_peripheral:ibs|pmp_rd                                                                   ; FF_X45_Y17_N5              ; 44      ; Clock enable            ; no     ; --                   ; --               ; --                        ;
; io_bridge_peripheral:ibs|pmp_wr_data_latch[16]~2                                                  ; MLABCELL_X42_Y18_N57       ; 9       ; Clock enable            ; no     ; --                   ; --               ; --                        ;
; io_bridge_peripheral:ibs|pmp_wr_data_latch[24]~1                                                  ; MLABCELL_X42_Y18_N54       ; 8       ; Clock enable            ; no     ; --                   ; --               ; --                        ;
; io_bridge_peripheral:ibs|pmp_wr_data_latch[8]~0                                                   ; MLABCELL_X42_Y18_N21       ; 11      ; Clock enable            ; no     ; --                   ; --               ; --                        ;
; io_bridge_peripheral:ibs|rx_byte[0]~1                                                             ; MLABCELL_X45_Y18_N39       ; 8       ; Clock enable            ; no     ; --                   ; --               ; --                        ;
; io_bridge_peripheral:ibs|rx_dat[2]~3                                                              ; LABCELL_X44_Y16_N45        ; 2       ; Clock enable            ; no     ; --                   ; --               ; --                        ;
; io_bridge_peripheral:ibs|rx_dat[4]~4                                                              ; MLABCELL_X45_Y18_N9        ; 2       ; Clock enable            ; no     ; --                   ; --               ; --                        ;
; io_bridge_peripheral:ibs|rx_dat[6]~5                                                              ; MLABCELL_X45_Y18_N15       ; 2       ; Clock enable            ; no     ; --                   ; --               ; --                        ;
; io_bridge_peripheral:ibs|spis.ST_SEND_3                                                           ; FF_X47_Y16_N41             ; 8       ; Clock enable            ; no     ; --                   ; --               ; --                        ;
; io_bridge_peripheral:ibs|spis_word_tx[31]~0                                                       ; MLABCELL_X45_Y17_N15       ; 32      ; Clock enable            ; no     ; --                   ; --               ; --                        ;
; io_bridge_peripheral:ibs|spis_word~0                                                              ; LABCELL_X47_Y16_N18        ; 32      ; Clock enable            ; no     ; --                   ; --               ; --                        ;
; io_bridge_peripheral:ibs|state.ST_READ_0                                                          ; FF_X45_Y17_N8              ; 14      ; Sync. load              ; no     ; --                   ; --               ; --                        ;
; io_bridge_peripheral:ibs|state~35                                                                 ; LABCELL_X43_Y16_N30        ; 10      ; Clock enable            ; no     ; --                   ; --               ; --                        ;
; io_pad_controller:ipm|Selector2~1                                                                 ; LABCELL_X48_Y21_N27        ; 2       ; Clock enable            ; no     ; --                   ; --               ; --                        ;
; io_pad_controller:ipm|cont1_key[4]~0                                                              ; LABCELL_X43_Y22_N27        ; 2       ; Clock enable            ; no     ; --                   ; --               ; --                        ;
; io_pad_controller:ipm|pad_1wire~en                                                                ; FF_X53_Y21_N4              ; 1       ; Output enable           ; no     ; --                   ; --               ; --                        ;
; io_pad_controller:ipm|rx_word_shift[4]~0                                                          ; LABCELL_X48_Y21_N12        ; 6       ; Clock enable            ; no     ; --                   ; --               ; --                        ;
; io_pad_controller:ipm|state.ST_IDLE                                                               ; FF_X44_Y22_N8              ; 38      ; Sync. clear, Sync. load ; no     ; --                   ; --               ; --                        ;
; io_pad_controller:ipm|tr_state.TR_RX_DONE                                                         ; FF_X47_Y21_N8              ; 8       ; Clock enable            ; no     ; --                   ; --               ; --                        ;
; io_pad_controller:ipm|tx_word[2]~0                                                                ; LABCELL_X44_Y21_N33        ; 2       ; Clock enable            ; no     ; --                   ; --               ; --                        ;
; io_pad_controller:ipm|tx_word_shift~0                                                             ; LABCELL_X44_Y21_N42        ; 32      ; Clock enable            ; no     ; --                   ; --               ; --                        ;
+---------------------------------------------------------------------------------------------------+----------------------------+---------+-------------------------+--------+----------------------+------------------+---------------------------+


+------------------------------------------------------------------------------------------------------------------------------------------------------------------------------------------------------------------+
; Global & Other Fast Signals                                                                                                                                                                                      ;
+-----------------------------------------------------------------------------------------------------+----------------------------+---------+----------------------+------------------+---------------------------+
; Name                                                                                                ; Location                   ; Fan-Out ; Global Resource Used ; Global Line Name ; Enable Signal Source Name ;
+-----------------------------------------------------------------------------------------------------+----------------------------+---------+----------------------+------------------+---------------------------+
; bridge_spiclk                                                                                       ; PIN_T17                    ; 19      ; Global Clock         ; GCLK10           ; --                        ;
; clk_74a                                                                                             ; PIN_V15                    ; 2120    ; Global Clock         ; GCLK4            ; --                        ;
; core_top:ic|mf_pllbase:mp1|mf_pllbase_0002:mf_pllbase_inst|altera_pll:altera_pll_i|fboutclk_wire[0] ; FRACTIONALPLL_X54_Y1_N0    ; 1       ; Global Clock         ; --               ; --                        ;
; core_top:ic|mf_pllbase:mp1|mf_pllbase_0002:mf_pllbase_inst|altera_pll:altera_pll_i|outclk_wire[0]   ; PLLOUTPUTCOUNTER_X54_Y7_N1 ; 64      ; Global Clock         ; GCLK7            ; --                        ;
; core_top:ic|mf_pllbase:mp1|mf_pllbase_0002:mf_pllbase_inst|altera_pll:altera_pll_i|outclk_wire[1]   ; PLLOUTPUTCOUNTER_X54_Y3_N1 ; 1       ; Global Clock         ; GCLK9            ; --                        ;
+-----------------------------------------------------------------------------------------------------+----------------------------+---------+----------------------+------------------+---------------------------+


+------------------------------------------------------------------------------------------------------------------------------------------------------------------------------------------------------------------------------------------------------------------------------------------------------------------------------------------------------------------------------------------------------------------------------------------------------------------------------------------------------------------------------------------------------------------------------------------------------------------------------------------------------------------------------------------------------------------------------------------+
; Fitter RAM Summary                                                                                                                                                                                                                                                                                                                                                                                                                                                                                                                                                                                                                                                                                                                       ;
+-----------------------------------------------------------------------------------------------------------------------------------+------+------------------+--------------+--------------+--------------+--------------+--------------+------------------------+-------------------------+------------------------+-------------------------+------+-----------------------------+-----------------------------+-----------------------------+-----------------------------+---------------------+-------------+-------+--------------------+--------------------------------------------------------------------+----------------------+-----------------+-----------------+----------+------------------------+-----------------------+
; Name                                                                                                                              ; Type ; Mode             ; Clock Mode   ; Port A Depth ; Port A Width ; Port B Depth ; Port B Width ; Port A Input Registers ; Port A Output Registers ; Port B Input Registers ; Port B Output Registers ; Size ; Implementation Port A Depth ; Implementation Port A Width ; Implementation Port B Depth ; Implementation Port B Width ; Implementation Bits ; M10K blocks ; MLABs ; MIF                ; Location                                                           ; Mixed Width RDW Mode ; Port A RDW Mode ; Port B RDW Mode ; ECC Mode ; ECC Pipeline Registers ; Fits in MLABs         ;
+-----------------------------------------------------------------------------------------------------------------------------------+------+------------------+--------------+--------------+--------------+--------------+--------------+------------------------+-------------------------+------------------------+-------------------------+------+-----------------------------+-----------------------------+-----------------------------+-----------------------------+---------------------+-------------+-------+--------------------+--------------------------------------------------------------------+----------------------+-----------------+-----------------+----------+------------------------+-----------------------+
; core_top:ic|core_bridge_cmd:commands|mf_datatable:idt|altsyncram:altsyncram_component|altsyncram_ltk2:auto_generated|ALTSYNCRAM   ; AUTO ; True Dual Port   ; Single Clock ; 256          ; 32           ; 256          ; 32           ; yes                    ; yes                     ; yes                    ; yes                     ; 8192 ; 256                         ; 32                          ; 256                         ; 32                          ; 8192                ; 2           ; 0     ; ./apf/build_id.mif ; M10K_X22_Y19_N0, M10K_X22_Y20_N0                                   ; Don't care           ; New data        ; New data        ; Off      ; No                     ; No - Unsupported Mode ;
; core_top:ic|synch_3:display_sync|altshift_taps:stage_1_rtl_0|shift_taps_f0v:auto_generated|altsyncram_nu91:altsyncram4|ALTSYNCRAM ; AUTO ; Simple Dual Port ; Single Clock ; 3            ; 135          ; 3            ; 135          ; yes                    ; no                      ; yes                    ; yes                     ; 405  ; 3                           ; 135                         ; 3                           ; 135                         ; 405                 ; 4           ; 0     ; None               ; M10K_X38_Y14_N0, M10K_X38_Y13_N0, M10K_X38_Y12_N0, M10K_X38_Y11_N0 ; Don't care           ; New data        ; New data        ; Off      ; No                     ; Yes                   ;
+-----------------------------------------------------------------------------------------------------------------------------------+------+------------------+--------------+--------------+--------------+--------------+--------------+------------------------+-------------------------+------------------------+-------------------------+------+-----------------------------+-----------------------------+-----------------------------+-----------------------------+---------------------+-------------+-------+--------------------+--------------------------------------------------------------------+----------------------+-----------------+-----------------+----------+------------------------+-----------------------+
Note: Fitter may spread logical memories into multiple blocks to improve timing. The actual required RAM blocks can be found in the Fitter Resource Usage section.


+--------------------------------------------------------+
; Routing Usage Summary                                  ;
+------------------------------+-------------------------+
; Routing Resource Type        ; Usage                   ;
+------------------------------+-------------------------+
; Block interconnects          ; 7,903 / 140,056 ( 6 % ) ;
; C12 interconnects            ; 25 / 6,048 ( < 1 % )    ;
; C2 interconnects             ; 2,604 / 54,648 ( 5 % )  ;
; C4 interconnects             ; 1,188 / 25,920 ( 5 % )  ;
; DQS bus muxes                ; 0 / 17 ( 0 % )          ;
; DQS-18 I/O buses             ; 0 / 17 ( 0 % )          ;
; DQS-9 I/O buses              ; 0 / 17 ( 0 % )          ;
; Direct links                 ; 669 / 140,056 ( < 1 % ) ;
; Global clocks                ; 4 / 16 ( 25 % )         ;
; Local interconnects          ; 1,700 / 36,960 ( 5 % )  ;
; Quadrant clocks              ; 0 / 88 ( 0 % )          ;
; R14 interconnects            ; 119 / 5,984 ( 2 % )     ;
; R14/C12 interconnect drivers ; 133 / 9,504 ( 1 % )     ;
; R3 interconnects             ; 3,117 / 60,192 ( 5 % )  ;
; R6 interconnects             ; 4,694 / 127,072 ( 4 % ) ;
; Spine clocks                 ; 8 / 120 ( 7 % )         ;
; Wire stub REs                ; 0 / 7,344 ( 0 % )       ;
+------------------------------+-------------------------+


+------------------------------------------+
; I/O Rules Summary                        ;
+----------------------------------+-------+
; I/O Rules Statistic              ; Total ;
+----------------------------------+-------+
; Total I/O Rules                  ; 28    ;
; Number of I/O Rules Passed       ; 16    ;
; Number of I/O Rules Failed       ; 0     ;
; Number of I/O Rules Unchecked    ; 0     ;
; Number of I/O Rules Inapplicable ; 12    ;
+----------------------------------+-------+


+----------------------------------------------------------------------------------------------------------------------------------------------------------------------------------------------------------------------------------------------------------+
; I/O Rules Details                                                                                                                                                                                                                                        ;
+--------------+-----------+-----------------------------------+------------------------------------------------------------------------------------+----------+-------------------------------------------------+---------------------+-------------------+
; Status       ; ID        ; Category                          ; Rule Description                                                                   ; Severity ; Information                                     ; Area                ; Extra Information ;
+--------------+-----------+-----------------------------------+------------------------------------------------------------------------------------+----------+-------------------------------------------------+---------------------+-------------------+
; Pass         ; IO_000002 ; Capacity Checks                   ; Number of clocks in an I/O bank should not exceed the number of clocks available.  ; Critical ; 0 such failures found.                          ; I/O                 ;                   ;
; Pass         ; IO_000001 ; Capacity Checks                   ; Number of pins in an I/O bank should not exceed the number of locations available. ; Critical ; 0 such failures found.                          ; I/O                 ;                   ;
; Pass         ; IO_000003 ; Capacity Checks                   ; Number of pins in a Vrefgroup should not exceed the number of locations available. ; Critical ; 0 such failures found.                          ; I/O                 ;                   ;
; Inapplicable ; IO_000004 ; Voltage Compatibility Checks      ; The I/O bank should support the requested VCCIO.                                   ; Critical ; No IOBANK_VCCIO assignments found.              ; I/O                 ;                   ;
; Inapplicable ; IO_000005 ; Voltage Compatibility Checks      ; The I/O bank should not have competing VREF values.                                ; Critical ; No VREF I/O Standard assignments found.         ; I/O                 ;                   ;
; Pass         ; IO_000006 ; Voltage Compatibility Checks      ; The I/O bank should not have competing VCCIO values.                               ; Critical ; 0 such failures found.                          ; I/O                 ;                   ;
; Pass         ; IO_000007 ; Valid Location Checks             ; Checks for unavailable locations.                                                  ; Critical ; 0 such failures found.                          ; I/O                 ;                   ;
; Inapplicable ; IO_000008 ; Valid Location Checks             ; Checks for reserved locations.                                                     ; Critical ; No reserved LogicLock region found.             ; I/O                 ;                   ;
; Inapplicable ; IO_000047 ; I/O Properties Checks for One I/O ; On Chip Termination and Slew Rate should not be used at the same time.             ; Critical ; No Slew Rate assignments found.                 ; I/O                 ;                   ;
; Inapplicable ; IO_000046 ; I/O Properties Checks for One I/O ; The location should support the requested Slew Rate value.                         ; Critical ; No Slew Rate assignments found.                 ; I/O                 ;                   ;
; Inapplicable ; IO_000045 ; I/O Properties Checks for One I/O ; The I/O standard should support the requested Slew Rate value.                     ; Critical ; No Slew Rate assignments found.                 ; I/O                 ;                   ;
; Inapplicable ; IO_000027 ; I/O Properties Checks for One I/O ; Weak Pull Up and Bus Hold should not be used at the same time.                     ; Critical ; No Enable Bus-Hold Circuitry assignments found. ; I/O                 ;                   ;
; Pass         ; IO_000026 ; I/O Properties Checks for One I/O ; On Chip Termination and Current Strength should not be used at the same time.      ; Critical ; 0 such failures found.                          ; I/O                 ;                   ;
; Pass         ; IO_000024 ; I/O Properties Checks for One I/O ; The I/O direction should support the On Chip Termination value.                    ; Critical ; 0 such failures found.                          ; I/O                 ;                   ;
; Pass         ; IO_000023 ; I/O Properties Checks for One I/O ; The I/O standard should support the Open Drain value.                              ; Critical ; 0 such failures found.                          ; I/O                 ;                   ;
; Inapplicable ; IO_000022 ; I/O Properties Checks for One I/O ; The I/O standard should support the requested Bus Hold value.                      ; Critical ; No Enable Bus-Hold Circuitry assignments found. ; I/O                 ;                   ;
; Pass         ; IO_000021 ; I/O Properties Checks for One I/O ; The I/O standard should support the requested Weak Pull Up value.                  ; Critical ; 0 such failures found.                          ; I/O                 ;                   ;
; Inapplicable ; IO_000020 ; I/O Properties Checks for One I/O ; The I/O standard should support the requested PCI Clamp Diode.                     ; Critical ; No Clamping Diode assignments found.            ; I/O                 ;                   ;
; Pass         ; IO_000019 ; I/O Properties Checks for One I/O ; The I/O standard should support the requested On Chip Termination value.           ; Critical ; 0 such failures found.                          ; I/O                 ;                   ;
; Pass         ; IO_000018 ; I/O Properties Checks for One I/O ; The I/O standard should support the requested Current Strength.                    ; Critical ; 0 such failures found.                          ; I/O                 ;                   ;
; Inapplicable ; IO_000015 ; I/O Properties Checks for One I/O ; The location should support the requested PCI Clamp Diode.                         ; Critical ; No Clamping Diode assignments found.            ; I/O                 ;                   ;
; Pass         ; IO_000014 ; I/O Properties Checks for One I/O ; The location should support the requested Weak Pull Up value.                      ; Critical ; 0 such failures found.                          ; I/O                 ;                   ;
; Inapplicable ; IO_000013 ; I/O Properties Checks for One I/O ; The location should support the requested Bus Hold value.                          ; Critical ; No Enable Bus-Hold Circuitry assignments found. ; I/O                 ;                   ;
; Pass         ; IO_000012 ; I/O Properties Checks for One I/O ; The location should support the requested On Chip Termination value.               ; Critical ; 0 such failures found.                          ; I/O                 ;                   ;
; Pass         ; IO_000011 ; I/O Properties Checks for One I/O ; The location should support the requested Current Strength.                        ; Critical ; 0 such failures found.                          ; I/O                 ;                   ;
; Pass         ; IO_000010 ; I/O Properties Checks for One I/O ; The location should support the requested I/O direction.                           ; Critical ; 0 such failures found.                          ; I/O                 ;                   ;
; Pass         ; IO_000009 ; I/O Properties Checks for One I/O ; The location should support the requested I/O standard.                            ; Critical ; 0 such failures found.                          ; I/O                 ;                   ;
; Inapplicable ; IO_000034 ; SI Related Distance Checks        ; Single-ended outputs should be 0 LAB row(s) away from a differential I/O.          ; High     ; No Differential I/O Standard assignments found. ; I/O                 ;                   ;
; ----         ; ----      ; Disclaimer                        ; OCT rules are checked but not reported.                                            ; None     ; ----                                            ; On Chip Termination ;                   ;
+--------------+-----------+-----------------------------------+------------------------------------------------------------------------------------+----------+-------------------------------------------------+---------------------+-------------------+


+-------------------------------------------------------------------------------------------------------------------------------------------------------------------------------------------------------------------------------------------------------------------------------------------------------------------------------------------------------------------------------------------------------------------------------------------+
; I/O Rules Matrix                                                                                                                                                                                                                                                                                                                                                                                                                          ;
+-------------------------+--------------+-----------+-----------+--------------+--------------+-----------+-----------+--------------+--------------+--------------+--------------+--------------+--------------+--------------+--------------+--------------+--------------+--------------+--------------+--------------+--------------+--------------+--------------+--------------+--------------+-----------+-----------+--------------+
; Pin/Rules               ; IO_000002    ; IO_000001 ; IO_000003 ; IO_000004    ; IO_000005    ; IO_000006 ; IO_000007 ; IO_000008    ; IO_000047    ; IO_000046    ; IO_000045    ; IO_000027    ; IO_000026    ; IO_000024    ; IO_000023    ; IO_000022    ; IO_000021    ; IO_000020    ; IO_000019    ; IO_000018    ; IO_000015    ; IO_000014    ; IO_000013    ; IO_000012    ; IO_000011    ; IO_000010 ; IO_000009 ; IO_000034    ;
+-------------------------+--------------+-----------+-----------+--------------+--------------+-----------+-----------+--------------+--------------+--------------+--------------+--------------+--------------+--------------+--------------+--------------+--------------+--------------+--------------+--------------+--------------+--------------+--------------+--------------+--------------+-----------+-----------+--------------+
; Total Pass              ; 17           ; 224       ; 224       ; 0            ; 0            ; 224       ; 224       ; 0            ; 0            ; 0            ; 0            ; 0            ; 138          ; 25           ; 101          ; 0            ; 4            ; 0            ; 25           ; 113          ; 0            ; 4            ; 0            ; 25           ; 113          ; 224       ; 224       ; 0            ;
; Total Unchecked         ; 0            ; 0         ; 0         ; 0            ; 0            ; 0         ; 0         ; 0            ; 0            ; 0            ; 0            ; 0            ; 0            ; 0            ; 0            ; 0            ; 0            ; 0            ; 0            ; 0            ; 0            ; 0            ; 0            ; 0            ; 0            ; 0         ; 0         ; 0            ;
; Total Inapplicable      ; 207          ; 0         ; 0         ; 224          ; 224          ; 0         ; 0         ; 224          ; 224          ; 224          ; 224          ; 224          ; 86           ; 199          ; 123          ; 224          ; 220          ; 224          ; 199          ; 111          ; 224          ; 220          ; 224          ; 199          ; 111          ; 0         ; 0         ; 224          ;
; Total Fail              ; 0            ; 0         ; 0         ; 0            ; 0            ; 0         ; 0         ; 0            ; 0            ; 0            ; 0            ; 0            ; 0            ; 0            ; 0            ; 0            ; 0            ; 0            ; 0            ; 0            ; 0            ; 0            ; 0            ; 0            ; 0            ; 0         ; 0         ; 0            ;
; clk_74b                 ; Inapplicable ; Pass      ; Pass      ; Inapplicable ; Inapplicable ; Pass      ; Pass      ; Inapplicable ; Inapplicable ; Inapplicable ; Inapplicable ; Inapplicable ; Inapplicable ; Inapplicable ; Inapplicable ; Inapplicable ; Inapplicable ; Inapplicable ; Inapplicable ; Inapplicable ; Inapplicable ; Inapplicable ; Inapplicable ; Inapplicable ; Inapplicable ; Pass      ; Pass      ; Inapplicable ;
; cart_tran_bank2_dir     ; Inapplicable ; Pass      ; Pass      ; Inapplicable ; Inapplicable ; Pass      ; Pass      ; Inapplicable ; Inapplicable ; Inapplicable ; Inapplicable ; Inapplicable ; Inapplicable ; Inapplicable ; Inapplicable ; Inapplicable ; Inapplicable ; Inapplicable ; Inapplicable ; Inapplicable ; Inapplicable ; Inapplicable ; Inapplicable ; Inapplicable ; Inapplicable ; Pass      ; Pass      ; Inapplicable ;
; cart_tran_bank3_dir     ; Inapplicable ; Pass      ; Pass      ; Inapplicable ; Inapplicable ; Pass      ; Pass      ; Inapplicable ; Inapplicable ; Inapplicable ; Inapplicable ; Inapplicable ; Inapplicable ; Inapplicable ; Inapplicable ; Inapplicable ; Inapplicable ; Inapplicable ; Inapplicable ; Inapplicable ; Inapplicable ; Inapplicable ; Inapplicable ; Inapplicable ; Inapplicable ; Pass      ; Pass      ; Inapplicable ;
; cart_tran_bank1_dir     ; Inapplicable ; Pass      ; Pass      ; Inapplicable ; Inapplicable ; Pass      ; Pass      ; Inapplicable ; Inapplicable ; Inapplicable ; Inapplicable ; Inapplicable ; Inapplicable ; Inapplicable ; Inapplicable ; Inapplicable ; Inapplicable ; Inapplicable ; Inapplicable ; Inapplicable ; Inapplicable ; Inapplicable ; Inapplicable ; Inapplicable ; Inapplicable ; Pass      ; Pass      ; Inapplicable ;
; cart_tran_bank0_dir     ; Inapplicable ; Pass      ; Pass      ; Inapplicable ; Inapplicable ; Pass      ; Pass      ; Inapplicable ; Inapplicable ; Inapplicable ; Inapplicable ; Inapplicable ; Inapplicable ; Inapplicable ; Inapplicable ; Inapplicable ; Inapplicable ; Inapplicable ; Inapplicable ; Inapplicable ; Inapplicable ; Inapplicable ; Inapplicable ; Inapplicable ; Inapplicable ; Pass      ; Pass      ; Inapplicable ;
; cart_tran_pin30_dir     ; Inapplicable ; Pass      ; Pass      ; Inapplicable ; Inapplicable ; Pass      ; Pass      ; Inapplicable ; Inapplicable ; Inapplicable ; Inapplicable ; Inapplicable ; Inapplicable ; Inapplicable ; Pass         ; Inapplicable ; Inapplicable ; Inapplicable ; Inapplicable ; Inapplicable ; Inapplicable ; Inapplicable ; Inapplicable ; Inapplicable ; Inapplicable ; Pass      ; Pass      ; Inapplicable ;
; cart_pin30_pwroff_reset ; Inapplicable ; Pass      ; Pass      ; Inapplicable ; Inapplicable ; Pass      ; Pass      ; Inapplicable ; Inapplicable ; Inapplicable ; Inapplicable ; Inapplicable ; Pass         ; Inapplicable ; Inapplicable ; Inapplicable ; Inapplicable ; Inapplicable ; Inapplicable ; Pass         ; Inapplicable ; Inapplicable ; Inapplicable ; Inapplicable ; Pass         ; Pass      ; Pass      ; Inapplicable ;
; cart_tran_pin31_dir     ; Inapplicable ; Pass      ; Pass      ; Inapplicable ; Inapplicable ; Pass      ; Pass      ; Inapplicable ; Inapplicable ; Inapplicable ; Inapplicable ; Inapplicable ; Inapplicable ; Inapplicable ; Inapplicable ; Inapplicable ; Inapplicable ; Inapplicable ; Inapplicable ; Inapplicable ; Inapplicable ; Inapplicable ; Inapplicable ; Inapplicable ; Inapplicable ; Pass      ; Pass      ; Inapplicable ;
; port_ir_rx              ; Inapplicable ; Pass      ; Pass      ; Inapplicable ; Inapplicable ; Pass      ; Pass      ; Inapplicable ; Inapplicable ; Inapplicable ; Inapplicable ; Inapplicable ; Pass         ; Inapplicable ; Inapplicable ; Inapplicable ; Inapplicable ; Inapplicable ; Inapplicable ; Pass         ; Inapplicable ; Inapplicable ; Inapplicable ; Inapplicable ; Pass         ; Pass      ; Pass      ; Inapplicable ;
; port_ir_tx              ; Inapplicable ; Pass      ; Pass      ; Inapplicable ; Inapplicable ; Pass      ; Pass      ; Inapplicable ; Inapplicable ; Inapplicable ; Inapplicable ; Inapplicable ; Pass         ; Inapplicable ; Inapplicable ; Inapplicable ; Inapplicable ; Inapplicable ; Inapplicable ; Pass         ; Inapplicable ; Inapplicable ; Inapplicable ; Inapplicable ; Pass         ; Pass      ; Pass      ; Inapplicable ;
; port_ir_rx_disable      ; Inapplicable ; Pass      ; Pass      ; Inapplicable ; Inapplicable ; Pass      ; Pass      ; Inapplicable ; Inapplicable ; Inapplicable ; Inapplicable ; Inapplicable ; Pass         ; Inapplicable ; Inapplicable ; Inapplicable ; Inapplicable ; Inapplicable ; Inapplicable ; Pass         ; Inapplicable ; Inapplicable ; Inapplicable ; Inapplicable ; Pass         ; Pass      ; Pass      ; Inapplicable ;
; port_tran_si_dir        ; Inapplicable ; Pass      ; Pass      ; Inapplicable ; Inapplicable ; Pass      ; Pass      ; Inapplicable ; Inapplicable ; Inapplicable ; Inapplicable ; Inapplicable ; Inapplicable ; Inapplicable ; Inapplicable ; Inapplicable ; Inapplicable ; Inapplicable ; Inapplicable ; Inapplicable ; Inapplicable ; Inapplicable ; Inapplicable ; Inapplicable ; Inapplicable ; Pass      ; Pass      ; Inapplicable ;
; port_tran_so_dir        ; Inapplicable ; Pass      ; Pass      ; Inapplicable ; Inapplicable ; Pass      ; Pass      ; Inapplicable ; Inapplicable ; Inapplicable ; Inapplicable ; Inapplicable ; Inapplicable ; Inapplicable ; Inapplicable ; Inapplicable ; Inapplicable ; Inapplicable ; Inapplicable ; Inapplicable ; Inapplicable ; Inapplicable ; Inapplicable ; Inapplicable ; Inapplicable ; Pass      ; Pass      ; Inapplicable ;
; port_tran_sck_dir       ; Inapplicable ; Pass      ; Pass      ; Inapplicable ; Inapplicable ; Pass      ; Pass      ; Inapplicable ; Inapplicable ; Inapplicable ; Inapplicable ; Inapplicable ; Inapplicable ; Inapplicable ; Inapplicable ; Inapplicable ; Inapplicable ; Inapplicable ; Inapplicable ; Inapplicable ; Inapplicable ; Inapplicable ; Inapplicable ; Inapplicable ; Inapplicable ; Pass      ; Pass      ; Inapplicable ;
; port_tran_sd_dir        ; Inapplicable ; Pass      ; Pass      ; Inapplicable ; Inapplicable ; Pass      ; Pass      ; Inapplicable ; Inapplicable ; Inapplicable ; Inapplicable ; Inapplicable ; Inapplicable ; Inapplicable ; Inapplicable ; Inapplicable ; Inapplicable ; Inapplicable ; Inapplicable ; Inapplicable ; Inapplicable ; Inapplicable ; Inapplicable ; Inapplicable ; Inapplicable ; Pass      ; Pass      ; Inapplicable ;
; scal_audmclk            ; Inapplicable ; Pass      ; Pass      ; Inapplicable ; Inapplicable ; Pass      ; Pass      ; Inapplicable ; Inapplicable ; Inapplicable ; Inapplicable ; Inapplicable ; Pass         ; Pass         ; Inapplicable ; Inapplicable ; Inapplicable ; Inapplicable ; Pass         ; Inapplicable ; Inapplicable ; Inapplicable ; Inapplicable ; Pass         ; Inapplicable ; Pass      ; Pass      ; Inapplicable ;
; scal_audadc             ; Inapplicable ; Pass      ; Pass      ; Inapplicable ; Inapplicable ; Pass      ; Pass      ; Inapplicable ; Inapplicable ; Inapplicable ; Inapplicable ; Inapplicable ; Inapplicable ; Inapplicable ; Inapplicable ; Inapplicable ; Inapplicable ; Inapplicable ; Inapplicable ; Inapplicable ; Inapplicable ; Inapplicable ; Inapplicable ; Inapplicable ; Inapplicable ; Pass      ; Pass      ; Inapplicable ;
; scal_auddac             ; Inapplicable ; Pass      ; Pass      ; Inapplicable ; Inapplicable ; Pass      ; Pass      ; Inapplicable ; Inapplicable ; Inapplicable ; Inapplicable ; Inapplicable ; Pass         ; Pass         ; Inapplicable ; Inapplicable ; Inapplicable ; Inapplicable ; Pass         ; Inapplicable ; Inapplicable ; Inapplicable ; Inapplicable ; Pass         ; Inapplicable ; Pass      ; Pass      ; Inapplicable ;
; scal_audlrck            ; Inapplicable ; Pass      ; Pass      ; Inapplicable ; Inapplicable ; Pass      ; Pass      ; Inapplicable ; Inapplicable ; Inapplicable ; Inapplicable ; Inapplicable ; Pass         ; Pass         ; Inapplicable ; Inapplicable ; Inapplicable ; Inapplicable ; Pass         ; Inapplicable ; Inapplicable ; Inapplicable ; Inapplicable ; Pass         ; Inapplicable ; Pass      ; Pass      ; Inapplicable ;
; cram0_a[16]             ; Inapplicable ; Pass      ; Pass      ; Inapplicable ; Inapplicable ; Pass      ; Pass      ; Inapplicable ; Inapplicable ; Inapplicable ; Inapplicable ; Inapplicable ; Pass         ; Inapplicable ; Inapplicable ; Inapplicable ; Inapplicable ; Inapplicable ; Inapplicable ; Pass         ; Inapplicable ; Inapplicable ; Inapplicable ; Inapplicable ; Pass         ; Pass      ; Pass      ; Inapplicable ;
; cram0_a[17]             ; Inapplicable ; Pass      ; Pass      ; Inapplicable ; Inapplicable ; Pass      ; Pass      ; Inapplicable ; Inapplicable ; Inapplicable ; Inapplicable ; Inapplicable ; Pass         ; Inapplicable ; Inapplicable ; Inapplicable ; Inapplicable ; Inapplicable ; Inapplicable ; Pass         ; Inapplicable ; Inapplicable ; Inapplicable ; Inapplicable ; Pass         ; Pass      ; Pass      ; Inapplicable ;
; cram0_a[18]             ; Inapplicable ; Pass      ; Pass      ; Inapplicable ; Inapplicable ; Pass      ; Pass      ; Inapplicable ; Inapplicable ; Inapplicable ; Inapplicable ; Inapplicable ; Pass         ; Inapplicable ; Inapplicable ; Inapplicable ; Inapplicable ; Inapplicable ; Inapplicable ; Pass         ; Inapplicable ; Inapplicable ; Inapplicable ; Inapplicable ; Pass         ; Pass      ; Pass      ; Inapplicable ;
; cram0_a[19]             ; Inapplicable ; Pass      ; Pass      ; Inapplicable ; Inapplicable ; Pass      ; Pass      ; Inapplicable ; Inapplicable ; Inapplicable ; Inapplicable ; Inapplicable ; Pass         ; Inapplicable ; Inapplicable ; Inapplicable ; Inapplicable ; Inapplicable ; Inapplicable ; Pass         ; Inapplicable ; Inapplicable ; Inapplicable ; Inapplicable ; Pass         ; Pass      ; Pass      ; Inapplicable ;
; cram0_a[20]             ; Inapplicable ; Pass      ; Pass      ; Inapplicable ; Inapplicable ; Pass      ; Pass      ; Inapplicable ; Inapplicable ; Inapplicable ; Inapplicable ; Inapplicable ; Pass         ; Inapplicable ; Inapplicable ; Inapplicable ; Inapplicable ; Inapplicable ; Inapplicable ; Pass         ; Inapplicable ; Inapplicable ; Inapplicable ; Inapplicable ; Pass         ; Pass      ; Pass      ; Inapplicable ;
; cram0_a[21]             ; Inapplicable ; Pass      ; Pass      ; Inapplicable ; Inapplicable ; Pass      ; Pass      ; Inapplicable ; Inapplicable ; Inapplicable ; Inapplicable ; Inapplicable ; Pass         ; Inapplicable ; Inapplicable ; Inapplicable ; Inapplicable ; Inapplicable ; Inapplicable ; Pass         ; Inapplicable ; Inapplicable ; Inapplicable ; Inapplicable ; Pass         ; Pass      ; Pass      ; Inapplicable ;
; cram0_wait              ; Inapplicable ; Pass      ; Pass      ; Inapplicable ; Inapplicable ; Pass      ; Pass      ; Inapplicable ; Inapplicable ; Inapplicable ; Inapplicable ; Inapplicable ; Pass         ; Inapplicable ; Inapplicable ; Inapplicable ; Inapplicable ; Inapplicable ; Inapplicable ; Pass         ; Inapplicable ; Inapplicable ; Inapplicable ; Inapplicable ; Pass         ; Pass      ; Pass      ; Inapplicable ;
; cram0_clk               ; Inapplicable ; Pass      ; Pass      ; Inapplicable ; Inapplicable ; Pass      ; Pass      ; Inapplicable ; Inapplicable ; Inapplicable ; Inapplicable ; Inapplicable ; Pass         ; Pass         ; Inapplicable ; Inapplicable ; Inapplicable ; Inapplicable ; Pass         ; Inapplicable ; Inapplicable ; Inapplicable ; Inapplicable ; Pass         ; Inapplicable ; Pass      ; Pass      ; Inapplicable ;
; cram0_adv_n             ; Inapplicable ; Pass      ; Pass      ; Inapplicable ; Inapplicable ; Pass      ; Pass      ; Inapplicable ; Inapplicable ; Inapplicable ; Inapplicable ; Inapplicable ; Pass         ; Inapplicable ; Inapplicable ; Inapplicable ; Inapplicable ; Inapplicable ; Inapplicable ; Pass         ; Inapplicable ; Inapplicable ; Inapplicable ; Inapplicable ; Pass         ; Pass      ; Pass      ; Inapplicable ;
; cram0_cre               ; Inapplicable ; Pass      ; Pass      ; Inapplicable ; Inapplicable ; Pass      ; Pass      ; Inapplicable ; Inapplicable ; Inapplicable ; Inapplicable ; Inapplicable ; Pass         ; Inapplicable ; Inapplicable ; Inapplicable ; Inapplicable ; Inapplicable ; Inapplicable ; Pass         ; Inapplicable ; Inapplicable ; Inapplicable ; Inapplicable ; Pass         ; Pass      ; Pass      ; Inapplicable ;
; cram0_ce0_n             ; Inapplicable ; Pass      ; Pass      ; Inapplicable ; Inapplicable ; Pass      ; Pass      ; Inapplicable ; Inapplicable ; Inapplicable ; Inapplicable ; Inapplicable ; Pass         ; Inapplicable ; Inapplicable ; Inapplicable ; Inapplicable ; Inapplicable ; Inapplicable ; Pass         ; Inapplicable ; Inapplicable ; Inapplicable ; Inapplicable ; Pass         ; Pass      ; Pass      ; Inapplicable ;
; cram0_ce1_n             ; Inapplicable ; Pass      ; Pass      ; Inapplicable ; Inapplicable ; Pass      ; Pass      ; Inapplicable ; Inapplicable ; Inapplicable ; Inapplicable ; Inapplicable ; Pass         ; Inapplicable ; Inapplicable ; Inapplicable ; Inapplicable ; Inapplicable ; Inapplicable ; Pass         ; Inapplicable ; Inapplicable ; Inapplicable ; Inapplicable ; Pass         ; Pass      ; Pass      ; Inapplicable ;
; cram0_oe_n              ; Inapplicable ; Pass      ; Pass      ; Inapplicable ; Inapplicable ; Pass      ; Pass      ; Inapplicable ; Inapplicable ; Inapplicable ; Inapplicable ; Inapplicable ; Pass         ; Inapplicable ; Inapplicable ; Inapplicable ; Inapplicable ; Inapplicable ; Inapplicable ; Pass         ; Inapplicable ; Inapplicable ; Inapplicable ; Inapplicable ; Pass         ; Pass      ; Pass      ; Inapplicable ;
; cram0_we_n              ; Inapplicable ; Pass      ; Pass      ; Inapplicable ; Inapplicable ; Pass      ; Pass      ; Inapplicable ; Inapplicable ; Inapplicable ; Inapplicable ; Inapplicable ; Pass         ; Inapplicable ; Inapplicable ; Inapplicable ; Inapplicable ; Inapplicable ; Inapplicable ; Pass         ; Inapplicable ; Inapplicable ; Inapplicable ; Inapplicable ; Pass         ; Pass      ; Pass      ; Inapplicable ;
; cram0_ub_n              ; Inapplicable ; Pass      ; Pass      ; Inapplicable ; Inapplicable ; Pass      ; Pass      ; Inapplicable ; Inapplicable ; Inapplicable ; Inapplicable ; Inapplicable ; Pass         ; Inapplicable ; Inapplicable ; Inapplicable ; Inapplicable ; Inapplicable ; Inapplicable ; Pass         ; Inapplicable ; Inapplicable ; Inapplicable ; Inapplicable ; Pass         ; Pass      ; Pass      ; Inapplicable ;
; cram0_lb_n              ; Inapplicable ; Pass      ; Pass      ; Inapplicable ; Inapplicable ; Pass      ; Pass      ; Inapplicable ; Inapplicable ; Inapplicable ; Inapplicable ; Inapplicable ; Pass         ; Inapplicable ; Inapplicable ; Inapplicable ; Inapplicable ; Inapplicable ; Inapplicable ; Pass         ; Inapplicable ; Inapplicable ; Inapplicable ; Inapplicable ; Pass         ; Pass      ; Pass      ; Inapplicable ;
; cram1_a[16]             ; Inapplicable ; Pass      ; Pass      ; Inapplicable ; Inapplicable ; Pass      ; Pass      ; Inapplicable ; Inapplicable ; Inapplicable ; Inapplicable ; Inapplicable ; Pass         ; Inapplicable ; Inapplicable ; Inapplicable ; Inapplicable ; Inapplicable ; Inapplicable ; Pass         ; Inapplicable ; Inapplicable ; Inapplicable ; Inapplicable ; Pass         ; Pass      ; Pass      ; Inapplicable ;
; cram1_a[17]             ; Inapplicable ; Pass      ; Pass      ; Inapplicable ; Inapplicable ; Pass      ; Pass      ; Inapplicable ; Inapplicable ; Inapplicable ; Inapplicable ; Inapplicable ; Pass         ; Inapplicable ; Inapplicable ; Inapplicable ; Inapplicable ; Inapplicable ; Inapplicable ; Pass         ; Inapplicable ; Inapplicable ; Inapplicable ; Inapplicable ; Pass         ; Pass      ; Pass      ; Inapplicable ;
; cram1_a[18]             ; Inapplicable ; Pass      ; Pass      ; Inapplicable ; Inapplicable ; Pass      ; Pass      ; Inapplicable ; Inapplicable ; Inapplicable ; Inapplicable ; Inapplicable ; Pass         ; Inapplicable ; Inapplicable ; Inapplicable ; Inapplicable ; Inapplicable ; Inapplicable ; Pass         ; Inapplicable ; Inapplicable ; Inapplicable ; Inapplicable ; Pass         ; Pass      ; Pass      ; Inapplicable ;
; cram1_a[19]             ; Inapplicable ; Pass      ; Pass      ; Inapplicable ; Inapplicable ; Pass      ; Pass      ; Inapplicable ; Inapplicable ; Inapplicable ; Inapplicable ; Inapplicable ; Pass         ; Inapplicable ; Inapplicable ; Inapplicable ; Inapplicable ; Inapplicable ; Inapplicable ; Pass         ; Inapplicable ; Inapplicable ; Inapplicable ; Inapplicable ; Pass         ; Pass      ; Pass      ; Inapplicable ;
; cram1_a[20]             ; Inapplicable ; Pass      ; Pass      ; Inapplicable ; Inapplicable ; Pass      ; Pass      ; Inapplicable ; Inapplicable ; Inapplicable ; Inapplicable ; Inapplicable ; Pass         ; Inapplicable ; Inapplicable ; Inapplicable ; Inapplicable ; Inapplicable ; Inapplicable ; Pass         ; Inapplicable ; Inapplicable ; Inapplicable ; Inapplicable ; Pass         ; Pass      ; Pass      ; Inapplicable ;
; cram1_a[21]             ; Inapplicable ; Pass      ; Pass      ; Inapplicable ; Inapplicable ; Pass      ; Pass      ; Inapplicable ; Inapplicable ; Inapplicable ; Inapplicable ; Inapplicable ; Pass         ; Inapplicable ; Inapplicable ; Inapplicable ; Inapplicable ; Inapplicable ; Inapplicable ; Pass         ; Inapplicable ; Inapplicable ; Inapplicable ; Inapplicable ; Pass         ; Pass      ; Pass      ; Inapplicable ;
; cram1_wait              ; Inapplicable ; Pass      ; Pass      ; Inapplicable ; Inapplicable ; Pass      ; Pass      ; Inapplicable ; Inapplicable ; Inapplicable ; Inapplicable ; Inapplicable ; Pass         ; Inapplicable ; Inapplicable ; Inapplicable ; Inapplicable ; Inapplicable ; Inapplicable ; Pass         ; Inapplicable ; Inapplicable ; Inapplicable ; Inapplicable ; Pass         ; Pass      ; Pass      ; Inapplicable ;
; cram1_clk               ; Inapplicable ; Pass      ; Pass      ; Inapplicable ; Inapplicable ; Pass      ; Pass      ; Inapplicable ; Inapplicable ; Inapplicable ; Inapplicable ; Inapplicable ; Pass         ; Pass         ; Inapplicable ; Inapplicable ; Inapplicable ; Inapplicable ; Pass         ; Inapplicable ; Inapplicable ; Inapplicable ; Inapplicable ; Pass         ; Inapplicable ; Pass      ; Pass      ; Inapplicable ;
; cram1_adv_n             ; Inapplicable ; Pass      ; Pass      ; Inapplicable ; Inapplicable ; Pass      ; Pass      ; Inapplicable ; Inapplicable ; Inapplicable ; Inapplicable ; Inapplicable ; Pass         ; Inapplicable ; Inapplicable ; Inapplicable ; Inapplicable ; Inapplicable ; Inapplicable ; Pass         ; Inapplicable ; Inapplicable ; Inapplicable ; Inapplicable ; Pass         ; Pass      ; Pass      ; Inapplicable ;
; cram1_cre               ; Inapplicable ; Pass      ; Pass      ; Inapplicable ; Inapplicable ; Pass      ; Pass      ; Inapplicable ; Inapplicable ; Inapplicable ; Inapplicable ; Inapplicable ; Pass         ; Inapplicable ; Inapplicable ; Inapplicable ; Inapplicable ; Inapplicable ; Inapplicable ; Pass         ; Inapplicable ; Inapplicable ; Inapplicable ; Inapplicable ; Pass         ; Pass      ; Pass      ; Inapplicable ;
; cram1_ce0_n             ; Inapplicable ; Pass      ; Pass      ; Inapplicable ; Inapplicable ; Pass      ; Pass      ; Inapplicable ; Inapplicable ; Inapplicable ; Inapplicable ; Inapplicable ; Pass         ; Inapplicable ; Inapplicable ; Inapplicable ; Inapplicable ; Inapplicable ; Inapplicable ; Pass         ; Inapplicable ; Inapplicable ; Inapplicable ; Inapplicable ; Pass         ; Pass      ; Pass      ; Inapplicable ;
; cram1_ce1_n             ; Inapplicable ; Pass      ; Pass      ; Inapplicable ; Inapplicable ; Pass      ; Pass      ; Inapplicable ; Inapplicable ; Inapplicable ; Inapplicable ; Inapplicable ; Pass         ; Inapplicable ; Inapplicable ; Inapplicable ; Inapplicable ; Inapplicable ; Inapplicable ; Pass         ; Inapplicable ; Inapplicable ; Inapplicable ; Inapplicable ; Pass         ; Pass      ; Pass      ; Inapplicable ;
; cram1_oe_n              ; Inapplicable ; Pass      ; Pass      ; Inapplicable ; Inapplicable ; Pass      ; Pass      ; Inapplicable ; Inapplicable ; Inapplicable ; Inapplicable ; Inapplicable ; Pass         ; Inapplicable ; Inapplicable ; Inapplicable ; Inapplicable ; Inapplicable ; Inapplicable ; Pass         ; Inapplicable ; Inapplicable ; Inapplicable ; Inapplicable ; Pass         ; Pass      ; Pass      ; Inapplicable ;
; cram1_we_n              ; Inapplicable ; Pass      ; Pass      ; Inapplicable ; Inapplicable ; Pass      ; Pass      ; Inapplicable ; Inapplicable ; Inapplicable ; Inapplicable ; Inapplicable ; Pass         ; Inapplicable ; Inapplicable ; Inapplicable ; Inapplicable ; Inapplicable ; Inapplicable ; Pass         ; Inapplicable ; Inapplicable ; Inapplicable ; Inapplicable ; Pass         ; Pass      ; Pass      ; Inapplicable ;
; cram1_ub_n              ; Inapplicable ; Pass      ; Pass      ; Inapplicable ; Inapplicable ; Pass      ; Pass      ; Inapplicable ; Inapplicable ; Inapplicable ; Inapplicable ; Inapplicable ; Pass         ; Inapplicable ; Inapplicable ; Inapplicable ; Inapplicable ; Inapplicable ; Inapplicable ; Pass         ; Inapplicable ; Inapplicable ; Inapplicable ; Inapplicable ; Pass         ; Pass      ; Pass      ; Inapplicable ;
; cram1_lb_n              ; Inapplicable ; Pass      ; Pass      ; Inapplicable ; Inapplicable ; Pass      ; Pass      ; Inapplicable ; Inapplicable ; Inapplicable ; Inapplicable ; Inapplicable ; Pass         ; Inapplicable ; Inapplicable ; Inapplicable ; Inapplicable ; Inapplicable ; Inapplicable ; Pass         ; Inapplicable ; Inapplicable ; Inapplicable ; Inapplicable ; Pass         ; Pass      ; Pass      ; Inapplicable ;
; dram_a[0]               ; Inapplicable ; Pass      ; Pass      ; Inapplicable ; Inapplicable ; Pass      ; Pass      ; Inapplicable ; Inapplicable ; Inapplicable ; Inapplicable ; Inapplicable ; Pass         ; Inapplicable ; Inapplicable ; Inapplicable ; Inapplicable ; Inapplicable ; Inapplicable ; Pass         ; Inapplicable ; Inapplicable ; Inapplicable ; Inapplicable ; Pass         ; Pass      ; Pass      ; Inapplicable ;
; dram_a[1]               ; Inapplicable ; Pass      ; Pass      ; Inapplicable ; Inapplicable ; Pass      ; Pass      ; Inapplicable ; Inapplicable ; Inapplicable ; Inapplicable ; Inapplicable ; Pass         ; Inapplicable ; Inapplicable ; Inapplicable ; Inapplicable ; Inapplicable ; Inapplicable ; Pass         ; Inapplicable ; Inapplicable ; Inapplicable ; Inapplicable ; Pass         ; Pass      ; Pass      ; Inapplicable ;
; dram_a[2]               ; Inapplicable ; Pass      ; Pass      ; Inapplicable ; Inapplicable ; Pass      ; Pass      ; Inapplicable ; Inapplicable ; Inapplicable ; Inapplicable ; Inapplicable ; Pass         ; Inapplicable ; Inapplicable ; Inapplicable ; Inapplicable ; Inapplicable ; Inapplicable ; Pass         ; Inapplicable ; Inapplicable ; Inapplicable ; Inapplicable ; Pass         ; Pass      ; Pass      ; Inapplicable ;
; dram_a[3]               ; Inapplicable ; Pass      ; Pass      ; Inapplicable ; Inapplicable ; Pass      ; Pass      ; Inapplicable ; Inapplicable ; Inapplicable ; Inapplicable ; Inapplicable ; Pass         ; Inapplicable ; Inapplicable ; Inapplicable ; Inapplicable ; Inapplicable ; Inapplicable ; Pass         ; Inapplicable ; Inapplicable ; Inapplicable ; Inapplicable ; Pass         ; Pass      ; Pass      ; Inapplicable ;
; dram_a[4]               ; Inapplicable ; Pass      ; Pass      ; Inapplicable ; Inapplicable ; Pass      ; Pass      ; Inapplicable ; Inapplicable ; Inapplicable ; Inapplicable ; Inapplicable ; Pass         ; Inapplicable ; Inapplicable ; Inapplicable ; Inapplicable ; Inapplicable ; Inapplicable ; Pass         ; Inapplicable ; Inapplicable ; Inapplicable ; Inapplicable ; Pass         ; Pass      ; Pass      ; Inapplicable ;
; dram_a[5]               ; Inapplicable ; Pass      ; Pass      ; Inapplicable ; Inapplicable ; Pass      ; Pass      ; Inapplicable ; Inapplicable ; Inapplicable ; Inapplicable ; Inapplicable ; Pass         ; Inapplicable ; Inapplicable ; Inapplicable ; Inapplicable ; Inapplicable ; Inapplicable ; Pass         ; Inapplicable ; Inapplicable ; Inapplicable ; Inapplicable ; Pass         ; Pass      ; Pass      ; Inapplicable ;
; dram_a[6]               ; Inapplicable ; Pass      ; Pass      ; Inapplicable ; Inapplicable ; Pass      ; Pass      ; Inapplicable ; Inapplicable ; Inapplicable ; Inapplicable ; Inapplicable ; Pass         ; Inapplicable ; Inapplicable ; Inapplicable ; Inapplicable ; Inapplicable ; Inapplicable ; Pass         ; Inapplicable ; Inapplicable ; Inapplicable ; Inapplicable ; Pass         ; Pass      ; Pass      ; Inapplicable ;
; dram_a[7]               ; Inapplicable ; Pass      ; Pass      ; Inapplicable ; Inapplicable ; Pass      ; Pass      ; Inapplicable ; Inapplicable ; Inapplicable ; Inapplicable ; Inapplicable ; Pass         ; Inapplicable ; Inapplicable ; Inapplicable ; Inapplicable ; Inapplicable ; Inapplicable ; Pass         ; Inapplicable ; Inapplicable ; Inapplicable ; Inapplicable ; Pass         ; Pass      ; Pass      ; Inapplicable ;
; dram_a[8]               ; Inapplicable ; Pass      ; Pass      ; Inapplicable ; Inapplicable ; Pass      ; Pass      ; Inapplicable ; Inapplicable ; Inapplicable ; Inapplicable ; Inapplicable ; Pass         ; Inapplicable ; Inapplicable ; Inapplicable ; Inapplicable ; Inapplicable ; Inapplicable ; Pass         ; Inapplicable ; Inapplicable ; Inapplicable ; Inapplicable ; Pass         ; Pass      ; Pass      ; Inapplicable ;
; dram_a[9]               ; Inapplicable ; Pass      ; Pass      ; Inapplicable ; Inapplicable ; Pass      ; Pass      ; Inapplicable ; Inapplicable ; Inapplicable ; Inapplicable ; Inapplicable ; Pass         ; Inapplicable ; Inapplicable ; Inapplicable ; Inapplicable ; Inapplicable ; Inapplicable ; Pass         ; Inapplicable ; Inapplicable ; Inapplicable ; Inapplicable ; Pass         ; Pass      ; Pass      ; Inapplicable ;
; dram_a[10]              ; Inapplicable ; Pass      ; Pass      ; Inapplicable ; Inapplicable ; Pass      ; Pass      ; Inapplicable ; Inapplicable ; Inapplicable ; Inapplicable ; Inapplicable ; Pass         ; Inapplicable ; Inapplicable ; Inapplicable ; Inapplicable ; Inapplicable ; Inapplicable ; Pass         ; Inapplicable ; Inapplicable ; Inapplicable ; Inapplicable ; Pass         ; Pass      ; Pass      ; Inapplicable ;
; dram_a[11]              ; Inapplicable ; Pass      ; Pass      ; Inapplicable ; Inapplicable ; Pass      ; Pass      ; Inapplicable ; Inapplicable ; Inapplicable ; Inapplicable ; Inapplicable ; Pass         ; Inapplicable ; Inapplicable ; Inapplicable ; Inapplicable ; Inapplicable ; Inapplicable ; Pass         ; Inapplicable ; Inapplicable ; Inapplicable ; Inapplicable ; Pass         ; Pass      ; Pass      ; Inapplicable ;
; dram_a[12]              ; Inapplicable ; Pass      ; Pass      ; Inapplicable ; Inapplicable ; Pass      ; Pass      ; Inapplicable ; Inapplicable ; Inapplicable ; Inapplicable ; Inapplicable ; Pass         ; Inapplicable ; Inapplicable ; Inapplicable ; Inapplicable ; Inapplicable ; Inapplicable ; Pass         ; Inapplicable ; Inapplicable ; Inapplicable ; Inapplicable ; Pass         ; Pass      ; Pass      ; Inapplicable ;
; dram_ba[0]              ; Inapplicable ; Pass      ; Pass      ; Inapplicable ; Inapplicable ; Pass      ; Pass      ; Inapplicable ; Inapplicable ; Inapplicable ; Inapplicable ; Inapplicable ; Pass         ; Inapplicable ; Inapplicable ; Inapplicable ; Inapplicable ; Inapplicable ; Inapplicable ; Pass         ; Inapplicable ; Inapplicable ; Inapplicable ; Inapplicable ; Pass         ; Pass      ; Pass      ; Inapplicable ;
; dram_ba[1]              ; Inapplicable ; Pass      ; Pass      ; Inapplicable ; Inapplicable ; Pass      ; Pass      ; Inapplicable ; Inapplicable ; Inapplicable ; Inapplicable ; Inapplicable ; Pass         ; Inapplicable ; Inapplicable ; Inapplicable ; Inapplicable ; Inapplicable ; Inapplicable ; Pass         ; Inapplicable ; Inapplicable ; Inapplicable ; Inapplicable ; Pass         ; Pass      ; Pass      ; Inapplicable ;
; dram_dqm[0]             ; Inapplicable ; Pass      ; Pass      ; Inapplicable ; Inapplicable ; Pass      ; Pass      ; Inapplicable ; Inapplicable ; Inapplicable ; Inapplicable ; Inapplicable ; Pass         ; Inapplicable ; Inapplicable ; Inapplicable ; Inapplicable ; Inapplicable ; Inapplicable ; Pass         ; Inapplicable ; Inapplicable ; Inapplicable ; Inapplicable ; Pass         ; Pass      ; Pass      ; Inapplicable ;
; dram_dqm[1]             ; Inapplicable ; Pass      ; Pass      ; Inapplicable ; Inapplicable ; Pass      ; Pass      ; Inapplicable ; Inapplicable ; Inapplicable ; Inapplicable ; Inapplicable ; Pass         ; Inapplicable ; Inapplicable ; Inapplicable ; Inapplicable ; Inapplicable ; Inapplicable ; Pass         ; Inapplicable ; Inapplicable ; Inapplicable ; Inapplicable ; Pass         ; Pass      ; Pass      ; Inapplicable ;
; dram_clk                ; Inapplicable ; Pass      ; Pass      ; Inapplicable ; Inapplicable ; Pass      ; Pass      ; Inapplicable ; Inapplicable ; Inapplicable ; Inapplicable ; Inapplicable ; Pass         ; Pass         ; Inapplicable ; Inapplicable ; Inapplicable ; Inapplicable ; Pass         ; Inapplicable ; Inapplicable ; Inapplicable ; Inapplicable ; Pass         ; Inapplicable ; Pass      ; Pass      ; Inapplicable ;
; dram_cke                ; Inapplicable ; Pass      ; Pass      ; Inapplicable ; Inapplicable ; Pass      ; Pass      ; Inapplicable ; Inapplicable ; Inapplicable ; Inapplicable ; Inapplicable ; Pass         ; Inapplicable ; Inapplicable ; Inapplicable ; Inapplicable ; Inapplicable ; Inapplicable ; Pass         ; Inapplicable ; Inapplicable ; Inapplicable ; Inapplicable ; Pass         ; Pass      ; Pass      ; Inapplicable ;
; dram_ras_n              ; Inapplicable ; Pass      ; Pass      ; Inapplicable ; Inapplicable ; Pass      ; Pass      ; Inapplicable ; Inapplicable ; Inapplicable ; Inapplicable ; Inapplicable ; Pass         ; Inapplicable ; Inapplicable ; Inapplicable ; Inapplicable ; Inapplicable ; Inapplicable ; Pass         ; Inapplicable ; Inapplicable ; Inapplicable ; Inapplicable ; Pass         ; Pass      ; Pass      ; Inapplicable ;
; dram_cas_n              ; Inapplicable ; Pass      ; Pass      ; Inapplicable ; Inapplicable ; Pass      ; Pass      ; Inapplicable ; Inapplicable ; Inapplicable ; Inapplicable ; Inapplicable ; Pass         ; Inapplicable ; Inapplicable ; Inapplicable ; Inapplicable ; Inapplicable ; Inapplicable ; Pass         ; Inapplicable ; Inapplicable ; Inapplicable ; Inapplicable ; Pass         ; Pass      ; Pass      ; Inapplicable ;
; dram_we_n               ; Inapplicable ; Pass      ; Pass      ; Inapplicable ; Inapplicable ; Pass      ; Pass      ; Inapplicable ; Inapplicable ; Inapplicable ; Inapplicable ; Inapplicable ; Pass         ; Inapplicable ; Inapplicable ; Inapplicable ; Inapplicable ; Inapplicable ; Inapplicable ; Pass         ; Inapplicable ; Inapplicable ; Inapplicable ; Inapplicable ; Pass         ; Pass      ; Pass      ; Inapplicable ;
; sram_a[0]               ; Inapplicable ; Pass      ; Pass      ; Inapplicable ; Inapplicable ; Pass      ; Pass      ; Inapplicable ; Inapplicable ; Inapplicable ; Inapplicable ; Inapplicable ; Inapplicable ; Inapplicable ; Inapplicable ; Inapplicable ; Inapplicable ; Inapplicable ; Inapplicable ; Inapplicable ; Inapplicable ; Inapplicable ; Inapplicable ; Inapplicable ; Inapplicable ; Pass      ; Pass      ; Inapplicable ;
; sram_a[1]               ; Inapplicable ; Pass      ; Pass      ; Inapplicable ; Inapplicable ; Pass      ; Pass      ; Inapplicable ; Inapplicable ; Inapplicable ; Inapplicable ; Inapplicable ; Inapplicable ; Inapplicable ; Inapplicable ; Inapplicable ; Inapplicable ; Inapplicable ; Inapplicable ; Inapplicable ; Inapplicable ; Inapplicable ; Inapplicable ; Inapplicable ; Inapplicable ; Pass      ; Pass      ; Inapplicable ;
; sram_a[2]               ; Inapplicable ; Pass      ; Pass      ; Inapplicable ; Inapplicable ; Pass      ; Pass      ; Inapplicable ; Inapplicable ; Inapplicable ; Inapplicable ; Inapplicable ; Inapplicable ; Inapplicable ; Inapplicable ; Inapplicable ; Inapplicable ; Inapplicable ; Inapplicable ; Inapplicable ; Inapplicable ; Inapplicable ; Inapplicable ; Inapplicable ; Inapplicable ; Pass      ; Pass      ; Inapplicable ;
; sram_a[3]               ; Inapplicable ; Pass      ; Pass      ; Inapplicable ; Inapplicable ; Pass      ; Pass      ; Inapplicable ; Inapplicable ; Inapplicable ; Inapplicable ; Inapplicable ; Inapplicable ; Inapplicable ; Inapplicable ; Inapplicable ; Inapplicable ; Inapplicable ; Inapplicable ; Inapplicable ; Inapplicable ; Inapplicable ; Inapplicable ; Inapplicable ; Inapplicable ; Pass      ; Pass      ; Inapplicable ;
; sram_a[4]               ; Inapplicable ; Pass      ; Pass      ; Inapplicable ; Inapplicable ; Pass      ; Pass      ; Inapplicable ; Inapplicable ; Inapplicable ; Inapplicable ; Inapplicable ; Inapplicable ; Inapplicable ; Inapplicable ; Inapplicable ; Inapplicable ; Inapplicable ; Inapplicable ; Inapplicable ; Inapplicable ; Inapplicable ; Inapplicable ; Inapplicable ; Inapplicable ; Pass      ; Pass      ; Inapplicable ;
; sram_a[5]               ; Inapplicable ; Pass      ; Pass      ; Inapplicable ; Inapplicable ; Pass      ; Pass      ; Inapplicable ; Inapplicable ; Inapplicable ; Inapplicable ; Inapplicable ; Inapplicable ; Inapplicable ; Inapplicable ; Inapplicable ; Inapplicable ; Inapplicable ; Inapplicable ; Inapplicable ; Inapplicable ; Inapplicable ; Inapplicable ; Inapplicable ; Inapplicable ; Pass      ; Pass      ; Inapplicable ;
; sram_a[6]               ; Inapplicable ; Pass      ; Pass      ; Inapplicable ; Inapplicable ; Pass      ; Pass      ; Inapplicable ; Inapplicable ; Inapplicable ; Inapplicable ; Inapplicable ; Inapplicable ; Inapplicable ; Inapplicable ; Inapplicable ; Inapplicable ; Inapplicable ; Inapplicable ; Inapplicable ; Inapplicable ; Inapplicable ; Inapplicable ; Inapplicable ; Inapplicable ; Pass      ; Pass      ; Inapplicable ;
; sram_a[7]               ; Inapplicable ; Pass      ; Pass      ; Inapplicable ; Inapplicable ; Pass      ; Pass      ; Inapplicable ; Inapplicable ; Inapplicable ; Inapplicable ; Inapplicable ; Inapplicable ; Inapplicable ; Inapplicable ; Inapplicable ; Inapplicable ; Inapplicable ; Inapplicable ; Inapplicable ; Inapplicable ; Inapplicable ; Inapplicable ; Inapplicable ; Inapplicable ; Pass      ; Pass      ; Inapplicable ;
; sram_a[8]               ; Inapplicable ; Pass      ; Pass      ; Inapplicable ; Inapplicable ; Pass      ; Pass      ; Inapplicable ; Inapplicable ; Inapplicable ; Inapplicable ; Inapplicable ; Inapplicable ; Inapplicable ; Inapplicable ; Inapplicable ; Inapplicable ; Inapplicable ; Inapplicable ; Inapplicable ; Inapplicable ; Inapplicable ; Inapplicable ; Inapplicable ; Inapplicable ; Pass      ; Pass      ; Inapplicable ;
; sram_a[9]               ; Inapplicable ; Pass      ; Pass      ; Inapplicable ; Inapplicable ; Pass      ; Pass      ; Inapplicable ; Inapplicable ; Inapplicable ; Inapplicable ; Inapplicable ; Inapplicable ; Inapplicable ; Inapplicable ; Inapplicable ; Inapplicable ; Inapplicable ; Inapplicable ; Inapplicable ; Inapplicable ; Inapplicable ; Inapplicable ; Inapplicable ; Inapplicable ; Pass      ; Pass      ; Inapplicable ;
; sram_a[10]              ; Inapplicable ; Pass      ; Pass      ; Inapplicable ; Inapplicable ; Pass      ; Pass      ; Inapplicable ; Inapplicable ; Inapplicable ; Inapplicable ; Inapplicable ; Inapplicable ; Inapplicable ; Inapplicable ; Inapplicable ; Inapplicable ; Inapplicable ; Inapplicable ; Inapplicable ; Inapplicable ; Inapplicable ; Inapplicable ; Inapplicable ; Inapplicable ; Pass      ; Pass      ; Inapplicable ;
; sram_a[11]              ; Inapplicable ; Pass      ; Pass      ; Inapplicable ; Inapplicable ; Pass      ; Pass      ; Inapplicable ; Inapplicable ; Inapplicable ; Inapplicable ; Inapplicable ; Inapplicable ; Inapplicable ; Inapplicable ; Inapplicable ; Inapplicable ; Inapplicable ; Inapplicable ; Inapplicable ; Inapplicable ; Inapplicable ; Inapplicable ; Inapplicable ; Inapplicable ; Pass      ; Pass      ; Inapplicable ;
; sram_a[12]              ; Inapplicable ; Pass      ; Pass      ; Inapplicable ; Inapplicable ; Pass      ; Pass      ; Inapplicable ; Inapplicable ; Inapplicable ; Inapplicable ; Inapplicable ; Inapplicable ; Inapplicable ; Inapplicable ; Inapplicable ; Inapplicable ; Inapplicable ; Inapplicable ; Inapplicable ; Inapplicable ; Inapplicable ; Inapplicable ; Inapplicable ; Inapplicable ; Pass      ; Pass      ; Inapplicable ;
; sram_a[13]              ; Inapplicable ; Pass      ; Pass      ; Inapplicable ; Inapplicable ; Pass      ; Pass      ; Inapplicable ; Inapplicable ; Inapplicable ; Inapplicable ; Inapplicable ; Inapplicable ; Inapplicable ; Inapplicable ; Inapplicable ; Inapplicable ; Inapplicable ; Inapplicable ; Inapplicable ; Inapplicable ; Inapplicable ; Inapplicable ; Inapplicable ; Inapplicable ; Pass      ; Pass      ; Inapplicable ;
; sram_a[14]              ; Inapplicable ; Pass      ; Pass      ; Inapplicable ; Inapplicable ; Pass      ; Pass      ; Inapplicable ; Inapplicable ; Inapplicable ; Inapplicable ; Inapplicable ; Inapplicable ; Inapplicable ; Inapplicable ; Inapplicable ; Inapplicable ; Inapplicable ; Inapplicable ; Inapplicable ; Inapplicable ; Inapplicable ; Inapplicable ; Inapplicable ; Inapplicable ; Pass      ; Pass      ; Inapplicable ;
; sram_a[15]              ; Inapplicable ; Pass      ; Pass      ; Inapplicable ; Inapplicable ; Pass      ; Pass      ; Inapplicable ; Inapplicable ; Inapplicable ; Inapplicable ; Inapplicable ; Inapplicable ; Inapplicable ; Inapplicable ; Inapplicable ; Inapplicable ; Inapplicable ; Inapplicable ; Inapplicable ; Inapplicable ; Inapplicable ; Inapplicable ; Inapplicable ; Inapplicable ; Pass      ; Pass      ; Inapplicable ;
; sram_a[16]              ; Inapplicable ; Pass      ; Pass      ; Inapplicable ; Inapplicable ; Pass      ; Pass      ; Inapplicable ; Inapplicable ; Inapplicable ; Inapplicable ; Inapplicable ; Inapplicable ; Inapplicable ; Inapplicable ; Inapplicable ; Inapplicable ; Inapplicable ; Inapplicable ; Inapplicable ; Inapplicable ; Inapplicable ; Inapplicable ; Inapplicable ; Inapplicable ; Pass      ; Pass      ; Inapplicable ;
; sram_oe_n               ; Inapplicable ; Pass      ; Pass      ; Inapplicable ; Inapplicable ; Pass      ; Pass      ; Inapplicable ; Inapplicable ; Inapplicable ; Inapplicable ; Inapplicable ; Inapplicable ; Inapplicable ; Inapplicable ; Inapplicable ; Inapplicable ; Inapplicable ; Inapplicable ; Inapplicable ; Inapplicable ; Inapplicable ; Inapplicable ; Inapplicable ; Inapplicable ; Pass      ; Pass      ; Inapplicable ;
; sram_we_n               ; Inapplicable ; Pass      ; Pass      ; Inapplicable ; Inapplicable ; Pass      ; Pass      ; Inapplicable ; Inapplicable ; Inapplicable ; Inapplicable ; Inapplicable ; Inapplicable ; Inapplicable ; Inapplicable ; Inapplicable ; Inapplicable ; Inapplicable ; Inapplicable ; Inapplicable ; Inapplicable ; Inapplicable ; Inapplicable ; Inapplicable ; Inapplicable ; Pass      ; Pass      ; Inapplicable ;
; sram_ub_n               ; Inapplicable ; Pass      ; Pass      ; Inapplicable ; Inapplicable ; Pass      ; Pass      ; Inapplicable ; Inapplicable ; Inapplicable ; Inapplicable ; Inapplicable ; Inapplicable ; Inapplicable ; Inapplicable ; Inapplicable ; Inapplicable ; Inapplicable ; Inapplicable ; Inapplicable ; Inapplicable ; Inapplicable ; Inapplicable ; Inapplicable ; Inapplicable ; Pass      ; Pass      ; Inapplicable ;
; sram_lb_n               ; Inapplicable ; Pass      ; Pass      ; Inapplicable ; Inapplicable ; Pass      ; Pass      ; Inapplicable ; Inapplicable ; Inapplicable ; Inapplicable ; Inapplicable ; Inapplicable ; Inapplicable ; Inapplicable ; Inapplicable ; Inapplicable ; Inapplicable ; Inapplicable ; Inapplicable ; Inapplicable ; Inapplicable ; Inapplicable ; Inapplicable ; Inapplicable ; Pass      ; Pass      ; Inapplicable ;
; vblank                  ; Inapplicable ; Pass      ; Pass      ; Inapplicable ; Inapplicable ; Pass      ; Pass      ; Inapplicable ; Inapplicable ; Inapplicable ; Inapplicable ; Inapplicable ; Inapplicable ; Inapplicable ; Inapplicable ; Inapplicable ; Inapplicable ; Inapplicable ; Inapplicable ; Inapplicable ; Inapplicable ; Inapplicable ; Inapplicable ; Inapplicable ; Inapplicable ; Pass      ; Pass      ; Inapplicable ;
; dbg_tx                  ; Inapplicable ; Pass      ; Pass      ; Inapplicable ; Inapplicable ; Pass      ; Pass      ; Inapplicable ; Inapplicable ; Inapplicable ; Inapplicable ; Inapplicable ; Pass         ; Inapplicable ; Pass         ; Inapplicable ; Inapplicable ; Inapplicable ; Inapplicable ; Pass         ; Inapplicable ; Inapplicable ; Inapplicable ; Inapplicable ; Pass         ; Pass      ; Pass      ; Inapplicable ;
; dbg_rx                  ; Inapplicable ; Pass      ; Pass      ; Inapplicable ; Inapplicable ; Pass      ; Pass      ; Inapplicable ; Inapplicable ; Inapplicable ; Inapplicable ; Inapplicable ; Inapplicable ; Inapplicable ; Inapplicable ; Inapplicable ; Inapplicable ; Inapplicable ; Inapplicable ; Inapplicable ; Inapplicable ; Inapplicable ; Inapplicable ; Inapplicable ; Inapplicable ; Pass      ; Pass      ; Inapplicable ;
; user1                   ; Inapplicable ; Pass      ; Pass      ; Inapplicable ; Inapplicable ; Pass      ; Pass      ; Inapplicable ; Inapplicable ; Inapplicable ; Inapplicable ; Inapplicable ; Pass         ; Pass         ; Pass         ; Inapplicable ; Inapplicable ; Inapplicable ; Pass         ; Inapplicable ; Inapplicable ; Inapplicable ; Inapplicable ; Pass         ; Inapplicable ; Pass      ; Pass      ; Inapplicable ;
; user2                   ; Inapplicable ; Pass      ; Pass      ; Inapplicable ; Inapplicable ; Pass      ; Pass      ; Inapplicable ; Inapplicable ; Inapplicable ; Inapplicable ; Inapplicable ; Inapplicable ; Inapplicable ; Inapplicable ; Inapplicable ; Inapplicable ; Inapplicable ; Inapplicable ; Inapplicable ; Inapplicable ; Inapplicable ; Inapplicable ; Inapplicable ; Inapplicable ; Pass      ; Pass      ; Inapplicable ;
; vpll_feed               ; Inapplicable ; Pass      ; Pass      ; Inapplicable ; Inapplicable ; Pass      ; Pass      ; Inapplicable ; Inapplicable ; Inapplicable ; Inapplicable ; Inapplicable ; Pass         ; Pass         ; Pass         ; Inapplicable ; Inapplicable ; Inapplicable ; Pass         ; Inapplicable ; Inapplicable ; Inapplicable ; Inapplicable ; Pass         ; Inapplicable ; Pass      ; Pass      ; Inapplicable ;
; aux_scl                 ; Inapplicable ; Pass      ; Pass      ; Inapplicable ; Inapplicable ; Pass      ; Pass      ; Inapplicable ; Inapplicable ; Inapplicable ; Inapplicable ; Inapplicable ; Pass         ; Inapplicable ; Pass         ; Inapplicable ; Inapplicable ; Inapplicable ; Inapplicable ; Pass         ; Inapplicable ; Inapplicable ; Inapplicable ; Inapplicable ; Pass         ; Pass      ; Pass      ; Inapplicable ;
; cart_tran_bank2[0]      ; Inapplicable ; Pass      ; Pass      ; Inapplicable ; Inapplicable ; Pass      ; Pass      ; Inapplicable ; Inapplicable ; Inapplicable ; Inapplicable ; Inapplicable ; Inapplicable ; Inapplicable ; Pass         ; Inapplicable ; Inapplicable ; Inapplicable ; Inapplicable ; Inapplicable ; Inapplicable ; Inapplicable ; Inapplicable ; Inapplicable ; Inapplicable ; Pass      ; Pass      ; Inapplicable ;
; cart_tran_bank2[1]      ; Inapplicable ; Pass      ; Pass      ; Inapplicable ; Inapplicable ; Pass      ; Pass      ; Inapplicable ; Inapplicable ; Inapplicable ; Inapplicable ; Inapplicable ; Inapplicable ; Inapplicable ; Pass         ; Inapplicable ; Inapplicable ; Inapplicable ; Inapplicable ; Inapplicable ; Inapplicable ; Inapplicable ; Inapplicable ; Inapplicable ; Inapplicable ; Pass      ; Pass      ; Inapplicable ;
; cart_tran_bank2[2]      ; Inapplicable ; Pass      ; Pass      ; Inapplicable ; Inapplicable ; Pass      ; Pass      ; Inapplicable ; Inapplicable ; Inapplicable ; Inapplicable ; Inapplicable ; Inapplicable ; Inapplicable ; Pass         ; Inapplicable ; Inapplicable ; Inapplicable ; Inapplicable ; Inapplicable ; Inapplicable ; Inapplicable ; Inapplicable ; Inapplicable ; Inapplicable ; Pass      ; Pass      ; Inapplicable ;
; cart_tran_bank2[3]      ; Inapplicable ; Pass      ; Pass      ; Inapplicable ; Inapplicable ; Pass      ; Pass      ; Inapplicable ; Inapplicable ; Inapplicable ; Inapplicable ; Inapplicable ; Inapplicable ; Inapplicable ; Pass         ; Inapplicable ; Inapplicable ; Inapplicable ; Inapplicable ; Inapplicable ; Inapplicable ; Inapplicable ; Inapplicable ; Inapplicable ; Inapplicable ; Pass      ; Pass      ; Inapplicable ;
; cart_tran_bank2[4]      ; Inapplicable ; Pass      ; Pass      ; Inapplicable ; Inapplicable ; Pass      ; Pass      ; Inapplicable ; Inapplicable ; Inapplicable ; Inapplicable ; Inapplicable ; Inapplicable ; Inapplicable ; Pass         ; Inapplicable ; Inapplicable ; Inapplicable ; Inapplicable ; Inapplicable ; Inapplicable ; Inapplicable ; Inapplicable ; Inapplicable ; Inapplicable ; Pass      ; Pass      ; Inapplicable ;
; cart_tran_bank2[5]      ; Inapplicable ; Pass      ; Pass      ; Inapplicable ; Inapplicable ; Pass      ; Pass      ; Inapplicable ; Inapplicable ; Inapplicable ; Inapplicable ; Inapplicable ; Inapplicable ; Inapplicable ; Pass         ; Inapplicable ; Inapplicable ; Inapplicable ; Inapplicable ; Inapplicable ; Inapplicable ; Inapplicable ; Inapplicable ; Inapplicable ; Inapplicable ; Pass      ; Pass      ; Inapplicable ;
; cart_tran_bank2[6]      ; Inapplicable ; Pass      ; Pass      ; Inapplicable ; Inapplicable ; Pass      ; Pass      ; Inapplicable ; Inapplicable ; Inapplicable ; Inapplicable ; Inapplicable ; Inapplicable ; Inapplicable ; Pass         ; Inapplicable ; Inapplicable ; Inapplicable ; Inapplicable ; Inapplicable ; Inapplicable ; Inapplicable ; Inapplicable ; Inapplicable ; Inapplicable ; Pass      ; Pass      ; Inapplicable ;
; cart_tran_bank2[7]      ; Inapplicable ; Pass      ; Pass      ; Inapplicable ; Inapplicable ; Pass      ; Pass      ; Inapplicable ; Inapplicable ; Inapplicable ; Inapplicable ; Inapplicable ; Inapplicable ; Inapplicable ; Pass         ; Inapplicable ; Inapplicable ; Inapplicable ; Inapplicable ; Inapplicable ; Inapplicable ; Inapplicable ; Inapplicable ; Inapplicable ; Inapplicable ; Pass      ; Pass      ; Inapplicable ;
; cart_tran_bank3[0]      ; Inapplicable ; Pass      ; Pass      ; Inapplicable ; Inapplicable ; Pass      ; Pass      ; Inapplicable ; Inapplicable ; Inapplicable ; Inapplicable ; Inapplicable ; Inapplicable ; Inapplicable ; Pass         ; Inapplicable ; Inapplicable ; Inapplicable ; Inapplicable ; Inapplicable ; Inapplicable ; Inapplicable ; Inapplicable ; Inapplicable ; Inapplicable ; Pass      ; Pass      ; Inapplicable ;
; cart_tran_bank3[1]      ; Inapplicable ; Pass      ; Pass      ; Inapplicable ; Inapplicable ; Pass      ; Pass      ; Inapplicable ; Inapplicable ; Inapplicable ; Inapplicable ; Inapplicable ; Inapplicable ; Inapplicable ; Pass         ; Inapplicable ; Inapplicable ; Inapplicable ; Inapplicable ; Inapplicable ; Inapplicable ; Inapplicable ; Inapplicable ; Inapplicable ; Inapplicable ; Pass      ; Pass      ; Inapplicable ;
; cart_tran_bank3[2]      ; Inapplicable ; Pass      ; Pass      ; Inapplicable ; Inapplicable ; Pass      ; Pass      ; Inapplicable ; Inapplicable ; Inapplicable ; Inapplicable ; Inapplicable ; Inapplicable ; Inapplicable ; Pass         ; Inapplicable ; Inapplicable ; Inapplicable ; Inapplicable ; Inapplicable ; Inapplicable ; Inapplicable ; Inapplicable ; Inapplicable ; Inapplicable ; Pass      ; Pass      ; Inapplicable ;
; cart_tran_bank3[3]      ; Inapplicable ; Pass      ; Pass      ; Inapplicable ; Inapplicable ; Pass      ; Pass      ; Inapplicable ; Inapplicable ; Inapplicable ; Inapplicable ; Inapplicable ; Inapplicable ; Inapplicable ; Pass         ; Inapplicable ; Inapplicable ; Inapplicable ; Inapplicable ; Inapplicable ; Inapplicable ; Inapplicable ; Inapplicable ; Inapplicable ; Inapplicable ; Pass      ; Pass      ; Inapplicable ;
; cart_tran_bank3[4]      ; Inapplicable ; Pass      ; Pass      ; Inapplicable ; Inapplicable ; Pass      ; Pass      ; Inapplicable ; Inapplicable ; Inapplicable ; Inapplicable ; Inapplicable ; Inapplicable ; Inapplicable ; Pass         ; Inapplicable ; Inapplicable ; Inapplicable ; Inapplicable ; Inapplicable ; Inapplicable ; Inapplicable ; Inapplicable ; Inapplicable ; Inapplicable ; Pass      ; Pass      ; Inapplicable ;
; cart_tran_bank3[5]      ; Inapplicable ; Pass      ; Pass      ; Inapplicable ; Inapplicable ; Pass      ; Pass      ; Inapplicable ; Inapplicable ; Inapplicable ; Inapplicable ; Inapplicable ; Inapplicable ; Inapplicable ; Pass         ; Inapplicable ; Inapplicable ; Inapplicable ; Inapplicable ; Inapplicable ; Inapplicable ; Inapplicable ; Inapplicable ; Inapplicable ; Inapplicable ; Pass      ; Pass      ; Inapplicable ;
; cart_tran_bank3[6]      ; Inapplicable ; Pass      ; Pass      ; Inapplicable ; Inapplicable ; Pass      ; Pass      ; Inapplicable ; Inapplicable ; Inapplicable ; Inapplicable ; Inapplicable ; Inapplicable ; Inapplicable ; Pass         ; Inapplicable ; Inapplicable ; Inapplicable ; Inapplicable ; Inapplicable ; Inapplicable ; Inapplicable ; Inapplicable ; Inapplicable ; Inapplicable ; Pass      ; Pass      ; Inapplicable ;
; cart_tran_bank3[7]      ; Inapplicable ; Pass      ; Pass      ; Inapplicable ; Inapplicable ; Pass      ; Pass      ; Inapplicable ; Inapplicable ; Inapplicable ; Inapplicable ; Inapplicable ; Inapplicable ; Inapplicable ; Pass         ; Inapplicable ; Inapplicable ; Inapplicable ; Inapplicable ; Inapplicable ; Inapplicable ; Inapplicable ; Inapplicable ; Inapplicable ; Inapplicable ; Pass      ; Pass      ; Inapplicable ;
; cart_tran_bank1[0]      ; Inapplicable ; Pass      ; Pass      ; Inapplicable ; Inapplicable ; Pass      ; Pass      ; Inapplicable ; Inapplicable ; Inapplicable ; Inapplicable ; Inapplicable ; Inapplicable ; Inapplicable ; Pass         ; Inapplicable ; Inapplicable ; Inapplicable ; Inapplicable ; Inapplicable ; Inapplicable ; Inapplicable ; Inapplicable ; Inapplicable ; Inapplicable ; Pass      ; Pass      ; Inapplicable ;
; cart_tran_bank1[1]      ; Inapplicable ; Pass      ; Pass      ; Inapplicable ; Inapplicable ; Pass      ; Pass      ; Inapplicable ; Inapplicable ; Inapplicable ; Inapplicable ; Inapplicable ; Inapplicable ; Inapplicable ; Pass         ; Inapplicable ; Inapplicable ; Inapplicable ; Inapplicable ; Inapplicable ; Inapplicable ; Inapplicable ; Inapplicable ; Inapplicable ; Inapplicable ; Pass      ; Pass      ; Inapplicable ;
; cart_tran_bank1[2]      ; Inapplicable ; Pass      ; Pass      ; Inapplicable ; Inapplicable ; Pass      ; Pass      ; Inapplicable ; Inapplicable ; Inapplicable ; Inapplicable ; Inapplicable ; Inapplicable ; Inapplicable ; Pass         ; Inapplicable ; Inapplicable ; Inapplicable ; Inapplicable ; Inapplicable ; Inapplicable ; Inapplicable ; Inapplicable ; Inapplicable ; Inapplicable ; Pass      ; Pass      ; Inapplicable ;
; cart_tran_bank1[3]      ; Inapplicable ; Pass      ; Pass      ; Inapplicable ; Inapplicable ; Pass      ; Pass      ; Inapplicable ; Inapplicable ; Inapplicable ; Inapplicable ; Inapplicable ; Inapplicable ; Inapplicable ; Pass         ; Inapplicable ; Inapplicable ; Inapplicable ; Inapplicable ; Inapplicable ; Inapplicable ; Inapplicable ; Inapplicable ; Inapplicable ; Inapplicable ; Pass      ; Pass      ; Inapplicable ;
; cart_tran_bank1[4]      ; Inapplicable ; Pass      ; Pass      ; Inapplicable ; Inapplicable ; Pass      ; Pass      ; Inapplicable ; Inapplicable ; Inapplicable ; Inapplicable ; Inapplicable ; Inapplicable ; Inapplicable ; Pass         ; Inapplicable ; Inapplicable ; Inapplicable ; Inapplicable ; Inapplicable ; Inapplicable ; Inapplicable ; Inapplicable ; Inapplicable ; Inapplicable ; Pass      ; Pass      ; Inapplicable ;
; cart_tran_bank1[5]      ; Inapplicable ; Pass      ; Pass      ; Inapplicable ; Inapplicable ; Pass      ; Pass      ; Inapplicable ; Inapplicable ; Inapplicable ; Inapplicable ; Inapplicable ; Inapplicable ; Inapplicable ; Pass         ; Inapplicable ; Inapplicable ; Inapplicable ; Inapplicable ; Inapplicable ; Inapplicable ; Inapplicable ; Inapplicable ; Inapplicable ; Inapplicable ; Pass      ; Pass      ; Inapplicable ;
; cart_tran_bank1[6]      ; Inapplicable ; Pass      ; Pass      ; Inapplicable ; Inapplicable ; Pass      ; Pass      ; Inapplicable ; Inapplicable ; Inapplicable ; Inapplicable ; Inapplicable ; Inapplicable ; Inapplicable ; Pass         ; Inapplicable ; Inapplicable ; Inapplicable ; Inapplicable ; Inapplicable ; Inapplicable ; Inapplicable ; Inapplicable ; Inapplicable ; Inapplicable ; Pass      ; Pass      ; Inapplicable ;
; cart_tran_bank1[7]      ; Inapplicable ; Pass      ; Pass      ; Inapplicable ; Inapplicable ; Pass      ; Pass      ; Inapplicable ; Inapplicable ; Inapplicable ; Inapplicable ; Inapplicable ; Inapplicable ; Inapplicable ; Pass         ; Inapplicable ; Inapplicable ; Inapplicable ; Inapplicable ; Inapplicable ; Inapplicable ; Inapplicable ; Inapplicable ; Inapplicable ; Inapplicable ; Pass      ; Pass      ; Inapplicable ;
; cart_tran_bank0[4]      ; Inapplicable ; Pass      ; Pass      ; Inapplicable ; Inapplicable ; Pass      ; Pass      ; Inapplicable ; Inapplicable ; Inapplicable ; Inapplicable ; Inapplicable ; Inapplicable ; Inapplicable ; Inapplicable ; Inapplicable ; Inapplicable ; Inapplicable ; Inapplicable ; Inapplicable ; Inapplicable ; Inapplicable ; Inapplicable ; Inapplicable ; Inapplicable ; Pass      ; Pass      ; Inapplicable ;
; cart_tran_bank0[5]      ; Inapplicable ; Pass      ; Pass      ; Inapplicable ; Inapplicable ; Pass      ; Pass      ; Inapplicable ; Inapplicable ; Inapplicable ; Inapplicable ; Inapplicable ; Inapplicable ; Inapplicable ; Inapplicable ; Inapplicable ; Inapplicable ; Inapplicable ; Inapplicable ; Inapplicable ; Inapplicable ; Inapplicable ; Inapplicable ; Inapplicable ; Inapplicable ; Pass      ; Pass      ; Inapplicable ;
; cart_tran_bank0[6]      ; Inapplicable ; Pass      ; Pass      ; Inapplicable ; Inapplicable ; Pass      ; Pass      ; Inapplicable ; Inapplicable ; Inapplicable ; Inapplicable ; Inapplicable ; Inapplicable ; Inapplicable ; Inapplicable ; Inapplicable ; Inapplicable ; Inapplicable ; Inapplicable ; Inapplicable ; Inapplicable ; Inapplicable ; Inapplicable ; Inapplicable ; Inapplicable ; Pass      ; Pass      ; Inapplicable ;
; cart_tran_bank0[7]      ; Inapplicable ; Pass      ; Pass      ; Inapplicable ; Inapplicable ; Pass      ; Pass      ; Inapplicable ; Inapplicable ; Inapplicable ; Inapplicable ; Inapplicable ; Inapplicable ; Inapplicable ; Inapplicable ; Inapplicable ; Inapplicable ; Inapplicable ; Inapplicable ; Inapplicable ; Inapplicable ; Inapplicable ; Inapplicable ; Inapplicable ; Inapplicable ; Pass      ; Pass      ; Inapplicable ;
; cart_tran_pin30         ; Inapplicable ; Pass      ; Pass      ; Inapplicable ; Inapplicable ; Pass      ; Pass      ; Inapplicable ; Inapplicable ; Inapplicable ; Inapplicable ; Inapplicable ; Pass         ; Inapplicable ; Pass         ; Inapplicable ; Inapplicable ; Inapplicable ; Inapplicable ; Pass         ; Inapplicable ; Inapplicable ; Inapplicable ; Inapplicable ; Pass         ; Pass      ; Pass      ; Inapplicable ;
; cart_tran_pin31         ; Inapplicable ; Pass      ; Pass      ; Inapplicable ; Inapplicable ; Pass      ; Pass      ; Inapplicable ; Inapplicable ; Inapplicable ; Inapplicable ; Inapplicable ; Pass         ; Inapplicable ; Pass         ; Inapplicable ; Inapplicable ; Inapplicable ; Inapplicable ; Pass         ; Inapplicable ; Inapplicable ; Inapplicable ; Inapplicable ; Pass         ; Pass      ; Pass      ; Inapplicable ;
; port_tran_si            ; Inapplicable ; Pass      ; Pass      ; Inapplicable ; Inapplicable ; Pass      ; Pass      ; Inapplicable ; Inapplicable ; Inapplicable ; Inapplicable ; Inapplicable ; Inapplicable ; Inapplicable ; Pass         ; Inapplicable ; Inapplicable ; Inapplicable ; Inapplicable ; Inapplicable ; Inapplicable ; Inapplicable ; Inapplicable ; Inapplicable ; Inapplicable ; Pass      ; Pass      ; Inapplicable ;
; port_tran_so            ; Inapplicable ; Pass      ; Pass      ; Inapplicable ; Inapplicable ; Pass      ; Pass      ; Inapplicable ; Inapplicable ; Inapplicable ; Inapplicable ; Inapplicable ; Pass         ; Inapplicable ; Pass         ; Inapplicable ; Inapplicable ; Inapplicable ; Inapplicable ; Pass         ; Inapplicable ; Inapplicable ; Inapplicable ; Inapplicable ; Pass         ; Pass      ; Pass      ; Inapplicable ;
; port_tran_sck           ; Inapplicable ; Pass      ; Pass      ; Inapplicable ; Inapplicable ; Pass      ; Pass      ; Inapplicable ; Inapplicable ; Inapplicable ; Inapplicable ; Inapplicable ; Inapplicable ; Inapplicable ; Pass         ; Inapplicable ; Inapplicable ; Inapplicable ; Inapplicable ; Inapplicable ; Inapplicable ; Inapplicable ; Inapplicable ; Inapplicable ; Inapplicable ; Pass      ; Pass      ; Inapplicable ;
; port_tran_sd            ; Inapplicable ; Pass      ; Pass      ; Inapplicable ; Inapplicable ; Pass      ; Pass      ; Inapplicable ; Inapplicable ; Inapplicable ; Inapplicable ; Inapplicable ; Inapplicable ; Inapplicable ; Pass         ; Inapplicable ; Inapplicable ; Inapplicable ; Inapplicable ; Inapplicable ; Inapplicable ; Inapplicable ; Inapplicable ; Inapplicable ; Inapplicable ; Pass      ; Pass      ; Inapplicable ;
; scal_vid[0]             ; Pass         ; Pass      ; Pass      ; Inapplicable ; Inapplicable ; Pass      ; Pass      ; Inapplicable ; Inapplicable ; Inapplicable ; Inapplicable ; Inapplicable ; Pass         ; Pass         ; Inapplicable ; Inapplicable ; Inapplicable ; Inapplicable ; Pass         ; Inapplicable ; Inapplicable ; Inapplicable ; Inapplicable ; Pass         ; Inapplicable ; Pass      ; Pass      ; Inapplicable ;
; scal_vid[1]             ; Pass         ; Pass      ; Pass      ; Inapplicable ; Inapplicable ; Pass      ; Pass      ; Inapplicable ; Inapplicable ; Inapplicable ; Inapplicable ; Inapplicable ; Pass         ; Pass         ; Inapplicable ; Inapplicable ; Inapplicable ; Inapplicable ; Pass         ; Inapplicable ; Inapplicable ; Inapplicable ; Inapplicable ; Pass         ; Inapplicable ; Pass      ; Pass      ; Inapplicable ;
; scal_vid[2]             ; Pass         ; Pass      ; Pass      ; Inapplicable ; Inapplicable ; Pass      ; Pass      ; Inapplicable ; Inapplicable ; Inapplicable ; Inapplicable ; Inapplicable ; Pass         ; Pass         ; Inapplicable ; Inapplicable ; Inapplicable ; Inapplicable ; Pass         ; Inapplicable ; Inapplicable ; Inapplicable ; Inapplicable ; Pass         ; Inapplicable ; Pass      ; Pass      ; Inapplicable ;
; scal_vid[3]             ; Pass         ; Pass      ; Pass      ; Inapplicable ; Inapplicable ; Pass      ; Pass      ; Inapplicable ; Inapplicable ; Inapplicable ; Inapplicable ; Inapplicable ; Pass         ; Pass         ; Inapplicable ; Inapplicable ; Inapplicable ; Inapplicable ; Pass         ; Inapplicable ; Inapplicable ; Inapplicable ; Inapplicable ; Pass         ; Inapplicable ; Pass      ; Pass      ; Inapplicable ;
; scal_vid[4]             ; Pass         ; Pass      ; Pass      ; Inapplicable ; Inapplicable ; Pass      ; Pass      ; Inapplicable ; Inapplicable ; Inapplicable ; Inapplicable ; Inapplicable ; Pass         ; Pass         ; Inapplicable ; Inapplicable ; Inapplicable ; Inapplicable ; Pass         ; Inapplicable ; Inapplicable ; Inapplicable ; Inapplicable ; Pass         ; Inapplicable ; Pass      ; Pass      ; Inapplicable ;
; scal_vid[5]             ; Pass         ; Pass      ; Pass      ; Inapplicable ; Inapplicable ; Pass      ; Pass      ; Inapplicable ; Inapplicable ; Inapplicable ; Inapplicable ; Inapplicable ; Pass         ; Pass         ; Inapplicable ; Inapplicable ; Inapplicable ; Inapplicable ; Pass         ; Inapplicable ; Inapplicable ; Inapplicable ; Inapplicable ; Pass         ; Inapplicable ; Pass      ; Pass      ; Inapplicable ;
; scal_vid[6]             ; Pass         ; Pass      ; Pass      ; Inapplicable ; Inapplicable ; Pass      ; Pass      ; Inapplicable ; Inapplicable ; Inapplicable ; Inapplicable ; Inapplicable ; Pass         ; Pass         ; Inapplicable ; Inapplicable ; Inapplicable ; Inapplicable ; Pass         ; Inapplicable ; Inapplicable ; Inapplicable ; Inapplicable ; Pass         ; Inapplicable ; Pass      ; Pass      ; Inapplicable ;
; scal_vid[7]             ; Pass         ; Pass      ; Pass      ; Inapplicable ; Inapplicable ; Pass      ; Pass      ; Inapplicable ; Inapplicable ; Inapplicable ; Inapplicable ; Inapplicable ; Pass         ; Pass         ; Inapplicable ; Inapplicable ; Inapplicable ; Inapplicable ; Pass         ; Inapplicable ; Inapplicable ; Inapplicable ; Inapplicable ; Pass         ; Inapplicable ; Pass      ; Pass      ; Inapplicable ;
; scal_vid[8]             ; Pass         ; Pass      ; Pass      ; Inapplicable ; Inapplicable ; Pass      ; Pass      ; Inapplicable ; Inapplicable ; Inapplicable ; Inapplicable ; Inapplicable ; Pass         ; Pass         ; Inapplicable ; Inapplicable ; Inapplicable ; Inapplicable ; Pass         ; Inapplicable ; Inapplicable ; Inapplicable ; Inapplicable ; Pass         ; Inapplicable ; Pass      ; Pass      ; Inapplicable ;
; scal_vid[9]             ; Pass         ; Pass      ; Pass      ; Inapplicable ; Inapplicable ; Pass      ; Pass      ; Inapplicable ; Inapplicable ; Inapplicable ; Inapplicable ; Inapplicable ; Pass         ; Pass         ; Inapplicable ; Inapplicable ; Inapplicable ; Inapplicable ; Pass         ; Inapplicable ; Inapplicable ; Inapplicable ; Inapplicable ; Pass         ; Inapplicable ; Pass      ; Pass      ; Inapplicable ;
; scal_vid[10]            ; Pass         ; Pass      ; Pass      ; Inapplicable ; Inapplicable ; Pass      ; Pass      ; Inapplicable ; Inapplicable ; Inapplicable ; Inapplicable ; Inapplicable ; Pass         ; Pass         ; Inapplicable ; Inapplicable ; Inapplicable ; Inapplicable ; Pass         ; Inapplicable ; Inapplicable ; Inapplicable ; Inapplicable ; Pass         ; Inapplicable ; Pass      ; Pass      ; Inapplicable ;
; scal_vid[11]            ; Pass         ; Pass      ; Pass      ; Inapplicable ; Inapplicable ; Pass      ; Pass      ; Inapplicable ; Inapplicable ; Inapplicable ; Inapplicable ; Inapplicable ; Pass         ; Pass         ; Inapplicable ; Inapplicable ; Inapplicable ; Inapplicable ; Pass         ; Inapplicable ; Inapplicable ; Inapplicable ; Inapplicable ; Pass         ; Inapplicable ; Pass      ; Pass      ; Inapplicable ;
; scal_clk                ; Pass         ; Pass      ; Pass      ; Inapplicable ; Inapplicable ; Pass      ; Pass      ; Inapplicable ; Inapplicable ; Inapplicable ; Inapplicable ; Inapplicable ; Pass         ; Pass         ; Inapplicable ; Inapplicable ; Inapplicable ; Inapplicable ; Pass         ; Inapplicable ; Inapplicable ; Inapplicable ; Inapplicable ; Pass         ; Inapplicable ; Pass      ; Pass      ; Inapplicable ;
; scal_de                 ; Pass         ; Pass      ; Pass      ; Inapplicable ; Inapplicable ; Pass      ; Pass      ; Inapplicable ; Inapplicable ; Inapplicable ; Inapplicable ; Inapplicable ; Pass         ; Pass         ; Inapplicable ; Inapplicable ; Inapplicable ; Inapplicable ; Pass         ; Inapplicable ; Inapplicable ; Inapplicable ; Inapplicable ; Pass         ; Inapplicable ; Pass      ; Pass      ; Inapplicable ;
; scal_skip               ; Pass         ; Pass      ; Pass      ; Inapplicable ; Inapplicable ; Pass      ; Pass      ; Inapplicable ; Inapplicable ; Inapplicable ; Inapplicable ; Inapplicable ; Pass         ; Pass         ; Inapplicable ; Inapplicable ; Inapplicable ; Inapplicable ; Pass         ; Inapplicable ; Inapplicable ; Inapplicable ; Inapplicable ; Pass         ; Inapplicable ; Pass      ; Pass      ; Inapplicable ;
; scal_vs                 ; Pass         ; Pass      ; Pass      ; Inapplicable ; Inapplicable ; Pass      ; Pass      ; Inapplicable ; Inapplicable ; Inapplicable ; Inapplicable ; Inapplicable ; Pass         ; Pass         ; Inapplicable ; Inapplicable ; Inapplicable ; Inapplicable ; Pass         ; Inapplicable ; Inapplicable ; Inapplicable ; Inapplicable ; Pass         ; Inapplicable ; Pass      ; Pass      ; Inapplicable ;
; scal_hs                 ; Pass         ; Pass      ; Pass      ; Inapplicable ; Inapplicable ; Pass      ; Pass      ; Inapplicable ; Inapplicable ; Inapplicable ; Inapplicable ; Inapplicable ; Pass         ; Pass         ; Inapplicable ; Inapplicable ; Inapplicable ; Inapplicable ; Pass         ; Inapplicable ; Inapplicable ; Inapplicable ; Inapplicable ; Pass         ; Inapplicable ; Pass      ; Pass      ; Inapplicable ;
; bridge_spimosi          ; Inapplicable ; Pass      ; Pass      ; Inapplicable ; Inapplicable ; Pass      ; Pass      ; Inapplicable ; Inapplicable ; Inapplicable ; Inapplicable ; Inapplicable ; Pass         ; Inapplicable ; Inapplicable ; Inapplicable ; Pass         ; Inapplicable ; Inapplicable ; Pass         ; Inapplicable ; Pass         ; Inapplicable ; Inapplicable ; Pass         ; Pass      ; Pass      ; Inapplicable ;
; bridge_spimiso          ; Inapplicable ; Pass      ; Pass      ; Inapplicable ; Inapplicable ; Pass      ; Pass      ; Inapplicable ; Inapplicable ; Inapplicable ; Inapplicable ; Inapplicable ; Pass         ; Inapplicable ; Inapplicable ; Inapplicable ; Pass         ; Inapplicable ; Inapplicable ; Pass         ; Inapplicable ; Pass         ; Inapplicable ; Inapplicable ; Pass         ; Pass      ; Pass      ; Inapplicable ;
; bridge_spiclk           ; Inapplicable ; Pass      ; Pass      ; Inapplicable ; Inapplicable ; Pass      ; Pass      ; Inapplicable ; Inapplicable ; Inapplicable ; Inapplicable ; Inapplicable ; Pass         ; Inapplicable ; Inapplicable ; Inapplicable ; Pass         ; Inapplicable ; Inapplicable ; Pass         ; Inapplicable ; Pass         ; Inapplicable ; Inapplicable ; Pass         ; Pass      ; Pass      ; Inapplicable ;
; bridge_1wire            ; Inapplicable ; Pass      ; Pass      ; Inapplicable ; Inapplicable ; Pass      ; Pass      ; Inapplicable ; Inapplicable ; Inapplicable ; Inapplicable ; Inapplicable ; Pass         ; Inapplicable ; Inapplicable ; Inapplicable ; Pass         ; Inapplicable ; Inapplicable ; Pass         ; Inapplicable ; Pass         ; Inapplicable ; Inapplicable ; Pass         ; Pass      ; Pass      ; Inapplicable ;
; cram0_dq[0]             ; Inapplicable ; Pass      ; Pass      ; Inapplicable ; Inapplicable ; Pass      ; Pass      ; Inapplicable ; Inapplicable ; Inapplicable ; Inapplicable ; Inapplicable ; Pass         ; Inapplicable ; Pass         ; Inapplicable ; Inapplicable ; Inapplicable ; Inapplicable ; Pass         ; Inapplicable ; Inapplicable ; Inapplicable ; Inapplicable ; Pass         ; Pass      ; Pass      ; Inapplicable ;
; cram0_dq[1]             ; Inapplicable ; Pass      ; Pass      ; Inapplicable ; Inapplicable ; Pass      ; Pass      ; Inapplicable ; Inapplicable ; Inapplicable ; Inapplicable ; Inapplicable ; Pass         ; Inapplicable ; Pass         ; Inapplicable ; Inapplicable ; Inapplicable ; Inapplicable ; Pass         ; Inapplicable ; Inapplicable ; Inapplicable ; Inapplicable ; Pass         ; Pass      ; Pass      ; Inapplicable ;
; cram0_dq[2]             ; Inapplicable ; Pass      ; Pass      ; Inapplicable ; Inapplicable ; Pass      ; Pass      ; Inapplicable ; Inapplicable ; Inapplicable ; Inapplicable ; Inapplicable ; Pass         ; Inapplicable ; Pass         ; Inapplicable ; Inapplicable ; Inapplicable ; Inapplicable ; Pass         ; Inapplicable ; Inapplicable ; Inapplicable ; Inapplicable ; Pass         ; Pass      ; Pass      ; Inapplicable ;
; cram0_dq[3]             ; Inapplicable ; Pass      ; Pass      ; Inapplicable ; Inapplicable ; Pass      ; Pass      ; Inapplicable ; Inapplicable ; Inapplicable ; Inapplicable ; Inapplicable ; Pass         ; Inapplicable ; Pass         ; Inapplicable ; Inapplicable ; Inapplicable ; Inapplicable ; Pass         ; Inapplicable ; Inapplicable ; Inapplicable ; Inapplicable ; Pass         ; Pass      ; Pass      ; Inapplicable ;
; cram0_dq[4]             ; Inapplicable ; Pass      ; Pass      ; Inapplicable ; Inapplicable ; Pass      ; Pass      ; Inapplicable ; Inapplicable ; Inapplicable ; Inapplicable ; Inapplicable ; Pass         ; Inapplicable ; Pass         ; Inapplicable ; Inapplicable ; Inapplicable ; Inapplicable ; Pass         ; Inapplicable ; Inapplicable ; Inapplicable ; Inapplicable ; Pass         ; Pass      ; Pass      ; Inapplicable ;
; cram0_dq[5]             ; Inapplicable ; Pass      ; Pass      ; Inapplicable ; Inapplicable ; Pass      ; Pass      ; Inapplicable ; Inapplicable ; Inapplicable ; Inapplicable ; Inapplicable ; Pass         ; Inapplicable ; Pass         ; Inapplicable ; Inapplicable ; Inapplicable ; Inapplicable ; Pass         ; Inapplicable ; Inapplicable ; Inapplicable ; Inapplicable ; Pass         ; Pass      ; Pass      ; Inapplicable ;
; cram0_dq[6]             ; Inapplicable ; Pass      ; Pass      ; Inapplicable ; Inapplicable ; Pass      ; Pass      ; Inapplicable ; Inapplicable ; Inapplicable ; Inapplicable ; Inapplicable ; Pass         ; Inapplicable ; Pass         ; Inapplicable ; Inapplicable ; Inapplicable ; Inapplicable ; Pass         ; Inapplicable ; Inapplicable ; Inapplicable ; Inapplicable ; Pass         ; Pass      ; Pass      ; Inapplicable ;
; cram0_dq[7]             ; Inapplicable ; Pass      ; Pass      ; Inapplicable ; Inapplicable ; Pass      ; Pass      ; Inapplicable ; Inapplicable ; Inapplicable ; Inapplicable ; Inapplicable ; Pass         ; Inapplicable ; Pass         ; Inapplicable ; Inapplicable ; Inapplicable ; Inapplicable ; Pass         ; Inapplicable ; Inapplicable ; Inapplicable ; Inapplicable ; Pass         ; Pass      ; Pass      ; Inapplicable ;
; cram0_dq[8]             ; Inapplicable ; Pass      ; Pass      ; Inapplicable ; Inapplicable ; Pass      ; Pass      ; Inapplicable ; Inapplicable ; Inapplicable ; Inapplicable ; Inapplicable ; Pass         ; Inapplicable ; Pass         ; Inapplicable ; Inapplicable ; Inapplicable ; Inapplicable ; Pass         ; Inapplicable ; Inapplicable ; Inapplicable ; Inapplicable ; Pass         ; Pass      ; Pass      ; Inapplicable ;
; cram0_dq[9]             ; Inapplicable ; Pass      ; Pass      ; Inapplicable ; Inapplicable ; Pass      ; Pass      ; Inapplicable ; Inapplicable ; Inapplicable ; Inapplicable ; Inapplicable ; Pass         ; Inapplicable ; Pass         ; Inapplicable ; Inapplicable ; Inapplicable ; Inapplicable ; Pass         ; Inapplicable ; Inapplicable ; Inapplicable ; Inapplicable ; Pass         ; Pass      ; Pass      ; Inapplicable ;
; cram0_dq[10]            ; Inapplicable ; Pass      ; Pass      ; Inapplicable ; Inapplicable ; Pass      ; Pass      ; Inapplicable ; Inapplicable ; Inapplicable ; Inapplicable ; Inapplicable ; Pass         ; Inapplicable ; Pass         ; Inapplicable ; Inapplicable ; Inapplicable ; Inapplicable ; Pass         ; Inapplicable ; Inapplicable ; Inapplicable ; Inapplicable ; Pass         ; Pass      ; Pass      ; Inapplicable ;
; cram0_dq[11]            ; Inapplicable ; Pass      ; Pass      ; Inapplicable ; Inapplicable ; Pass      ; Pass      ; Inapplicable ; Inapplicable ; Inapplicable ; Inapplicable ; Inapplicable ; Pass         ; Inapplicable ; Pass         ; Inapplicable ; Inapplicable ; Inapplicable ; Inapplicable ; Pass         ; Inapplicable ; Inapplicable ; Inapplicable ; Inapplicable ; Pass         ; Pass      ; Pass      ; Inapplicable ;
; cram0_dq[12]            ; Inapplicable ; Pass      ; Pass      ; Inapplicable ; Inapplicable ; Pass      ; Pass      ; Inapplicable ; Inapplicable ; Inapplicable ; Inapplicable ; Inapplicable ; Pass         ; Inapplicable ; Pass         ; Inapplicable ; Inapplicable ; Inapplicable ; Inapplicable ; Pass         ; Inapplicable ; Inapplicable ; Inapplicable ; Inapplicable ; Pass         ; Pass      ; Pass      ; Inapplicable ;
; cram0_dq[13]            ; Inapplicable ; Pass      ; Pass      ; Inapplicable ; Inapplicable ; Pass      ; Pass      ; Inapplicable ; Inapplicable ; Inapplicable ; Inapplicable ; Inapplicable ; Pass         ; Inapplicable ; Pass         ; Inapplicable ; Inapplicable ; Inapplicable ; Inapplicable ; Pass         ; Inapplicable ; Inapplicable ; Inapplicable ; Inapplicable ; Pass         ; Pass      ; Pass      ; Inapplicable ;
; cram0_dq[14]            ; Inapplicable ; Pass      ; Pass      ; Inapplicable ; Inapplicable ; Pass      ; Pass      ; Inapplicable ; Inapplicable ; Inapplicable ; Inapplicable ; Inapplicable ; Pass         ; Inapplicable ; Pass         ; Inapplicable ; Inapplicable ; Inapplicable ; Inapplicable ; Pass         ; Inapplicable ; Inapplicable ; Inapplicable ; Inapplicable ; Pass         ; Pass      ; Pass      ; Inapplicable ;
; cram0_dq[15]            ; Inapplicable ; Pass      ; Pass      ; Inapplicable ; Inapplicable ; Pass      ; Pass      ; Inapplicable ; Inapplicable ; Inapplicable ; Inapplicable ; Inapplicable ; Pass         ; Inapplicable ; Pass         ; Inapplicable ; Inapplicable ; Inapplicable ; Inapplicable ; Pass         ; Inapplicable ; Inapplicable ; Inapplicable ; Inapplicable ; Pass         ; Pass      ; Pass      ; Inapplicable ;
; cram1_dq[0]             ; Inapplicable ; Pass      ; Pass      ; Inapplicable ; Inapplicable ; Pass      ; Pass      ; Inapplicable ; Inapplicable ; Inapplicable ; Inapplicable ; Inapplicable ; Pass         ; Inapplicable ; Pass         ; Inapplicable ; Inapplicable ; Inapplicable ; Inapplicable ; Pass         ; Inapplicable ; Inapplicable ; Inapplicable ; Inapplicable ; Pass         ; Pass      ; Pass      ; Inapplicable ;
; cram1_dq[1]             ; Inapplicable ; Pass      ; Pass      ; Inapplicable ; Inapplicable ; Pass      ; Pass      ; Inapplicable ; Inapplicable ; Inapplicable ; Inapplicable ; Inapplicable ; Pass         ; Inapplicable ; Pass         ; Inapplicable ; Inapplicable ; Inapplicable ; Inapplicable ; Pass         ; Inapplicable ; Inapplicable ; Inapplicable ; Inapplicable ; Pass         ; Pass      ; Pass      ; Inapplicable ;
; cram1_dq[2]             ; Inapplicable ; Pass      ; Pass      ; Inapplicable ; Inapplicable ; Pass      ; Pass      ; Inapplicable ; Inapplicable ; Inapplicable ; Inapplicable ; Inapplicable ; Pass         ; Inapplicable ; Pass         ; Inapplicable ; Inapplicable ; Inapplicable ; Inapplicable ; Pass         ; Inapplicable ; Inapplicable ; Inapplicable ; Inapplicable ; Pass         ; Pass      ; Pass      ; Inapplicable ;
; cram1_dq[3]             ; Inapplicable ; Pass      ; Pass      ; Inapplicable ; Inapplicable ; Pass      ; Pass      ; Inapplicable ; Inapplicable ; Inapplicable ; Inapplicable ; Inapplicable ; Pass         ; Inapplicable ; Pass         ; Inapplicable ; Inapplicable ; Inapplicable ; Inapplicable ; Pass         ; Inapplicable ; Inapplicable ; Inapplicable ; Inapplicable ; Pass         ; Pass      ; Pass      ; Inapplicable ;
; cram1_dq[4]             ; Inapplicable ; Pass      ; Pass      ; Inapplicable ; Inapplicable ; Pass      ; Pass      ; Inapplicable ; Inapplicable ; Inapplicable ; Inapplicable ; Inapplicable ; Pass         ; Inapplicable ; Pass         ; Inapplicable ; Inapplicable ; Inapplicable ; Inapplicable ; Pass         ; Inapplicable ; Inapplicable ; Inapplicable ; Inapplicable ; Pass         ; Pass      ; Pass      ; Inapplicable ;
; cram1_dq[5]             ; Inapplicable ; Pass      ; Pass      ; Inapplicable ; Inapplicable ; Pass      ; Pass      ; Inapplicable ; Inapplicable ; Inapplicable ; Inapplicable ; Inapplicable ; Pass         ; Inapplicable ; Pass         ; Inapplicable ; Inapplicable ; Inapplicable ; Inapplicable ; Pass         ; Inapplicable ; Inapplicable ; Inapplicable ; Inapplicable ; Pass         ; Pass      ; Pass      ; Inapplicable ;
; cram1_dq[6]             ; Inapplicable ; Pass      ; Pass      ; Inapplicable ; Inapplicable ; Pass      ; Pass      ; Inapplicable ; Inapplicable ; Inapplicable ; Inapplicable ; Inapplicable ; Pass         ; Inapplicable ; Pass         ; Inapplicable ; Inapplicable ; Inapplicable ; Inapplicable ; Pass         ; Inapplicable ; Inapplicable ; Inapplicable ; Inapplicable ; Pass         ; Pass      ; Pass      ; Inapplicable ;
; cram1_dq[7]             ; Inapplicable ; Pass      ; Pass      ; Inapplicable ; Inapplicable ; Pass      ; Pass      ; Inapplicable ; Inapplicable ; Inapplicable ; Inapplicable ; Inapplicable ; Pass         ; Inapplicable ; Pass         ; Inapplicable ; Inapplicable ; Inapplicable ; Inapplicable ; Pass         ; Inapplicable ; Inapplicable ; Inapplicable ; Inapplicable ; Pass         ; Pass      ; Pass      ; Inapplicable ;
; cram1_dq[8]             ; Inapplicable ; Pass      ; Pass      ; Inapplicable ; Inapplicable ; Pass      ; Pass      ; Inapplicable ; Inapplicable ; Inapplicable ; Inapplicable ; Inapplicable ; Pass         ; Inapplicable ; Pass         ; Inapplicable ; Inapplicable ; Inapplicable ; Inapplicable ; Pass         ; Inapplicable ; Inapplicable ; Inapplicable ; Inapplicable ; Pass         ; Pass      ; Pass      ; Inapplicable ;
; cram1_dq[9]             ; Inapplicable ; Pass      ; Pass      ; Inapplicable ; Inapplicable ; Pass      ; Pass      ; Inapplicable ; Inapplicable ; Inapplicable ; Inapplicable ; Inapplicable ; Pass         ; Inapplicable ; Pass         ; Inapplicable ; Inapplicable ; Inapplicable ; Inapplicable ; Pass         ; Inapplicable ; Inapplicable ; Inapplicable ; Inapplicable ; Pass         ; Pass      ; Pass      ; Inapplicable ;
; cram1_dq[10]            ; Inapplicable ; Pass      ; Pass      ; Inapplicable ; Inapplicable ; Pass      ; Pass      ; Inapplicable ; Inapplicable ; Inapplicable ; Inapplicable ; Inapplicable ; Pass         ; Inapplicable ; Pass         ; Inapplicable ; Inapplicable ; Inapplicable ; Inapplicable ; Pass         ; Inapplicable ; Inapplicable ; Inapplicable ; Inapplicable ; Pass         ; Pass      ; Pass      ; Inapplicable ;
; cram1_dq[11]            ; Inapplicable ; Pass      ; Pass      ; Inapplicable ; Inapplicable ; Pass      ; Pass      ; Inapplicable ; Inapplicable ; Inapplicable ; Inapplicable ; Inapplicable ; Pass         ; Inapplicable ; Pass         ; Inapplicable ; Inapplicable ; Inapplicable ; Inapplicable ; Pass         ; Inapplicable ; Inapplicable ; Inapplicable ; Inapplicable ; Pass         ; Pass      ; Pass      ; Inapplicable ;
; cram1_dq[12]            ; Inapplicable ; Pass      ; Pass      ; Inapplicable ; Inapplicable ; Pass      ; Pass      ; Inapplicable ; Inapplicable ; Inapplicable ; Inapplicable ; Inapplicable ; Pass         ; Inapplicable ; Pass         ; Inapplicable ; Inapplicable ; Inapplicable ; Inapplicable ; Pass         ; Inapplicable ; Inapplicable ; Inapplicable ; Inapplicable ; Pass         ; Pass      ; Pass      ; Inapplicable ;
; cram1_dq[13]            ; Inapplicable ; Pass      ; Pass      ; Inapplicable ; Inapplicable ; Pass      ; Pass      ; Inapplicable ; Inapplicable ; Inapplicable ; Inapplicable ; Inapplicable ; Pass         ; Inapplicable ; Pass         ; Inapplicable ; Inapplicable ; Inapplicable ; Inapplicable ; Pass         ; Inapplicable ; Inapplicable ; Inapplicable ; Inapplicable ; Pass         ; Pass      ; Pass      ; Inapplicable ;
; cram1_dq[14]            ; Inapplicable ; Pass      ; Pass      ; Inapplicable ; Inapplicable ; Pass      ; Pass      ; Inapplicable ; Inapplicable ; Inapplicable ; Inapplicable ; Inapplicable ; Pass         ; Inapplicable ; Pass         ; Inapplicable ; Inapplicable ; Inapplicable ; Inapplicable ; Pass         ; Inapplicable ; Inapplicable ; Inapplicable ; Inapplicable ; Pass         ; Pass      ; Pass      ; Inapplicable ;
; cram1_dq[15]            ; Inapplicable ; Pass      ; Pass      ; Inapplicable ; Inapplicable ; Pass      ; Pass      ; Inapplicable ; Inapplicable ; Inapplicable ; Inapplicable ; Inapplicable ; Pass         ; Inapplicable ; Pass         ; Inapplicable ; Inapplicable ; Inapplicable ; Inapplicable ; Pass         ; Inapplicable ; Inapplicable ; Inapplicable ; Inapplicable ; Pass         ; Pass      ; Pass      ; Inapplicable ;
; dram_dq[0]              ; Inapplicable ; Pass      ; Pass      ; Inapplicable ; Inapplicable ; Pass      ; Pass      ; Inapplicable ; Inapplicable ; Inapplicable ; Inapplicable ; Inapplicable ; Pass         ; Inapplicable ; Pass         ; Inapplicable ; Inapplicable ; Inapplicable ; Inapplicable ; Pass         ; Inapplicable ; Inapplicable ; Inapplicable ; Inapplicable ; Pass         ; Pass      ; Pass      ; Inapplicable ;
; dram_dq[1]              ; Inapplicable ; Pass      ; Pass      ; Inapplicable ; Inapplicable ; Pass      ; Pass      ; Inapplicable ; Inapplicable ; Inapplicable ; Inapplicable ; Inapplicable ; Pass         ; Inapplicable ; Pass         ; Inapplicable ; Inapplicable ; Inapplicable ; Inapplicable ; Pass         ; Inapplicable ; Inapplicable ; Inapplicable ; Inapplicable ; Pass         ; Pass      ; Pass      ; Inapplicable ;
; dram_dq[2]              ; Inapplicable ; Pass      ; Pass      ; Inapplicable ; Inapplicable ; Pass      ; Pass      ; Inapplicable ; Inapplicable ; Inapplicable ; Inapplicable ; Inapplicable ; Pass         ; Inapplicable ; Pass         ; Inapplicable ; Inapplicable ; Inapplicable ; Inapplicable ; Pass         ; Inapplicable ; Inapplicable ; Inapplicable ; Inapplicable ; Pass         ; Pass      ; Pass      ; Inapplicable ;
; dram_dq[3]              ; Inapplicable ; Pass      ; Pass      ; Inapplicable ; Inapplicable ; Pass      ; Pass      ; Inapplicable ; Inapplicable ; Inapplicable ; Inapplicable ; Inapplicable ; Pass         ; Inapplicable ; Pass         ; Inapplicable ; Inapplicable ; Inapplicable ; Inapplicable ; Pass         ; Inapplicable ; Inapplicable ; Inapplicable ; Inapplicable ; Pass         ; Pass      ; Pass      ; Inapplicable ;
; dram_dq[4]              ; Inapplicable ; Pass      ; Pass      ; Inapplicable ; Inapplicable ; Pass      ; Pass      ; Inapplicable ; Inapplicable ; Inapplicable ; Inapplicable ; Inapplicable ; Pass         ; Inapplicable ; Pass         ; Inapplicable ; Inapplicable ; Inapplicable ; Inapplicable ; Pass         ; Inapplicable ; Inapplicable ; Inapplicable ; Inapplicable ; Pass         ; Pass      ; Pass      ; Inapplicable ;
; dram_dq[5]              ; Inapplicable ; Pass      ; Pass      ; Inapplicable ; Inapplicable ; Pass      ; Pass      ; Inapplicable ; Inapplicable ; Inapplicable ; Inapplicable ; Inapplicable ; Pass         ; Inapplicable ; Pass         ; Inapplicable ; Inapplicable ; Inapplicable ; Inapplicable ; Pass         ; Inapplicable ; Inapplicable ; Inapplicable ; Inapplicable ; Pass         ; Pass      ; Pass      ; Inapplicable ;
; dram_dq[6]              ; Inapplicable ; Pass      ; Pass      ; Inapplicable ; Inapplicable ; Pass      ; Pass      ; Inapplicable ; Inapplicable ; Inapplicable ; Inapplicable ; Inapplicable ; Pass         ; Inapplicable ; Pass         ; Inapplicable ; Inapplicable ; Inapplicable ; Inapplicable ; Pass         ; Inapplicable ; Inapplicable ; Inapplicable ; Inapplicable ; Pass         ; Pass      ; Pass      ; Inapplicable ;
; dram_dq[7]              ; Inapplicable ; Pass      ; Pass      ; Inapplicable ; Inapplicable ; Pass      ; Pass      ; Inapplicable ; Inapplicable ; Inapplicable ; Inapplicable ; Inapplicable ; Pass         ; Inapplicable ; Pass         ; Inapplicable ; Inapplicable ; Inapplicable ; Inapplicable ; Pass         ; Inapplicable ; Inapplicable ; Inapplicable ; Inapplicable ; Pass         ; Pass      ; Pass      ; Inapplicable ;
; dram_dq[8]              ; Inapplicable ; Pass      ; Pass      ; Inapplicable ; Inapplicable ; Pass      ; Pass      ; Inapplicable ; Inapplicable ; Inapplicable ; Inapplicable ; Inapplicable ; Pass         ; Inapplicable ; Pass         ; Inapplicable ; Inapplicable ; Inapplicable ; Inapplicable ; Pass         ; Inapplicable ; Inapplicable ; Inapplicable ; Inapplicable ; Pass         ; Pass      ; Pass      ; Inapplicable ;
; dram_dq[9]              ; Inapplicable ; Pass      ; Pass      ; Inapplicable ; Inapplicable ; Pass      ; Pass      ; Inapplicable ; Inapplicable ; Inapplicable ; Inapplicable ; Inapplicable ; Pass         ; Inapplicable ; Pass         ; Inapplicable ; Inapplicable ; Inapplicable ; Inapplicable ; Pass         ; Inapplicable ; Inapplicable ; Inapplicable ; Inapplicable ; Pass         ; Pass      ; Pass      ; Inapplicable ;
; dram_dq[10]             ; Inapplicable ; Pass      ; Pass      ; Inapplicable ; Inapplicable ; Pass      ; Pass      ; Inapplicable ; Inapplicable ; Inapplicable ; Inapplicable ; Inapplicable ; Pass         ; Inapplicable ; Pass         ; Inapplicable ; Inapplicable ; Inapplicable ; Inapplicable ; Pass         ; Inapplicable ; Inapplicable ; Inapplicable ; Inapplicable ; Pass         ; Pass      ; Pass      ; Inapplicable ;
; dram_dq[11]             ; Inapplicable ; Pass      ; Pass      ; Inapplicable ; Inapplicable ; Pass      ; Pass      ; Inapplicable ; Inapplicable ; Inapplicable ; Inapplicable ; Inapplicable ; Pass         ; Inapplicable ; Pass         ; Inapplicable ; Inapplicable ; Inapplicable ; Inapplicable ; Pass         ; Inapplicable ; Inapplicable ; Inapplicable ; Inapplicable ; Pass         ; Pass      ; Pass      ; Inapplicable ;
; dram_dq[12]             ; Inapplicable ; Pass      ; Pass      ; Inapplicable ; Inapplicable ; Pass      ; Pass      ; Inapplicable ; Inapplicable ; Inapplicable ; Inapplicable ; Inapplicable ; Pass         ; Inapplicable ; Pass         ; Inapplicable ; Inapplicable ; Inapplicable ; Inapplicable ; Pass         ; Inapplicable ; Inapplicable ; Inapplicable ; Inapplicable ; Pass         ; Pass      ; Pass      ; Inapplicable ;
; dram_dq[13]             ; Inapplicable ; Pass      ; Pass      ; Inapplicable ; Inapplicable ; Pass      ; Pass      ; Inapplicable ; Inapplicable ; Inapplicable ; Inapplicable ; Inapplicable ; Pass         ; Inapplicable ; Pass         ; Inapplicable ; Inapplicable ; Inapplicable ; Inapplicable ; Pass         ; Inapplicable ; Inapplicable ; Inapplicable ; Inapplicable ; Pass         ; Pass      ; Pass      ; Inapplicable ;
; dram_dq[14]             ; Inapplicable ; Pass      ; Pass      ; Inapplicable ; Inapplicable ; Pass      ; Pass      ; Inapplicable ; Inapplicable ; Inapplicable ; Inapplicable ; Inapplicable ; Pass         ; Inapplicable ; Pass         ; Inapplicable ; Inapplicable ; Inapplicable ; Inapplicable ; Pass         ; Inapplicable ; Inapplicable ; Inapplicable ; Inapplicable ; Pass         ; Pass      ; Pass      ; Inapplicable ;
; dram_dq[15]             ; Inapplicable ; Pass      ; Pass      ; Inapplicable ; Inapplicable ; Pass      ; Pass      ; Inapplicable ; Inapplicable ; Inapplicable ; Inapplicable ; Inapplicable ; Pass         ; Inapplicable ; Pass         ; Inapplicable ; Inapplicable ; Inapplicable ; Inapplicable ; Pass         ; Inapplicable ; Inapplicable ; Inapplicable ; Inapplicable ; Pass         ; Pass      ; Pass      ; Inapplicable ;
; sram_dq[0]              ; Inapplicable ; Pass      ; Pass      ; Inapplicable ; Inapplicable ; Pass      ; Pass      ; Inapplicable ; Inapplicable ; Inapplicable ; Inapplicable ; Inapplicable ; Inapplicable ; Inapplicable ; Pass         ; Inapplicable ; Inapplicable ; Inapplicable ; Inapplicable ; Inapplicable ; Inapplicable ; Inapplicable ; Inapplicable ; Inapplicable ; Inapplicable ; Pass      ; Pass      ; Inapplicable ;
; sram_dq[1]              ; Inapplicable ; Pass      ; Pass      ; Inapplicable ; Inapplicable ; Pass      ; Pass      ; Inapplicable ; Inapplicable ; Inapplicable ; Inapplicable ; Inapplicable ; Inapplicable ; Inapplicable ; Pass         ; Inapplicable ; Inapplicable ; Inapplicable ; Inapplicable ; Inapplicable ; Inapplicable ; Inapplicable ; Inapplicable ; Inapplicable ; Inapplicable ; Pass      ; Pass      ; Inapplicable ;
; sram_dq[2]              ; Inapplicable ; Pass      ; Pass      ; Inapplicable ; Inapplicable ; Pass      ; Pass      ; Inapplicable ; Inapplicable ; Inapplicable ; Inapplicable ; Inapplicable ; Inapplicable ; Inapplicable ; Pass         ; Inapplicable ; Inapplicable ; Inapplicable ; Inapplicable ; Inapplicable ; Inapplicable ; Inapplicable ; Inapplicable ; Inapplicable ; Inapplicable ; Pass      ; Pass      ; Inapplicable ;
; sram_dq[3]              ; Inapplicable ; Pass      ; Pass      ; Inapplicable ; Inapplicable ; Pass      ; Pass      ; Inapplicable ; Inapplicable ; Inapplicable ; Inapplicable ; Inapplicable ; Inapplicable ; Inapplicable ; Pass         ; Inapplicable ; Inapplicable ; Inapplicable ; Inapplicable ; Inapplicable ; Inapplicable ; Inapplicable ; Inapplicable ; Inapplicable ; Inapplicable ; Pass      ; Pass      ; Inapplicable ;
; sram_dq[4]              ; Inapplicable ; Pass      ; Pass      ; Inapplicable ; Inapplicable ; Pass      ; Pass      ; Inapplicable ; Inapplicable ; Inapplicable ; Inapplicable ; Inapplicable ; Inapplicable ; Inapplicable ; Pass         ; Inapplicable ; Inapplicable ; Inapplicable ; Inapplicable ; Inapplicable ; Inapplicable ; Inapplicable ; Inapplicable ; Inapplicable ; Inapplicable ; Pass      ; Pass      ; Inapplicable ;
; sram_dq[5]              ; Inapplicable ; Pass      ; Pass      ; Inapplicable ; Inapplicable ; Pass      ; Pass      ; Inapplicable ; Inapplicable ; Inapplicable ; Inapplicable ; Inapplicable ; Inapplicable ; Inapplicable ; Pass         ; Inapplicable ; Inapplicable ; Inapplicable ; Inapplicable ; Inapplicable ; Inapplicable ; Inapplicable ; Inapplicable ; Inapplicable ; Inapplicable ; Pass      ; Pass      ; Inapplicable ;
; sram_dq[6]              ; Inapplicable ; Pass      ; Pass      ; Inapplicable ; Inapplicable ; Pass      ; Pass      ; Inapplicable ; Inapplicable ; Inapplicable ; Inapplicable ; Inapplicable ; Inapplicable ; Inapplicable ; Pass         ; Inapplicable ; Inapplicable ; Inapplicable ; Inapplicable ; Inapplicable ; Inapplicable ; Inapplicable ; Inapplicable ; Inapplicable ; Inapplicable ; Pass      ; Pass      ; Inapplicable ;
; sram_dq[7]              ; Inapplicable ; Pass      ; Pass      ; Inapplicable ; Inapplicable ; Pass      ; Pass      ; Inapplicable ; Inapplicable ; Inapplicable ; Inapplicable ; Inapplicable ; Inapplicable ; Inapplicable ; Pass         ; Inapplicable ; Inapplicable ; Inapplicable ; Inapplicable ; Inapplicable ; Inapplicable ; Inapplicable ; Inapplicable ; Inapplicable ; Inapplicable ; Pass      ; Pass      ; Inapplicable ;
; sram_dq[8]              ; Inapplicable ; Pass      ; Pass      ; Inapplicable ; Inapplicable ; Pass      ; Pass      ; Inapplicable ; Inapplicable ; Inapplicable ; Inapplicable ; Inapplicable ; Inapplicable ; Inapplicable ; Pass         ; Inapplicable ; Inapplicable ; Inapplicable ; Inapplicable ; Inapplicable ; Inapplicable ; Inapplicable ; Inapplicable ; Inapplicable ; Inapplicable ; Pass      ; Pass      ; Inapplicable ;
; sram_dq[9]              ; Inapplicable ; Pass      ; Pass      ; Inapplicable ; Inapplicable ; Pass      ; Pass      ; Inapplicable ; Inapplicable ; Inapplicable ; Inapplicable ; Inapplicable ; Inapplicable ; Inapplicable ; Pass         ; Inapplicable ; Inapplicable ; Inapplicable ; Inapplicable ; Inapplicable ; Inapplicable ; Inapplicable ; Inapplicable ; Inapplicable ; Inapplicable ; Pass      ; Pass      ; Inapplicable ;
; sram_dq[10]             ; Inapplicable ; Pass      ; Pass      ; Inapplicable ; Inapplicable ; Pass      ; Pass      ; Inapplicable ; Inapplicable ; Inapplicable ; Inapplicable ; Inapplicable ; Inapplicable ; Inapplicable ; Pass         ; Inapplicable ; Inapplicable ; Inapplicable ; Inapplicable ; Inapplicable ; Inapplicable ; Inapplicable ; Inapplicable ; Inapplicable ; Inapplicable ; Pass      ; Pass      ; Inapplicable ;
; sram_dq[11]             ; Inapplicable ; Pass      ; Pass      ; Inapplicable ; Inapplicable ; Pass      ; Pass      ; Inapplicable ; Inapplicable ; Inapplicable ; Inapplicable ; Inapplicable ; Inapplicable ; Inapplicable ; Pass         ; Inapplicable ; Inapplicable ; Inapplicable ; Inapplicable ; Inapplicable ; Inapplicable ; Inapplicable ; Inapplicable ; Inapplicable ; Inapplicable ; Pass      ; Pass      ; Inapplicable ;
; sram_dq[12]             ; Inapplicable ; Pass      ; Pass      ; Inapplicable ; Inapplicable ; Pass      ; Pass      ; Inapplicable ; Inapplicable ; Inapplicable ; Inapplicable ; Inapplicable ; Inapplicable ; Inapplicable ; Pass         ; Inapplicable ; Inapplicable ; Inapplicable ; Inapplicable ; Inapplicable ; Inapplicable ; Inapplicable ; Inapplicable ; Inapplicable ; Inapplicable ; Pass      ; Pass      ; Inapplicable ;
; sram_dq[13]             ; Inapplicable ; Pass      ; Pass      ; Inapplicable ; Inapplicable ; Pass      ; Pass      ; Inapplicable ; Inapplicable ; Inapplicable ; Inapplicable ; Inapplicable ; Inapplicable ; Inapplicable ; Pass         ; Inapplicable ; Inapplicable ; Inapplicable ; Inapplicable ; Inapplicable ; Inapplicable ; Inapplicable ; Inapplicable ; Inapplicable ; Inapplicable ; Pass      ; Pass      ; Inapplicable ;
; sram_dq[14]             ; Inapplicable ; Pass      ; Pass      ; Inapplicable ; Inapplicable ; Pass      ; Pass      ; Inapplicable ; Inapplicable ; Inapplicable ; Inapplicable ; Inapplicable ; Inapplicable ; Inapplicable ; Pass         ; Inapplicable ; Inapplicable ; Inapplicable ; Inapplicable ; Inapplicable ; Inapplicable ; Inapplicable ; Inapplicable ; Inapplicable ; Inapplicable ; Pass      ; Pass      ; Inapplicable ;
; sram_dq[15]             ; Inapplicable ; Pass      ; Pass      ; Inapplicable ; Inapplicable ; Pass      ; Pass      ; Inapplicable ; Inapplicable ; Inapplicable ; Inapplicable ; Inapplicable ; Inapplicable ; Inapplicable ; Pass         ; Inapplicable ; Inapplicable ; Inapplicable ; Inapplicable ; Inapplicable ; Inapplicable ; Inapplicable ; Inapplicable ; Inapplicable ; Inapplicable ; Pass      ; Pass      ; Inapplicable ;
; bist                    ; Inapplicable ; Pass      ; Pass      ; Inapplicable ; Inapplicable ; Pass      ; Pass      ; Inapplicable ; Inapplicable ; Inapplicable ; Inapplicable ; Inapplicable ; Inapplicable ; Inapplicable ; Pass         ; Inapplicable ; Inapplicable ; Inapplicable ; Inapplicable ; Inapplicable ; Inapplicable ; Inapplicable ; Inapplicable ; Inapplicable ; Inapplicable ; Pass      ; Pass      ; Inapplicable ;
; aux_sda                 ; Inapplicable ; Pass      ; Pass      ; Inapplicable ; Inapplicable ; Pass      ; Pass      ; Inapplicable ; Inapplicable ; Inapplicable ; Inapplicable ; Inapplicable ; Pass         ; Inapplicable ; Pass         ; Inapplicable ; Inapplicable ; Inapplicable ; Inapplicable ; Pass         ; Inapplicable ; Inapplicable ; Inapplicable ; Inapplicable ; Pass         ; Pass      ; Pass      ; Inapplicable ;
; clk_74a                 ; Inapplicable ; Pass      ; Pass      ; Inapplicable ; Inapplicable ; Pass      ; Pass      ; Inapplicable ; Inapplicable ; Inapplicable ; Inapplicable ; Inapplicable ; Inapplicable ; Inapplicable ; Inapplicable ; Inapplicable ; Inapplicable ; Inapplicable ; Inapplicable ; Inapplicable ; Inapplicable ; Inapplicable ; Inapplicable ; Inapplicable ; Inapplicable ; Pass      ; Pass      ; Inapplicable ;
; bridge_spiss            ; Inapplicable ; Pass      ; Pass      ; Inapplicable ; Inapplicable ; Pass      ; Pass      ; Inapplicable ; Inapplicable ; Inapplicable ; Inapplicable ; Inapplicable ; Inapplicable ; Inapplicable ; Inapplicable ; Inapplicable ; Inapplicable ; Inapplicable ; Inapplicable ; Inapplicable ; Inapplicable ; Inapplicable ; Inapplicable ; Inapplicable ; Inapplicable ; Pass      ; Pass      ; Inapplicable ;
+-------------------------+--------------+-----------+-----------+--------------+--------------+-----------+-----------+--------------+--------------+--------------+--------------+--------------+--------------+--------------+--------------+--------------+--------------+--------------+--------------+--------------+--------------+--------------+--------------+--------------+--------------+-----------+-----------+--------------+


+------------------------------------------------------------------------------------------------+
; Fitter Device Options                                                                          ;
+------------------------------------------------------------------+-----------------------------+
; Option                                                           ; Setting                     ;
+------------------------------------------------------------------+-----------------------------+
; Enable user-supplied start-up clock (CLKUSR)                     ; Off                         ;
; Enable device-wide reset (DEV_CLRn)                              ; Off                         ;
; Enable device-wide output enable (DEV_OE)                        ; Off                         ;
; Enable INIT_DONE output                                          ; Off                         ;
; Configuration scheme                                             ; Passive Serial              ;
; Enable Error Detection CRC_ERROR pin                             ; Off                         ;
; Enable CvP_CONFDONE pin                                          ; Off                         ;
; Enable open drain on CRC_ERROR pin                               ; On                          ;
; Enable open drain on CvP_CONFDONE pin                            ; On                          ;
; Enable open drain on INIT_DONE pin                               ; On                          ;
; Enable open drain on Partial Reconfiguration pins                ; Off                         ;
; Enable open drain on nCEO pin                                    ; On                          ;
; Enable Partial Reconfiguration pins                              ; Off                         ;
; Enable input tri-state on active configuration pins in user mode ; Off                         ;
; Enable internal scrubbing                                        ; Off                         ;
; Active Serial clock source                                       ; 100 MHz Internal Oscillator ;
; Device initialization clock source                               ; Internal Oscillator         ;
; Configuration via Protocol                                       ; Off                         ;
; Configuration Voltage Level                                      ; Auto                        ;
; Force Configuration Voltage Level                                ; Off                         ;
; Enable nCEO output                                               ; Off                         ;
; Data[15..8]                                                      ; Unreserved                  ;
; Data[7..5]                                                       ; Unreserved                  ;
; Base pin-out file on sameframe device                            ; Off                         ;
+------------------------------------------------------------------+-----------------------------+


+------------------------------------+
; Operating Settings and Conditions  ;
+---------------------------+--------+
; Setting                   ; Value  ;
+---------------------------+--------+
; Nominal Core Voltage      ; 1.10 V ;
; Low Junction Temperature  ; 0 °C   ;
; High Junction Temperature ; 85 °C  ;
+---------------------------+--------+


+------------------------------------------------------------+
; Estimated Delay Added for Hold Timing Summary              ;
+-----------------+----------------------+-------------------+
; Source Clock(s) ; Destination Clock(s) ; Delay Added in ns ;
+-----------------+----------------------+-------------------+
; clk_74a         ; clk_74a              ; 122.1             ;
; bridge_spiclk   ; bridge_spiclk        ; 3.7               ;
+-----------------+----------------------+-------------------+
Note: For more information on problematic transfers, consider running the Fitter again with the Optimize hold timing option (Settings Menu) turned off.
This will disable optimization of problematic paths and expose them for further analysis using the Timing Analyzer.


+---------------------------------------------------------------------------------------------------------------------------------------------------------------------------------------------------------------------------------------------------------------------------------+
; Estimated Delay Added for Hold Timing Details                                                                                                                                                                                                                                   ;
+------------------------------------------------------------------------------------------------------------------------------+------------------------------------------------------------------------------------------------------------------------------+-------------------+
; Source Register                                                                                                              ; Destination Register                                                                                                         ; Delay Added in ns ;
+------------------------------------------------------------------------------------------------------------------------------+------------------------------------------------------------------------------------------------------------------------------+-------------------+
; count[0]                                                                                                                     ; count[14]                                                                                                                    ; 0.604             ;
; core_top:ic|lab_probe:probe|completed[1]                                                                                     ; core_top:ic|lab_probe:probe|completed[31]                                                                                    ; 0.590             ;
; core_top:ic|lab_probe:probe|tx_mem[12][17]                                                                                   ; core_top:ic|lab_probe:probe|tx_q[17]                                                                                         ; 0.508             ;
; core_top:ic|lab_probe:probe|tx_mem[13][17]                                                                                   ; core_top:ic|lab_probe:probe|tx_q[17]                                                                                         ; 0.508             ;
; core_top:ic|lab_probe:probe|tx_mem[14][17]                                                                                   ; core_top:ic|lab_probe:probe|tx_q[17]                                                                                         ; 0.508             ;
; core_top:ic|lab_probe:probe|tx_mem[15][17]                                                                                   ; core_top:ic|lab_probe:probe|tx_q[17]                                                                                         ; 0.508             ;
; io_bridge_peripheral:ibs|pmp_addr[2]                                                                                         ; core_top:ic|lab_probe:probe|tx_q[17]                                                                                         ; 0.508             ;
; io_bridge_peripheral:ibs|pmp_addr[3]                                                                                         ; core_top:ic|lab_probe:probe|tx_q[17]                                                                                         ; 0.508             ;
; core_top:ic|lab_probe:probe|rx_mem[7][6]                                                                                     ; core_top:ic|lab_probe:probe|rx_q[6]                                                                                          ; 0.495             ;
; core_top:ic|lab_probe:probe|rx_mem[11][6]                                                                                    ; core_top:ic|lab_probe:probe|rx_q[6]                                                                                          ; 0.495             ;
; core_top:ic|lab_probe:probe|rx_mem[15][6]                                                                                    ; core_top:ic|lab_probe:probe|rx_q[6]                                                                                          ; 0.495             ;
; core_top:ic|lab_probe:probe|rx_mem[3][6]                                                                                     ; core_top:ic|lab_probe:probe|rx_q[6]                                                                                          ; 0.495             ;
; io_bridge_peripheral:ibs|pmp_addr[5]                                                                                         ; core_top:ic|lab_probe:probe|rx_q[6]                                                                                          ; 0.495             ;
; io_bridge_peripheral:ibs|pmp_addr[4]                                                                                         ; core_top:ic|lab_probe:probe|rx_q[6]                                                                                          ; 0.495             ;
; core_top:ic|lab_probe:probe|rx_mem[2][0]                                                                                     ; core_top:ic|lab_probe:probe|rx_q[0]                                                                                          ; 0.492             ;
; core_top:ic|lab_probe:probe|rx_mem[6][0]                                                                                     ; core_top:ic|lab_probe:probe|rx_q[0]                                                                                          ; 0.492             ;
; core_top:ic|lab_probe:probe|rx_mem[10][0]                                                                                    ; core_top:ic|lab_probe:probe|rx_q[0]                                                                                          ; 0.492             ;
; core_top:ic|lab_probe:probe|rx_mem[14][0]                                                                                    ; core_top:ic|lab_probe:probe|rx_q[0]                                                                                          ; 0.492             ;
; core_top:ic|lab_probe:probe|tx_mem[0][26]                                                                                    ; core_top:ic|lab_probe:probe|tx_q[26]                                                                                         ; 0.486             ;
; core_top:ic|lab_probe:probe|tx_mem[4][26]                                                                                    ; core_top:ic|lab_probe:probe|tx_q[26]                                                                                         ; 0.486             ;
; core_top:ic|lab_probe:probe|tx_mem[1][26]                                                                                    ; core_top:ic|lab_probe:probe|tx_q[26]                                                                                         ; 0.486             ;
; core_top:ic|lab_probe:probe|tx_mem[5][26]                                                                                    ; core_top:ic|lab_probe:probe|tx_q[26]                                                                                         ; 0.486             ;
; core_top:ic|lab_probe:probe|rx_mem[7][2]                                                                                     ; core_top:ic|lab_probe:probe|rx_q[2]                                                                                          ; 0.485             ;
; core_top:ic|lab_probe:probe|rx_mem[11][2]                                                                                    ; core_top:ic|lab_probe:probe|rx_q[2]                                                                                          ; 0.485             ;
; core_top:ic|lab_probe:probe|tx_mem[8][19]                                                                                    ; core_top:ic|lab_probe:probe|tx_q[19]                                                                                         ; 0.485             ;
; core_top:ic|lab_probe:probe|tx_mem[9][19]                                                                                    ; core_top:ic|lab_probe:probe|tx_q[19]                                                                                         ; 0.485             ;
; core_top:ic|lab_probe:probe|tx_mem[10][19]                                                                                   ; core_top:ic|lab_probe:probe|tx_q[19]                                                                                         ; 0.485             ;
; core_top:ic|lab_probe:probe|tx_mem[11][19]                                                                                   ; core_top:ic|lab_probe:probe|tx_q[19]                                                                                         ; 0.485             ;
; core_top:ic|lab_probe:probe|rx_mem[15][2]                                                                                    ; core_top:ic|lab_probe:probe|rx_q[2]                                                                                          ; 0.485             ;
; core_top:ic|lab_probe:probe|rx_mem[3][2]                                                                                     ; core_top:ic|lab_probe:probe|rx_q[2]                                                                                          ; 0.485             ;
; core_top:ic|lab_probe:probe|tx_mem[0][16]                                                                                    ; core_top:ic|lab_probe:probe|tx_q[16]                                                                                         ; 0.479             ;
; core_top:ic|lab_probe:probe|tx_mem[2][16]                                                                                    ; core_top:ic|lab_probe:probe|tx_q[16]                                                                                         ; 0.479             ;
; core_top:ic|lab_probe:probe|tx_mem[1][16]                                                                                    ; core_top:ic|lab_probe:probe|tx_q[16]                                                                                         ; 0.479             ;
; core_top:ic|lab_probe:probe|tx_mem[3][16]                                                                                    ; core_top:ic|lab_probe:probe|tx_q[16]                                                                                         ; 0.479             ;
; core_top:ic|lab_probe:probe|rx_mem[2][27]                                                                                    ; core_top:ic|lab_probe:probe|rx_q[27]                                                                                         ; 0.477             ;
; core_top:ic|lab_probe:probe|rx_mem[10][27]                                                                                   ; core_top:ic|lab_probe:probe|rx_q[27]                                                                                         ; 0.477             ;
; core_top:ic|lab_probe:probe|rx_mem[6][27]                                                                                    ; core_top:ic|lab_probe:probe|rx_q[27]                                                                                         ; 0.477             ;
; core_top:ic|lab_probe:probe|rx_mem[14][27]                                                                                   ; core_top:ic|lab_probe:probe|rx_q[27]                                                                                         ; 0.477             ;
; core_top:ic|lab_probe:probe|tx_mem[10][25]                                                                                   ; core_top:ic|lab_probe:probe|tx_q[25]                                                                                         ; 0.477             ;
; core_top:ic|lab_probe:probe|tx_mem[11][25]                                                                                   ; core_top:ic|lab_probe:probe|tx_q[25]                                                                                         ; 0.477             ;
; core_top:ic|lab_probe:probe|tx_mem[14][25]                                                                                   ; core_top:ic|lab_probe:probe|tx_q[25]                                                                                         ; 0.477             ;
; core_top:ic|lab_probe:probe|tx_mem[15][25]                                                                                   ; core_top:ic|lab_probe:probe|tx_q[25]                                                                                         ; 0.477             ;
; core_top:ic|lab_probe:probe|rx_mem[2][19]                                                                                    ; core_top:ic|lab_probe:probe|rx_q[19]                                                                                         ; 0.473             ;
; core_top:ic|lab_probe:probe|rx_mem[10][19]                                                                                   ; core_top:ic|lab_probe:probe|rx_q[19]                                                                                         ; 0.473             ;
; core_top:ic|lab_probe:probe|rx_mem[6][19]                                                                                    ; core_top:ic|lab_probe:probe|rx_q[19]                                                                                         ; 0.473             ;
; core_top:ic|lab_probe:probe|rx_mem[14][19]                                                                                   ; core_top:ic|lab_probe:probe|rx_q[19]                                                                                         ; 0.473             ;
; core_top:ic|lab_probe:probe|tx_mem[12][9]                                                                                    ; core_top:ic|lab_probe:probe|tx_q[9]                                                                                          ; 0.470             ;
; core_top:ic|lab_probe:probe|tx_mem[13][9]                                                                                    ; core_top:ic|lab_probe:probe|tx_q[9]                                                                                          ; 0.470             ;
; core_top:ic|lab_probe:probe|tx_mem[14][9]                                                                                    ; core_top:ic|lab_probe:probe|tx_q[9]                                                                                          ; 0.470             ;
; core_top:ic|lab_probe:probe|tx_mem[15][9]                                                                                    ; core_top:ic|lab_probe:probe|tx_q[9]                                                                                          ; 0.470             ;
; core_top:ic|lab_probe:probe|tx_mem[0][17]                                                                                    ; core_top:ic|lab_probe:probe|tx_q[17]                                                                                         ; 0.468             ;
; core_top:ic|lab_probe:probe|tx_mem[1][17]                                                                                    ; core_top:ic|lab_probe:probe|tx_q[17]                                                                                         ; 0.468             ;
; core_top:ic|lab_probe:probe|tx_mem[2][17]                                                                                    ; core_top:ic|lab_probe:probe|tx_q[17]                                                                                         ; 0.468             ;
; core_top:ic|lab_probe:probe|tx_mem[3][17]                                                                                    ; core_top:ic|lab_probe:probe|tx_q[17]                                                                                         ; 0.468             ;
; core_top:ic|lab_probe:probe|rx_mem[2][20]                                                                                    ; core_top:ic|lab_probe:probe|rx_q[20]                                                                                         ; 0.460             ;
; core_top:ic|lab_probe:probe|rx_mem[6][20]                                                                                    ; core_top:ic|lab_probe:probe|rx_q[20]                                                                                         ; 0.460             ;
; core_top:ic|lab_probe:probe|rx_mem[10][20]                                                                                   ; core_top:ic|lab_probe:probe|rx_q[20]                                                                                         ; 0.460             ;
; core_top:ic|lab_probe:probe|rx_mem[14][20]                                                                                   ; core_top:ic|lab_probe:probe|rx_q[20]                                                                                         ; 0.460             ;
; core_top:ic|core_bridge_cmd:commands|host_0[0]                                                                               ; core_top:ic|core_bridge_cmd:commands|bridge_rd_data_out[0]                                                                   ; 0.458             ;
; core_top:ic|core_bridge_cmd:commands|bridge_rd_data_out[0]                                                                   ; core_top:ic|core_bridge_cmd:commands|bridge_rd_data_out[0]                                                                   ; 0.458             ;
; core_top:ic|lab_probe:probe|rx_mem[3][8]                                                                                     ; core_top:ic|lab_probe:probe|rx_q[8]                                                                                          ; 0.458             ;
; core_top:ic|lab_probe:probe|rx_mem[7][8]                                                                                     ; core_top:ic|lab_probe:probe|rx_q[8]                                                                                          ; 0.458             ;
; core_top:ic|lab_probe:probe|rx_mem[11][8]                                                                                    ; core_top:ic|lab_probe:probe|rx_q[8]                                                                                          ; 0.458             ;
; core_top:ic|lab_probe:probe|rx_mem[15][8]                                                                                    ; core_top:ic|lab_probe:probe|rx_q[8]                                                                                          ; 0.458             ;
; io_bridge_peripheral:ibs|pmp_addr[7]                                                                                         ; core_top:ic|core_bridge_cmd:commands|bridge_rd_data_out[0]                                                                   ; 0.458             ;
; core_top:ic|synch_3:display_sync|altshift_taps:stage_1_rtl_0|shift_taps_f0v:auto_generated|cntr_ohf:cntr1|counter_reg_bit[1] ; core_top:ic|synch_3:display_sync|altshift_taps:stage_1_rtl_0|shift_taps_f0v:auto_generated|dffe3a[1]                         ; 0.455             ;
; core_top:ic|lab_probe:probe|tx_mem[0][2]                                                                                     ; core_top:ic|lab_probe:probe|tx_q[2]                                                                                          ; 0.454             ;
; core_top:ic|lab_probe:probe|tx_mem[2][2]                                                                                     ; core_top:ic|lab_probe:probe|tx_q[2]                                                                                          ; 0.454             ;
; core_top:ic|lab_probe:probe|tx_mem[1][2]                                                                                     ; core_top:ic|lab_probe:probe|tx_q[2]                                                                                          ; 0.454             ;
; core_top:ic|lab_probe:probe|tx_mem[3][2]                                                                                     ; core_top:ic|lab_probe:probe|tx_q[2]                                                                                          ; 0.454             ;
; core_top:ic|lab_probe:probe|rx_mem[2][22]                                                                                    ; core_top:ic|lab_probe:probe|rx_q[22]                                                                                         ; 0.452             ;
; core_top:ic|lab_probe:probe|rx_mem[6][22]                                                                                    ; core_top:ic|lab_probe:probe|rx_q[22]                                                                                         ; 0.452             ;
; core_top:ic|lab_probe:probe|rx_mem[10][22]                                                                                   ; core_top:ic|lab_probe:probe|rx_q[22]                                                                                         ; 0.452             ;
; core_top:ic|lab_probe:probe|rx_mem[14][22]                                                                                   ; core_top:ic|lab_probe:probe|rx_q[22]                                                                                         ; 0.452             ;
; core_top:ic|core_bridge_cmd:commands|bridge_rd_data_out[15]                                                                  ; io_bridge_peripheral:ibs|spis_word_tx[15]                                                                                    ; 0.451             ;
; io_bridge_peripheral:ibs|spis_count[0]                                                                                       ; io_bridge_peripheral:ibs|spis_count[2]                                                                                       ; 0.451             ;
; io_pad_controller:ipm|tr_state.TR_TX_CONTINUE                                                                                ; io_pad_controller:ipm|tr_bit[0]                                                                                              ; 0.448             ;
; io_pad_controller:ipm|tr_bit[1]                                                                                              ; io_pad_controller:ipm|tr_bit[3]                                                                                              ; 0.446             ;
; core_top:ic|lab_probe:probe|rx_mem[0][0]                                                                                     ; core_top:ic|lab_probe:probe|rx_q[0]                                                                                          ; 0.446             ;
; core_top:ic|lab_probe:probe|rx_mem[4][0]                                                                                     ; core_top:ic|lab_probe:probe|rx_q[0]                                                                                          ; 0.446             ;
; core_top:ic|lab_probe:probe|rx_mem[8][0]                                                                                     ; core_top:ic|lab_probe:probe|rx_q[0]                                                                                          ; 0.446             ;
; core_top:ic|lab_probe:probe|rx_mem[12][0]                                                                                    ; core_top:ic|lab_probe:probe|rx_q[0]                                                                                          ; 0.446             ;
; core_top:ic|lab_probe:probe|rx_mem[0][20]                                                                                    ; core_top:ic|lab_probe:probe|rx_q[20]                                                                                         ; 0.444             ;
; core_top:ic|lab_probe:probe|rx_mem[4][20]                                                                                    ; core_top:ic|lab_probe:probe|rx_q[20]                                                                                         ; 0.444             ;
; core_top:ic|lab_probe:probe|rx_mem[8][20]                                                                                    ; core_top:ic|lab_probe:probe|rx_q[20]                                                                                         ; 0.444             ;
; core_top:ic|lab_probe:probe|rx_mem[12][20]                                                                                   ; core_top:ic|lab_probe:probe|rx_q[20]                                                                                         ; 0.444             ;
; core_top:ic|lab_probe:probe|wr_previous                                                                                      ; core_top:ic|lab_probe:probe|is_read                                                                                          ; 0.442             ;
; core_top:ic|lab_probe:probe|tx_mem[8][18]                                                                                    ; core_top:ic|lab_probe:probe|tx_q[18]                                                                                         ; 0.441             ;
; core_top:ic|lab_probe:probe|tx_mem[10][18]                                                                                   ; core_top:ic|lab_probe:probe|tx_q[18]                                                                                         ; 0.441             ;
; core_top:ic|lab_probe:probe|tx_mem[9][18]                                                                                    ; core_top:ic|lab_probe:probe|tx_q[18]                                                                                         ; 0.441             ;
; core_top:ic|lab_probe:probe|tx_mem[11][18]                                                                                   ; core_top:ic|lab_probe:probe|tx_q[18]                                                                                         ; 0.441             ;
; core_top:ic|lab_probe:probe|rx_mem[1][9]                                                                                     ; core_top:ic|lab_probe:probe|rx_q[9]                                                                                          ; 0.441             ;
; core_top:ic|lab_probe:probe|rx_mem[9][9]                                                                                     ; core_top:ic|lab_probe:probe|rx_q[9]                                                                                          ; 0.441             ;
; core_top:ic|lab_probe:probe|rx_mem[5][9]                                                                                     ; core_top:ic|lab_probe:probe|rx_q[9]                                                                                          ; 0.441             ;
; core_top:ic|lab_probe:probe|rx_mem[13][9]                                                                                    ; core_top:ic|lab_probe:probe|rx_q[9]                                                                                          ; 0.441             ;
; io_bridge_peripheral:ibs|spis.ST_SIDLE                                                                                       ; io_bridge_peripheral:ibs|spis.ST_SEND_N                                                                                      ; 0.440             ;
; core_top:ic|core_bridge_cmd:commands|tstate.TARG_ST_WAITRESULT_DSO                                                           ; core_top:ic|core_bridge_cmd:commands|tstate.TARG_ST_DATASLOTOP                                                               ; 0.439             ;
; core_top:ic|lab_probe:probe|state.PREPARE                                                                                    ; core_top:ic|lab_probe:probe|state.CLEAR_DONE                                                                                 ; 0.437             ;
; core_top:ic|synch_3:display_sync|altshift_taps:stage_1_rtl_0|shift_taps_f0v:auto_generated|cntr_ohf:cntr1|counter_reg_bit[0] ; core_top:ic|synch_3:display_sync|altshift_taps:stage_1_rtl_0|shift_taps_f0v:auto_generated|cntr_ohf:cntr1|counter_reg_bit[1] ; 0.434             ;
; core_top:ic|lab_probe:probe|checksum[18]                                                                                     ; core_top:ic|lab_probe:probe|tx_mem[0][18]                                                                                    ; 0.433             ;
+------------------------------------------------------------------------------------------------------------------------------+------------------------------------------------------------------------------------------------------------------------------+-------------------+
Note: This table only shows the top 100 path(s) that have the largest delay added for hold.


+-----------------+
; Fitter Messages ;
+-----------------+
Info (16303): High Performance Effort optimization mode selected -- timing performance will be prioritized at the potential cost of increased compilation time
    Info (16304): Mode behavior is affected by advanced setting Fitter Effort (default for this mode is Standard Fit)
Info (20032): Parallel compilation is enabled and will use up to 2 processors
Info (119006): Selected device 5CEBA4F23C8 for design "ap_core"
Info (21077): Low junction temperature is 0 degrees C
Info (21077): High junction temperature is 85 degrees C
Warning: RST port on the PLL is not properly connected on instance core_top:ic|mf_pllbase:mp1|mf_pllbase_0002:mf_pllbase_inst|altera_pll:altera_pll_i|general[0].gpll. The reset port on the PLL should be connected. If the PLL loses lock for any reason, you might need to manually reset the PLL in order to re-establish lock to the reference clock. File: /home/taualpha/intelFPGA_lite/25.1std/quartus/libraries/megafunctions/altera_pll.v Line: 749
    Info: Must be connected
Info (171003): Fitter is performing an Auto Fit compilation, which may decrease Fitter effort to reduce compilation time
Warning (292013): Feature LogicLock is only available with a valid subscription license. You can purchase a software subscription to gain full access to this feature.
Warning (15714): Some pins have incomplete I/O assignments. Refer to the I/O Assignment Warnings report for details
Info (176045): Design uses memory blocks. Violating setup or hold times of memory block address registers for either read or write operations could cause memory contents to be corrupted. Make sure that all memory block address registers meet the setup and hold time requirements.
Info (184020): Starting Fitter periphery placement operations
Warning (177007): PLL(s) placed in location FRACTIONALPLL_X54_Y1_N0 do not have a PLL clock to compensate specified - the Fitter will attempt to compensate all PLL clocks
    Info (177008): PLL core_top:ic|mf_pllbase:mp1|mf_pllbase_0002:mf_pllbase_inst|altera_pll:altera_pll_i|general[0].gpll~FRACTIONAL_PLL
Info (11178): Promoted 2 clocks (2 global)
    Info (11162): core_top:ic|mf_pllbase:mp1|mf_pllbase_0002:mf_pllbase_inst|altera_pll:altera_pll_i|outclk_wire[0]~CLKENA0 with 362 fanout uses global clock CLKCTRL_G7
    Info (11162): core_top:ic|mf_pllbase:mp1|mf_pllbase_0002:mf_pllbase_inst|altera_pll:altera_pll_i|outclk_wire[1]~CLKENA0 with 3 fanout uses global clock CLKCTRL_G9
Info (11191): Automatically promoted 2 clocks (2 global)
    Info (11162): clk_74a~inputCLKENA0 with 2014 fanout uses global clock CLKCTRL_G4
    Info (11162): bridge_spiclk~inputCLKENA0 with 19 fanout uses global clock CLKCTRL_G10
        Info (12525): This signal is driven by core routing -- it may be moved during placement to reduce routing delays
Warning (16406): 1 global input pin(s) will use non-dedicated clock routing
    Warning (16407): Source REFCLK I/O is not placed onto a dedicated REFCLK input pin for global clock driver bridge_spiclk~inputCLKENA0, placed at CLKCTRL_G10
        Info (179012): Refclk input I/O pad bridge_spiclk is placed onto PIN_T17
Info (184021): Fitter periphery placement operations ending: elapsed time is 00:00:04
Info (332104): Reading SDC File: 'apf/apf_constraints.sdc'
Info (332110): Deriving PLL clocks
    Info (332110): create_generated_clock -source {ic|mp1|mf_pllbase_inst|altera_pll_i|general[0].gpll~FRACTIONAL_PLL|refclkin} -divide_by 512 -multiply_by 4153 -duty_cycle 50.00 -name {ic|mp1|mf_pllbase_inst|altera_pll_i|general[0].gpll~FRACTIONAL_PLL|vcoph[0]} {ic|mp1|mf_pllbase_inst|altera_pll_i|general[0].gpll~FRACTIONAL_PLL|vcoph[0]}
    Info (332110): create_generated_clock -source {ic|mp1|mf_pllbase_inst|altera_pll_i|general[0].gpll~PLL_OUTPUT_COUNTER|vco0ph[0]} -divide_by 49 -duty_cycle 50.00 -name {ic|mp1|mf_pllbase_inst|altera_pll_i|general[0].gpll~PLL_OUTPUT_COUNTER|divclk} {ic|mp1|mf_pllbase_inst|altera_pll_i|general[0].gpll~PLL_OUTPUT_COUNTER|divclk}
    Info (332110): create_generated_clock -source {ic|mp1|mf_pllbase_inst|altera_pll_i|general[1].gpll~PLL_OUTPUT_COUNTER|vco0ph[0]} -divide_by 49 -phase 90.00 -duty_cycle 50.00 -name {ic|mp1|mf_pllbase_inst|altera_pll_i|general[1].gpll~PLL_OUTPUT_COUNTER|divclk} {ic|mp1|mf_pllbase_inst|altera_pll_i|general[1].gpll~PLL_OUTPUT_COUNTER|divclk}
Info (332104): Reading SDC File: 'core/core_constraints.sdc'
Info (332097): The following timing edges are non-unate.  The Timing Analyzer will assume pos-unate behavior for these edges in the clock network.
    Info (332098): Cell: ic|mp1|mf_pllbase_inst|altera_pll_i|general[0].gpll~FRACTIONAL_PLL  from: refclkin  to: fbclk
    Info (332098): Cell: ic|mp1|mf_pllbase_inst|altera_pll_i|general[0].gpll~PLL_OUTPUT_COUNTER  from: vco0ph[0]  to: divclk
    Info (332098): Cell: ic|mp1|mf_pllbase_inst|altera_pll_i|general[0].gpll~PLL_REFCLK_SELECT  from: clkin[0]  to: clkout
    Info (332098): Cell: ic|mp1|mf_pllbase_inst|altera_pll_i|general[1].gpll~PLL_OUTPUT_COUNTER  from: vco0ph[0]  to: divclk
Info (332143): No user constrained clock uncertainty found in the design. Calling "derive_clock_uncertainty"
Info (332123): Deriving Clock Uncertainty. Please refer to report_sdc in the Timing Analyzer to see clock uncertainties.
Info (332129): Detected timing requirements -- optimizing circuit to achieve only the specified requirements
Info (332111): Found 6 clocks
    Info (332111):   Period   Clock Name
    Info (332111): ======== ============
    Info (332111):   13.468 bridge_spiclk
    Info (332111):   13.468      clk_74a
    Info (332111):   13.468      clk_74b
    Info (332111):    1.660 ic|mp1|mf_pllbase_inst|altera_pll_i|general[0].gpll~FRACTIONAL_PLL|vcoph[0]
    Info (332111):   81.359 ic|mp1|mf_pllbase_inst|altera_pll_i|general[0].gpll~PLL_OUTPUT_COUNTER|divclk
    Info (332111):   81.359 ic|mp1|mf_pllbase_inst|altera_pll_i|general[1].gpll~PLL_OUTPUT_COUNTER|divclk
Info (176233): Starting register packing
Info (176235): Finished register packing
    Extra Info (176219): No registers were packed into other blocks
Info (128000): Starting physical synthesis optimizations for speed
Info (128002): Starting physical synthesis algorithm register retiming
Info (128003): Physical synthesis algorithm register retiming complete: estimated slack improvement of 56 ps
Info (128002): Starting physical synthesis algorithm combinational resynthesis using boolean division
Info (128003): Physical synthesis algorithm combinational resynthesis using boolean division complete: estimated slack improvement of 0 ps
Info (128002): Starting physical synthesis algorithm register retiming
Info (128003): Physical synthesis algorithm register retiming complete: estimated slack improvement of 0 ps
Info (128002): Starting physical synthesis algorithm combinational resynthesis using boolean division
Info (128003): Physical synthesis algorithm combinational resynthesis using boolean division complete: estimated slack improvement of 0 ps
Info (128001): Physical synthesis optimizations for speed complete: elapsed time is 00:00:35
Info (176233): Starting register packing
Info (176235): Finished register packing
    Extra Info (176219): No registers were packed into other blocks
Info (11798): Fitter preparation operations ending: elapsed time is 00:01:49
Info (170189): Fitter placement preparation operations beginning
Info (14951): The Fitter is using Advanced Physical Optimization.
Info (170190): Fitter placement preparation operations ending: elapsed time is 00:01:14
Info (170191): Fitter placement operations beginning
Info (170137): Fitter placement was successful
Info (170192): Fitter placement operations ending: elapsed time is 00:00:14
Info (170193): Fitter routing operations beginning
Info (170195): Router estimated average interconnect usage is 3% of the available device resources
    Info (170196): Router estimated peak interconnect usage is 18% of the available device resources in the region that extends from location X33_Y11 to location X43_Y22
Info (170199): The Fitter performed an Auto Fit compilation.  Optimizations were skipped to reduce compilation time.
    Info (170201): Optimizations that may affect the design's routability were skipped
    Info (170200): Optimizations that may affect the design's timing were skipped
Info (170194): Fitter routing operations ending: elapsed time is 00:01:14
Info (11888): Total time spent on timing analysis during the Fitter is 29.20 seconds.
Info (334003): Started post-fitting delay annotation
Info (334004): Delay annotation completed successfully
Info (334003): Started post-fitting delay annotation
Info (334004): Delay annotation completed successfully
Info (11801): Fitter post-fit operations ending: elapsed time is 00:02:17
Warning (169064): Following 117 pins have no output enable or a GND or VCC output enable - later changes to this connectivity may change fitting results
    Info (169065): Pin cart_tran_bank2[0] has a permanently disabled output enable File: /home/taualpha/card-writing-lab/minimal01-s1/src/fpga/apf/apf_top.v Line: 57
    Info (169065): Pin cart_tran_bank2[1] has a permanently disabled output enable File: /home/taualpha/card-writing-lab/minimal01-s1/src/fpga/apf/apf_top.v Line: 57
    Info (169065): Pin cart_tran_bank2[2] has a permanently disabled output enable File: /home/taualpha/card-writing-lab/minimal01-s1/src/fpga/apf/apf_top.v Line: 57
    Info (169065): Pin cart_tran_bank2[3] has a permanently disabled output enable File: /home/taualpha/card-writing-lab/minimal01-s1/src/fpga/apf/apf_top.v Line: 57
    Info (169065): Pin cart_tran_bank2[4] has a permanently disabled output enable File: /home/taualpha/card-writing-lab/minimal01-s1/src/fpga/apf/apf_top.v Line: 57
    Info (169065): Pin cart_tran_bank2[5] has a permanently disabled output enable File: /home/taualpha/card-writing-lab/minimal01-s1/src/fpga/apf/apf_top.v Line: 57
    Info (169065): Pin cart_tran_bank2[6] has a permanently disabled output enable File: /home/taualpha/card-writing-lab/minimal01-s1/src/fpga/apf/apf_top.v Line: 57
    Info (169065): Pin cart_tran_bank2[7] has a permanently disabled output enable File: /home/taualpha/card-writing-lab/minimal01-s1/src/fpga/apf/apf_top.v Line: 57
    Info (169065): Pin cart_tran_bank3[0] has a permanently disabled output enable File: /home/taualpha/card-writing-lab/minimal01-s1/src/fpga/apf/apf_top.v Line: 61
    Info (169065): Pin cart_tran_bank3[1] has a permanently disabled output enable File: /home/taualpha/card-writing-lab/minimal01-s1/src/fpga/apf/apf_top.v Line: 61
    Info (169065): Pin cart_tran_bank3[2] has a permanently disabled output enable File: /home/taualpha/card-writing-lab/minimal01-s1/src/fpga/apf/apf_top.v Line: 61
    Info (169065): Pin cart_tran_bank3[3] has a permanently disabled output enable File: /home/taualpha/card-writing-lab/minimal01-s1/src/fpga/apf/apf_top.v Line: 61
    Info (169065): Pin cart_tran_bank3[4] has a permanently disabled output enable File: /home/taualpha/card-writing-lab/minimal01-s1/src/fpga/apf/apf_top.v Line: 61
    Info (169065): Pin cart_tran_bank3[5] has a permanently disabled output enable File: /home/taualpha/card-writing-lab/minimal01-s1/src/fpga/apf/apf_top.v Line: 61
    Info (169065): Pin cart_tran_bank3[6] has a permanently disabled output enable File: /home/taualpha/card-writing-lab/minimal01-s1/src/fpga/apf/apf_top.v Line: 61
    Info (169065): Pin cart_tran_bank3[7] has a permanently disabled output enable File: /home/taualpha/card-writing-lab/minimal01-s1/src/fpga/apf/apf_top.v Line: 61
    Info (169065): Pin cart_tran_bank1[0] has a permanently disabled output enable File: /home/taualpha/card-writing-lab/minimal01-s1/src/fpga/apf/apf_top.v Line: 65
    Info (169065): Pin cart_tran_bank1[1] has a permanently disabled output enable File: /home/taualpha/card-writing-lab/minimal01-s1/src/fpga/apf/apf_top.v Line: 65
    Info (169065): Pin cart_tran_bank1[2] has a permanently disabled output enable File: /home/taualpha/card-writing-lab/minimal01-s1/src/fpga/apf/apf_top.v Line: 65
    Info (169065): Pin cart_tran_bank1[3] has a permanently disabled output enable File: /home/taualpha/card-writing-lab/minimal01-s1/src/fpga/apf/apf_top.v Line: 65
    Info (169065): Pin cart_tran_bank1[4] has a permanently disabled output enable File: /home/taualpha/card-writing-lab/minimal01-s1/src/fpga/apf/apf_top.v Line: 65
    Info (169065): Pin cart_tran_bank1[5] has a permanently disabled output enable File: /home/taualpha/card-writing-lab/minimal01-s1/src/fpga/apf/apf_top.v Line: 65
    Info (169065): Pin cart_tran_bank1[6] has a permanently disabled output enable File: /home/taualpha/card-writing-lab/minimal01-s1/src/fpga/apf/apf_top.v Line: 65
    Info (169065): Pin cart_tran_bank1[7] has a permanently disabled output enable File: /home/taualpha/card-writing-lab/minimal01-s1/src/fpga/apf/apf_top.v Line: 65
    Info (169065): Pin cart_tran_bank0[4] has a permanently enabled output enable File: /home/taualpha/card-writing-lab/minimal01-s1/src/fpga/apf/apf_top.v Line: 73
    Info (169065): Pin cart_tran_bank0[5] has a permanently enabled output enable File: /home/taualpha/card-writing-lab/minimal01-s1/src/fpga/apf/apf_top.v Line: 73
    Info (169065): Pin cart_tran_bank0[6] has a permanently enabled output enable File: /home/taualpha/card-writing-lab/minimal01-s1/src/fpga/apf/apf_top.v Line: 73
    Info (169065): Pin cart_tran_bank0[7] has a permanently enabled output enable File: /home/taualpha/card-writing-lab/minimal01-s1/src/fpga/apf/apf_top.v Line: 73
    Info (169065): Pin cart_tran_pin30 has a permanently enabled output enable File: /home/taualpha/card-writing-lab/minimal01-s1/src/fpga/apf/apf_top.v Line: 77
    Info (169065): Pin cart_tran_pin31 has a permanently disabled output enable File: /home/taualpha/card-writing-lab/minimal01-s1/src/fpga/apf/apf_top.v Line: 86
    Info (169065): Pin port_tran_si has a permanently disabled output enable File: /home/taualpha/card-writing-lab/minimal01-s1/src/fpga/apf/apf_top.v Line: 96
    Info (169065): Pin port_tran_so has a permanently disabled output enable File: /home/taualpha/card-writing-lab/minimal01-s1/src/fpga/apf/apf_top.v Line: 98
    Info (169065): Pin port_tran_sck has a permanently disabled output enable File: /home/taualpha/card-writing-lab/minimal01-s1/src/fpga/apf/apf_top.v Line: 100
    Info (169065): Pin port_tran_sd has a permanently disabled output enable File: /home/taualpha/card-writing-lab/minimal01-s1/src/fpga/apf/apf_top.v Line: 102
    Info (169065): Pin scal_vid[0] has a permanently enabled output enable File: /home/taualpha/card-writing-lab/minimal01-s1/src/fpga/apf/apf_top.v Line: 108
    Info (169065): Pin scal_vid[1] has a permanently enabled output enable File: /home/taualpha/card-writing-lab/minimal01-s1/src/fpga/apf/apf_top.v Line: 108
    Info (169065): Pin scal_vid[2] has a permanently enabled output enable File: /home/taualpha/card-writing-lab/minimal01-s1/src/fpga/apf/apf_top.v Line: 108
    Info (169065): Pin scal_vid[3] has a permanently enabled output enable File: /home/taualpha/card-writing-lab/minimal01-s1/src/fpga/apf/apf_top.v Line: 108
    Info (169065): Pin scal_vid[4] has a permanently enabled output enable File: /home/taualpha/card-writing-lab/minimal01-s1/src/fpga/apf/apf_top.v Line: 108
    Info (169065): Pin scal_vid[5] has a permanently enabled output enable File: /home/taualpha/card-writing-lab/minimal01-s1/src/fpga/apf/apf_top.v Line: 108
    Info (169065): Pin scal_vid[6] has a permanently enabled output enable File: /home/taualpha/card-writing-lab/minimal01-s1/src/fpga/apf/apf_top.v Line: 108
    Info (169065): Pin scal_vid[7] has a permanently enabled output enable File: /home/taualpha/card-writing-lab/minimal01-s1/src/fpga/apf/apf_top.v Line: 108
    Info (169065): Pin scal_vid[8] has a permanently enabled output enable File: /home/taualpha/card-writing-lab/minimal01-s1/src/fpga/apf/apf_top.v Line: 108
    Info (169065): Pin scal_vid[9] has a permanently enabled output enable File: /home/taualpha/card-writing-lab/minimal01-s1/src/fpga/apf/apf_top.v Line: 108
    Info (169065): Pin scal_vid[10] has a permanently enabled output enable File: /home/taualpha/card-writing-lab/minimal01-s1/src/fpga/apf/apf_top.v Line: 108
    Info (169065): Pin scal_vid[11] has a permanently enabled output enable File: /home/taualpha/card-writing-lab/minimal01-s1/src/fpga/apf/apf_top.v Line: 108
    Info (169065): Pin scal_clk has a permanently enabled output enable File: /home/taualpha/card-writing-lab/minimal01-s1/src/fpga/apf/apf_top.v Line: 109
    Info (169065): Pin scal_de has a permanently enabled output enable File: /home/taualpha/card-writing-lab/minimal01-s1/src/fpga/apf/apf_top.v Line: 110
    Info (169065): Pin scal_skip has a permanently enabled output enable File: /home/taualpha/card-writing-lab/minimal01-s1/src/fpga/apf/apf_top.v Line: 111
    Info (169065): Pin scal_vs has a permanently enabled output enable File: /home/taualpha/card-writing-lab/minimal01-s1/src/fpga/apf/apf_top.v Line: 112
    Info (169065): Pin scal_hs has a permanently enabled output enable File: /home/taualpha/card-writing-lab/minimal01-s1/src/fpga/apf/apf_top.v Line: 113
    Info (169065): Pin cram0_dq[0] has a permanently disabled output enable File: /home/taualpha/card-writing-lab/minimal01-s1/src/fpga/apf/apf_top.v Line: 134
    Info (169065): Pin cram0_dq[1] has a permanently disabled output enable File: /home/taualpha/card-writing-lab/minimal01-s1/src/fpga/apf/apf_top.v Line: 134
    Info (169065): Pin cram0_dq[2] has a permanently disabled output enable File: /home/taualpha/card-writing-lab/minimal01-s1/src/fpga/apf/apf_top.v Line: 134
    Info (169065): Pin cram0_dq[3] has a permanently disabled output enable File: /home/taualpha/card-writing-lab/minimal01-s1/src/fpga/apf/apf_top.v Line: 134
    Info (169065): Pin cram0_dq[4] has a permanently disabled output enable File: /home/taualpha/card-writing-lab/minimal01-s1/src/fpga/apf/apf_top.v Line: 134
    Info (169065): Pin cram0_dq[5] has a permanently disabled output enable File: /home/taualpha/card-writing-lab/minimal01-s1/src/fpga/apf/apf_top.v Line: 134
    Info (169065): Pin cram0_dq[6] has a permanently disabled output enable File: /home/taualpha/card-writing-lab/minimal01-s1/src/fpga/apf/apf_top.v Line: 134
    Info (169065): Pin cram0_dq[7] has a permanently disabled output enable File: /home/taualpha/card-writing-lab/minimal01-s1/src/fpga/apf/apf_top.v Line: 134
    Info (169065): Pin cram0_dq[8] has a permanently disabled output enable File: /home/taualpha/card-writing-lab/minimal01-s1/src/fpga/apf/apf_top.v Line: 134
    Info (169065): Pin cram0_dq[9] has a permanently disabled output enable File: /home/taualpha/card-writing-lab/minimal01-s1/src/fpga/apf/apf_top.v Line: 134
    Info (169065): Pin cram0_dq[10] has a permanently disabled output enable File: /home/taualpha/card-writing-lab/minimal01-s1/src/fpga/apf/apf_top.v Line: 134
    Info (169065): Pin cram0_dq[11] has a permanently disabled output enable File: /home/taualpha/card-writing-lab/minimal01-s1/src/fpga/apf/apf_top.v Line: 134
    Info (169065): Pin cram0_dq[12] has a permanently disabled output enable File: /home/taualpha/card-writing-lab/minimal01-s1/src/fpga/apf/apf_top.v Line: 134
    Info (169065): Pin cram0_dq[13] has a permanently disabled output enable File: /home/taualpha/card-writing-lab/minimal01-s1/src/fpga/apf/apf_top.v Line: 134
    Info (169065): Pin cram0_dq[14] has a permanently disabled output enable File: /home/taualpha/card-writing-lab/minimal01-s1/src/fpga/apf/apf_top.v Line: 134
    Info (169065): Pin cram0_dq[15] has a permanently disabled output enable File: /home/taualpha/card-writing-lab/minimal01-s1/src/fpga/apf/apf_top.v Line: 134
    Info (169065): Pin cram1_dq[0] has a permanently disabled output enable File: /home/taualpha/card-writing-lab/minimal01-s1/src/fpga/apf/apf_top.v Line: 147
    Info (169065): Pin cram1_dq[1] has a permanently disabled output enable File: /home/taualpha/card-writing-lab/minimal01-s1/src/fpga/apf/apf_top.v Line: 147
    Info (169065): Pin cram1_dq[2] has a permanently disabled output enable File: /home/taualpha/card-writing-lab/minimal01-s1/src/fpga/apf/apf_top.v Line: 147
    Info (169065): Pin cram1_dq[3] has a permanently disabled output enable File: /home/taualpha/card-writing-lab/minimal01-s1/src/fpga/apf/apf_top.v Line: 147
    Info (169065): Pin cram1_dq[4] has a permanently disabled output enable File: /home/taualpha/card-writing-lab/minimal01-s1/src/fpga/apf/apf_top.v Line: 147
    Info (169065): Pin cram1_dq[5] has a permanently disabled output enable File: /home/taualpha/card-writing-lab/minimal01-s1/src/fpga/apf/apf_top.v Line: 147
    Info (169065): Pin cram1_dq[6] has a permanently disabled output enable File: /home/taualpha/card-writing-lab/minimal01-s1/src/fpga/apf/apf_top.v Line: 147
    Info (169065): Pin cram1_dq[7] has a permanently disabled output enable File: /home/taualpha/card-writing-lab/minimal01-s1/src/fpga/apf/apf_top.v Line: 147
    Info (169065): Pin cram1_dq[8] has a permanently disabled output enable File: /home/taualpha/card-writing-lab/minimal01-s1/src/fpga/apf/apf_top.v Line: 147
    Info (169065): Pin cram1_dq[9] has a permanently disabled output enable File: /home/taualpha/card-writing-lab/minimal01-s1/src/fpga/apf/apf_top.v Line: 147
    Info (169065): Pin cram1_dq[10] has a permanently disabled output enable File: /home/taualpha/card-writing-lab/minimal01-s1/src/fpga/apf/apf_top.v Line: 147
    Info (169065): Pin cram1_dq[11] has a permanently disabled output enable File: /home/taualpha/card-writing-lab/minimal01-s1/src/fpga/apf/apf_top.v Line: 147
    Info (169065): Pin cram1_dq[12] has a permanently disabled output enable File: /home/taualpha/card-writing-lab/minimal01-s1/src/fpga/apf/apf_top.v Line: 147
    Info (169065): Pin cram1_dq[13] has a permanently disabled output enable File: /home/taualpha/card-writing-lab/minimal01-s1/src/fpga/apf/apf_top.v Line: 147
    Info (169065): Pin cram1_dq[14] has a permanently disabled output enable File: /home/taualpha/card-writing-lab/minimal01-s1/src/fpga/apf/apf_top.v Line: 147
    Info (169065): Pin cram1_dq[15] has a permanently disabled output enable File: /home/taualpha/card-writing-lab/minimal01-s1/src/fpga/apf/apf_top.v Line: 147
    Info (169065): Pin dram_dq[0] has a permanently disabled output enable File: /home/taualpha/card-writing-lab/minimal01-s1/src/fpga/apf/apf_top.v Line: 164
    Info (169065): Pin dram_dq[1] has a permanently disabled output enable File: /home/taualpha/card-writing-lab/minimal01-s1/src/fpga/apf/apf_top.v Line: 164
    Info (169065): Pin dram_dq[2] has a permanently disabled output enable File: /home/taualpha/card-writing-lab/minimal01-s1/src/fpga/apf/apf_top.v Line: 164
    Info (169065): Pin dram_dq[3] has a permanently disabled output enable File: /home/taualpha/card-writing-lab/minimal01-s1/src/fpga/apf/apf_top.v Line: 164
    Info (169065): Pin dram_dq[4] has a permanently disabled output enable File: /home/taualpha/card-writing-lab/minimal01-s1/src/fpga/apf/apf_top.v Line: 164
    Info (169065): Pin dram_dq[5] has a permanently disabled output enable File: /home/taualpha/card-writing-lab/minimal01-s1/src/fpga/apf/apf_top.v Line: 164
    Info (169065): Pin dram_dq[6] has a permanently disabled output enable File: /home/taualpha/card-writing-lab/minimal01-s1/src/fpga/apf/apf_top.v Line: 164
    Info (169065): Pin dram_dq[7] has a permanently disabled output enable File: /home/taualpha/card-writing-lab/minimal01-s1/src/fpga/apf/apf_top.v Line: 164
    Info (169065): Pin dram_dq[8] has a permanently disabled output enable File: /home/taualpha/card-writing-lab/minimal01-s1/src/fpga/apf/apf_top.v Line: 164
    Info (169065): Pin dram_dq[9] has a permanently disabled output enable File: /home/taualpha/card-writing-lab/minimal01-s1/src/fpga/apf/apf_top.v Line: 164
    Info (169065): Pin dram_dq[10] has a permanently disabled output enable File: /home/taualpha/card-writing-lab/minimal01-s1/src/fpga/apf/apf_top.v Line: 164
    Info (169065): Pin dram_dq[11] has a permanently disabled output enable File: /home/taualpha/card-writing-lab/minimal01-s1/src/fpga/apf/apf_top.v Line: 164
    Info (169065): Pin dram_dq[12] has a permanently disabled output enable File: /home/taualpha/card-writing-lab/minimal01-s1/src/fpga/apf/apf_top.v Line: 164
    Info (169065): Pin dram_dq[13] has a permanently disabled output enable File: /home/taualpha/card-writing-lab/minimal01-s1/src/fpga/apf/apf_top.v Line: 164
    Info (169065): Pin dram_dq[14] has a permanently disabled output enable File: /home/taualpha/card-writing-lab/minimal01-s1/src/fpga/apf/apf_top.v Line: 164
    Info (169065): Pin dram_dq[15] has a permanently disabled output enable File: /home/taualpha/card-writing-lab/minimal01-s1/src/fpga/apf/apf_top.v Line: 164
    Info (169065): Pin sram_dq[0] has a permanently disabled output enable File: /home/taualpha/card-writing-lab/minimal01-s1/src/fpga/apf/apf_top.v Line: 176
    Info (169065): Pin sram_dq[1] has a permanently disabled output enable File: /home/taualpha/card-writing-lab/minimal01-s1/src/fpga/apf/apf_top.v Line: 176
    Info (169065): Pin sram_dq[2] has a permanently disabled output enable File: /home/taualpha/card-writing-lab/minimal01-s1/src/fpga/apf/apf_top.v Line: 176
    Info (169065): Pin sram_dq[3] has a permanently disabled output enable File: /home/taualpha/card-writing-lab/minimal01-s1/src/fpga/apf/apf_top.v Line: 176
    Info (169065): Pin sram_dq[4] has a permanently disabled output enable File: /home/taualpha/card-writing-lab/minimal01-s1/src/fpga/apf/apf_top.v Line: 176
    Info (169065): Pin sram_dq[5] has a permanently disabled output enable File: /home/taualpha/card-writing-lab/minimal01-s1/src/fpga/apf/apf_top.v Line: 176
    Info (169065): Pin sram_dq[6] has a permanently disabled output enable File: /home/taualpha/card-writing-lab/minimal01-s1/src/fpga/apf/apf_top.v Line: 176
    Info (169065): Pin sram_dq[7] has a permanently disabled output enable File: /home/taualpha/card-writing-lab/minimal01-s1/src/fpga/apf/apf_top.v Line: 176
    Info (169065): Pin sram_dq[8] has a permanently disabled output enable File: /home/taualpha/card-writing-lab/minimal01-s1/src/fpga/apf/apf_top.v Line: 176
    Info (169065): Pin sram_dq[9] has a permanently disabled output enable File: /home/taualpha/card-writing-lab/minimal01-s1/src/fpga/apf/apf_top.v Line: 176
    Info (169065): Pin sram_dq[10] has a permanently disabled output enable File: /home/taualpha/card-writing-lab/minimal01-s1/src/fpga/apf/apf_top.v Line: 176
    Info (169065): Pin sram_dq[11] has a permanently disabled output enable File: /home/taualpha/card-writing-lab/minimal01-s1/src/fpga/apf/apf_top.v Line: 176
    Info (169065): Pin sram_dq[12] has a permanently disabled output enable File: /home/taualpha/card-writing-lab/minimal01-s1/src/fpga/apf/apf_top.v Line: 176
    Info (169065): Pin sram_dq[13] has a permanently disabled output enable File: /home/taualpha/card-writing-lab/minimal01-s1/src/fpga/apf/apf_top.v Line: 176
    Info (169065): Pin sram_dq[14] has a permanently disabled output enable File: /home/taualpha/card-writing-lab/minimal01-s1/src/fpga/apf/apf_top.v Line: 176
    Info (169065): Pin sram_dq[15] has a permanently disabled output enable File: /home/taualpha/card-writing-lab/minimal01-s1/src/fpga/apf/apf_top.v Line: 176
    Info (169065): Pin bist has a permanently disabled output enable File: /home/taualpha/card-writing-lab/minimal01-s1/src/fpga/apf/apf_top.v Line: 202
    Info (169065): Pin aux_sda has a permanently disabled output enable File: /home/taualpha/card-writing-lab/minimal01-s1/src/fpga/apf/apf_top.v Line: 208
Info (144001): Generated suppressed messages file /home/taualpha/card-writing-lab/minimal01-s1/src/fpga/output_files/ap_core.fit.smsg
Info: Quartus Prime Fitter was successful. 0 errors, 7 warnings
    Info: Peak virtual memory: 1745 megabytes
    Info: Processing ended: Sun Oct  4 23:26:31 2026
    Info: Elapsed time: 00:09:46
    Info: Total CPU time (on all processors): 00:13:32


+----------------------------+
; Fitter Suppressed Messages ;
+----------------------------+
The suppressed messages can be found in /home/taualpha/card-writing-lab/minimal01-s1/src/fpga/output_files/ap_core.fit.smsg.


