Analysis & Synthesis report for ap_core
Sun Oct  4 23:16:41 2026
Quartus Prime Version 25.1std.0 Build 1129 10/21/2025 SC Lite Edition


---------------------
; Table of Contents ;
---------------------
  1. Legal Notice
  2. Analysis & Synthesis Summary
  3. Analysis & Synthesis Settings
  4. Parallel Compilation
  5. Analysis & Synthesis Source Files Read
  6. Analysis & Synthesis Resource Usage Summary
  7. Analysis & Synthesis Resource Utilization by Entity
  8. Analysis & Synthesis RAM Summary
  9. Analysis & Synthesis IP Cores Summary
 10. State Machine - |apf_top|core_top:ic|lab_probe:probe|state
 11. State Machine - |apf_top|core_top:ic|core_bridge_cmd:commands|tstate
 12. State Machine - |apf_top|core_top:ic|core_bridge_cmd:commands|hstate
 13. State Machine - |apf_top|io_bridge_peripheral:ibs|rx_latch_idx
 14. State Machine - |apf_top|io_bridge_peripheral:ibs|spis
 15. State Machine - |apf_top|io_bridge_peripheral:ibs|state
 16. State Machine - |apf_top|io_pad_controller:ipm|tr_state
 17. State Machine - |apf_top|io_pad_controller:ipm|state
 18. Registers Protected by Synthesis
 19. Registers Removed During Synthesis
 20. Removed Registers Triggering Further Register Optimizations
 21. General Register Statistics
 22. Inverted Register Statistics
 23. Registers Packed Into Inferred Megafunctions
 24. Multiplexer Restructuring Statistics (No Restructuring Performed)
 25. Source assignments for mf_ddio_bidir_12:isco|altddio_bidir:ALTDDIO_BIDIR_component
 26. Source assignments for mf_ddio_bidir_12:isco|altddio_bidir:ALTDDIO_BIDIR_component|ddio_bidir_euo:auto_generated
 27. Source assignments for mf_ddio_bidir_12:iscc|altddio_bidir:ALTDDIO_BIDIR_component
 28. Source assignments for mf_ddio_bidir_12:iscc|altddio_bidir:ALTDDIO_BIDIR_component|ddio_bidir_euo:auto_generated
 29. Source assignments for mf_ddio_bidir_12:isclk|altddio_bidir:ALTDDIO_BIDIR_component
 30. Source assignments for mf_ddio_bidir_12:isclk|altddio_bidir:ALTDDIO_BIDIR_component|ddio_bidir_euo:auto_generated
 31. Source assignments for core_top:ic|core_bridge_cmd:commands|mf_datatable:idt|altsyncram:altsyncram_component|altsyncram_ltk2:auto_generated
 32. Source assignments for core_top:ic|synch_3:display_sync|altshift_taps:stage_1_rtl_0|shift_taps_f0v:auto_generated|altsyncram_nu91:altsyncram4
 33. Parameter Settings for User Entity Instance: mf_ddio_bidir_12:isco|altddio_bidir:ALTDDIO_BIDIR_component
 34. Parameter Settings for User Entity Instance: mf_ddio_bidir_12:iscc|altddio_bidir:ALTDDIO_BIDIR_component
 35. Parameter Settings for User Entity Instance: mf_ddio_bidir_12:isclk|altddio_bidir:ALTDDIO_BIDIR_component
 36. Parameter Settings for User Entity Instance: io_pad_controller:ipm|synch_3:s00
 37. Parameter Settings for User Entity Instance: io_pad_controller:ipm|synch_3:s01
 38. Parameter Settings for User Entity Instance: io_bridge_peripheral:ibs|synch_3:s00
 39. Parameter Settings for User Entity Instance: io_bridge_peripheral:ibs|synch_3:s01
 40. Parameter Settings for User Entity Instance: io_bridge_peripheral:ibs|synch_3:s02
 41. Parameter Settings for User Entity Instance: io_bridge_peripheral:ibs|synch_3:s03
 42. Parameter Settings for User Entity Instance: core_top:ic|synch_3:lock_sync
 43. Parameter Settings for User Entity Instance: core_top:ic|mf_pllbase:mp1|mf_pllbase_0002:mf_pllbase_inst|altera_pll:altera_pll_i
 44. Parameter Settings for User Entity Instance: core_top:ic|core_bridge_cmd:commands|synch_3:s01
 45. Parameter Settings for User Entity Instance: core_top:ic|core_bridge_cmd:commands|mf_datatable:idt|altsyncram:altsyncram_component
 46. Parameter Settings for User Entity Instance: core_top:ic|lab_probe:probe
 47. Parameter Settings for User Entity Instance: core_top:ic|synch_3:display_sync
 48. Parameter Settings for Inferred Entity Instance: core_top:ic|synch_3:display_sync|altshift_taps:stage_1_rtl_0
 49. Parameter Settings for Inferred Entity Instance: core_top:ic|lab_video:screen|lpm_divide:Div0
 50. Parameter Settings for Inferred Entity Instance: core_top:ic|lab_video:screen|lpm_divide:Mod0
 51. Parameter Settings for Inferred Entity Instance: core_top:ic|lab_video:screen|lpm_divide:Mod1
 52. Parameter Settings for Inferred Entity Instance: core_top:ic|lab_video:screen|lpm_divide:Div1
 53. altsyncram Parameter Settings by Entity Instance
 54. altshift_taps Parameter Settings by Entity Instance
 55. Port Connectivity Checks: "core_top:ic|synch_3:display_sync"
 56. Port Connectivity Checks: "core_top:ic|core_bridge_cmd:commands|mf_datatable:idt"
 57. Port Connectivity Checks: "core_top:ic|core_bridge_cmd:commands|synch_3:s01"
 58. Port Connectivity Checks: "core_top:ic|core_bridge_cmd:commands"
 59. Port Connectivity Checks: "core_top:ic|mf_pllbase:mp1"
 60. Port Connectivity Checks: "core_top:ic|synch_3:lock_sync"
 61. Port Connectivity Checks: "io_bridge_peripheral:ibs|synch_3:s03"
 62. Port Connectivity Checks: "io_bridge_peripheral:ibs|synch_3:s02"
 63. Port Connectivity Checks: "io_bridge_peripheral:ibs|synch_3:s01"
 64. Port Connectivity Checks: "io_bridge_peripheral:ibs|synch_3:s00"
 65. Port Connectivity Checks: "io_bridge_peripheral:ibs"
 66. Port Connectivity Checks: "io_pad_controller:ipm|synch_3:s01"
 67. Port Connectivity Checks: "io_pad_controller:ipm|synch_3:s00"
 68. Port Connectivity Checks: "io_pad_controller:ipm"
 69. Port Connectivity Checks: "mf_ddio_bidir_12:isclk"
 70. Port Connectivity Checks: "mf_ddio_bidir_12:iscc"
 71. Port Connectivity Checks: "mf_ddio_bidir_12:isco"
 72. Post-Synthesis Netlist Statistics for Top Partition
 73. Elapsed Time Per Partition
 74. Analysis & Synthesis Messages



----------------
; Legal Notice ;
----------------
Copyright (C) 2025  Altera Corporation. All rights reserved.
Your use of Altera Corporation's design tools, logic functions 
and other software and tools, and any partner logic 
functions, and any output files from any of the foregoing 
(including device programming or simulation files), and any 
associated documentation or information are expressly subject 
to the terms and conditions of the Altera Program License 
Subscription Agreement, the Altera Quartus Prime License Agreement,
the Altera IP License Agreement, or other applicable license
agreement, including, without limitation, that your use is for
the sole purpose of programming logic devices manufactured by
Altera and sold by Altera or its authorized distributors.  Please
refer to the Altera Software License Subscription Agreements 
on the Quartus Prime software download page.



+-----------------------------------------------------------------------------------+
; Analysis & Synthesis Summary                                                      ;
+---------------------------------+-------------------------------------------------+
; Analysis & Synthesis Status     ; Successful - Sun Oct  4 23:16:40 2026           ;
; Quartus Prime Version           ; 25.1std.0 Build 1129 10/21/2025 SC Lite Edition ;
; Revision Name                   ; ap_core                                         ;
; Top-level Entity Name           ; apf_top                                         ;
; Family                          ; Cyclone V                                       ;
; Logic utilization (in ALMs)     ; N/A                                             ;
; Total registers                 ; 2078                                            ;
; Total pins                      ; 224                                             ;
; Total virtual pins              ; 0                                               ;
; Total block memory bits         ; 8,597                                           ;
; Total DSP Blocks                ; 0                                               ;
; Total HSSI RX PCSs              ; 0                                               ;
; Total HSSI PMA RX Deserializers ; 0                                               ;
; Total HSSI TX PCSs              ; 0                                               ;
; Total HSSI PMA TX Serializers   ; 0                                               ;
; Total PLLs                      ; 1                                               ;
; Total DLLs                      ; 0                                               ;
+---------------------------------+-------------------------------------------------+


+---------------------------------------------------------------------------------------------------------------------------+
; Analysis & Synthesis Settings                                                                                             ;
+---------------------------------------------------------------------------------+--------------------+--------------------+
; Option                                                                          ; Setting            ; Default Value      ;
+---------------------------------------------------------------------------------+--------------------+--------------------+
; Device                                                                          ; 5CEBA4F23C8        ;                    ;
; Top-level entity name                                                           ; apf_top            ; ap_core            ;
; Family name                                                                     ; Cyclone V          ; Cyclone V          ;
; Use smart compilation                                                           ; On                 ; Off                ;
; Maximum processors allowed for parallel compilation                             ; 2                  ;                    ;
; Restructure Multiplexers                                                        ; Off                ; Auto               ;
; Safe State Machine                                                              ; On                 ; Off                ;
; Optimization Technique                                                          ; Speed              ; Balanced           ;
; Perform WYSIWYG Primitive Resynthesis                                           ; On                 ; Off                ;
; SDC constraint protection                                                       ; On                 ; Off                ;
; Pre-Mapping Resynthesis Optimization                                            ; On                 ; Off                ;
; Enable parallel Assembler and Timing Analyzer during compilation                ; On                 ; On                 ;
; Enable compact report table                                                     ; Off                ; Off                ;
; MLAB Add Timing Constraints For Mixed-Port Feed-Through Mode Setting Don't Care ; Off                ; Off                ;
; Create Debugging Nodes for IP Cores                                             ; Off                ; Off                ;
; Preserve fewer node names                                                       ; On                 ; On                 ;
; Intel FPGA IP Evaluation Mode                                                   ; Enable             ; Enable             ;
; Verilog Version                                                                 ; Verilog_2001       ; Verilog_2001       ;
; VHDL Version                                                                    ; VHDL_1993          ; VHDL_1993          ;
; State Machine Processing                                                        ; Auto               ; Auto               ;
; Extract Verilog State Machines                                                  ; On                 ; On                 ;
; Extract VHDL State Machines                                                     ; On                 ; On                 ;
; Ignore Verilog initial constructs                                               ; Off                ; Off                ;
; Iteration limit for constant Verilog loops                                      ; 5000               ; 5000               ;
; Iteration limit for non-constant Verilog loops                                  ; 250                ; 250                ;
; Add Pass-Through Logic to Inferred RAMs                                         ; On                 ; On                 ;
; Infer RAMs from Raw Logic                                                       ; On                 ; On                 ;
; Parallel Synthesis                                                              ; On                 ; On                 ;
; DSP Block Balancing                                                             ; Auto               ; Auto               ;
; NOT Gate Push-Back                                                              ; On                 ; On                 ;
; Power-Up Don't Care                                                             ; On                 ; On                 ;
; Remove Redundant Logic Cells                                                    ; Off                ; Off                ;
; Remove Duplicate Registers                                                      ; On                 ; On                 ;
; Ignore CARRY Buffers                                                            ; Off                ; Off                ;
; Ignore CASCADE Buffers                                                          ; Off                ; Off                ;
; Ignore GLOBAL Buffers                                                           ; Off                ; Off                ;
; Ignore ROW GLOBAL Buffers                                                       ; Off                ; Off                ;
; Ignore LCELL Buffers                                                            ; Off                ; Off                ;
; Ignore SOFT Buffers                                                             ; On                 ; On                 ;
; Limit AHDL Integers to 32 Bits                                                  ; Off                ; Off                ;
; Carry Chain Length                                                              ; 70                 ; 70                 ;
; Auto Carry Chains                                                               ; On                 ; On                 ;
; Auto Open-Drain Pins                                                            ; On                 ; On                 ;
; Auto ROM Replacement                                                            ; On                 ; On                 ;
; Auto RAM Replacement                                                            ; On                 ; On                 ;
; Auto DSP Block Replacement                                                      ; On                 ; On                 ;
; Auto Shift Register Replacement                                                 ; Auto               ; Auto               ;
; Allow Shift Register Merging across Hierarchies                                 ; Auto               ; Auto               ;
; Auto Clock Enable Replacement                                                   ; On                 ; On                 ;
; Strict RAM Replacement                                                          ; Off                ; Off                ;
; Allow Synchronous Control Signals                                               ; On                 ; On                 ;
; Force Use of Synchronous Clear Signals                                          ; Off                ; Off                ;
; Auto Resource Sharing                                                           ; Off                ; Off                ;
; Allow Any RAM Size For Recognition                                              ; Off                ; Off                ;
; Allow Any ROM Size For Recognition                                              ; Off                ; Off                ;
; Allow Any Shift Register Size For Recognition                                   ; Off                ; Off                ;
; Use LogicLock Constraints during Resource Balancing                             ; On                 ; On                 ;
; Ignore translate_off and synthesis_off directives                               ; Off                ; Off                ;
; Timing-Driven Synthesis                                                         ; On                 ; On                 ;
; Report Parameter Settings                                                       ; On                 ; On                 ;
; Report Source Assignments                                                       ; On                 ; On                 ;
; Report Connectivity Checks                                                      ; On                 ; On                 ;
; Ignore Maximum Fan-Out Assignments                                              ; Off                ; Off                ;
; Synchronization Register Chain Length                                           ; 3                  ; 3                  ;
; Power Optimization During Synthesis                                             ; Normal compilation ; Normal compilation ;
; HDL message level                                                               ; Level2             ; Level2             ;
; Suppress Register Optimization Related Messages                                 ; Off                ; Off                ;
; Number of Removed Registers Reported in Synthesis Report                        ; 5000               ; 5000               ;
; Number of Swept Nodes Reported in Synthesis Report                              ; 5000               ; 5000               ;
; Number of Inverted Registers Reported in Synthesis Report                       ; 100                ; 100                ;
; Clock MUX Protection                                                            ; On                 ; On                 ;
; Auto Gated Clock Conversion                                                     ; Off                ; Off                ;
; Block Design Naming                                                             ; Auto               ; Auto               ;
; Synthesis Effort                                                                ; Auto               ; Auto               ;
; Shift Register Replacement - Allow Asynchronous Clear Signal                    ; On                 ; On                 ;
; Analysis & Synthesis Message Level                                              ; Medium             ; Medium             ;
; Disable Register Merging Across Hierarchies                                     ; Auto               ; Auto               ;
; Resource Aware Inference For Block RAM                                          ; On                 ; On                 ;
; Automatic Parallel Synthesis                                                    ; On                 ; On                 ;
; Partial Reconfiguration Bitstream ID                                            ; Off                ; Off                ;
+---------------------------------------------------------------------------------+--------------------+--------------------+


+------------------------------------------+
; Parallel Compilation                     ;
+----------------------------+-------------+
; Processors                 ; Number      ;
+----------------------------+-------------+
; Number detected on machine ; 4           ;
; Maximum allowed            ; 2           ;
;                            ;             ;
; Average used               ; 1.00        ;
; Maximum used               ; 2           ;
;                            ;             ;
; Usage by Processor         ; % Time Used ;
;     Processor 1            ; 100.0%      ;
;     Processor 2            ;   0.2%      ;
+----------------------------+-------------+


+---------------------------------------------------------------------------------------------------------------------------------------------------------------------------------------------------------+
; Analysis & Synthesis Source Files Read                                                                                                                                                                  ;
+-----------------------------------+-----------------+----------------------------------------+---------------------------------------------------------------------------------------------+------------+
; File Name with User-Entered Path  ; Used in Netlist ; File Type                              ; File Name with Absolute Path                                                                ; Library    ;
+-----------------------------------+-----------------+----------------------------------------+---------------------------------------------------------------------------------------------+------------+
; apf/apf_top.v                     ; yes             ; User Verilog HDL File                  ; /home/taualpha/card-writing-lab/minimal01-s1/src/fpga/apf/apf_top.v                         ;            ;
; apf/common.v                      ; yes             ; User Verilog HDL File                  ; /home/taualpha/card-writing-lab/minimal01-s1/src/fpga/apf/common.v                          ;            ;
; apf/io_bridge_peripheral.v        ; yes             ; User Verilog HDL File                  ; /home/taualpha/card-writing-lab/minimal01-s1/src/fpga/apf/io_bridge_peripheral.v            ;            ;
; apf/io_pad_controller.v           ; yes             ; User Verilog HDL File                  ; /home/taualpha/card-writing-lab/minimal01-s1/src/fpga/apf/io_pad_controller.v               ;            ;
; apf/mf_ddio_bidir_12.v            ; yes             ; User Wizard-Generated File             ; /home/taualpha/card-writing-lab/minimal01-s1/src/fpga/apf/mf_ddio_bidir_12.v                ;            ;
; apf/mf_datatable.v                ; yes             ; User Wizard-Generated File             ; /home/taualpha/card-writing-lab/minimal01-s1/src/fpga/apf/mf_datatable.v                    ;            ;
; core/core_top.v                   ; yes             ; User Verilog HDL File                  ; /home/taualpha/card-writing-lab/minimal01-s1/src/fpga/core/core_top.v                       ;            ;
; core/core_bridge_cmd.v            ; yes             ; User Verilog HDL File                  ; /home/taualpha/card-writing-lab/minimal01-s1/src/fpga/core/core_bridge_cmd.v                ;            ;
; core/mf_pllbase.v                 ; yes             ; User Wizard-Generated File             ; /home/taualpha/card-writing-lab/minimal01-s1/src/fpga/core/mf_pllbase.v                     ; mf_pllbase ;
; core/mf_pllbase/mf_pllbase_0002.v ; yes             ; User Verilog HDL File                  ; /home/taualpha/card-writing-lab/minimal01-s1/src/fpga/core/mf_pllbase/mf_pllbase_0002.v     ; mf_pllbase ;
; core/lab_probe.sv                 ; yes             ; User SystemVerilog HDL File            ; /home/taualpha/card-writing-lab/minimal01-s1/src/fpga/core/lab_probe.sv                     ;            ;
; core/lab_video.sv                 ; yes             ; User SystemVerilog HDL File            ; /home/taualpha/card-writing-lab/minimal01-s1/src/fpga/core/lab_video.sv                     ;            ;
; record_word.vh                    ; yes             ; Auto-Found Unspecified File            ; /home/taualpha/card-writing-lab/minimal01-s1/src/fpga/core/record_word.vh                   ;            ;
; altddio_bidir.tdf                 ; yes             ; Megafunction                           ; /home/taualpha/intelFPGA_lite/25.1std/quartus/libraries/megafunctions/altddio_bidir.tdf     ;            ;
; aglobal251.inc                    ; yes             ; Megafunction                           ; /home/taualpha/intelFPGA_lite/25.1std/quartus/libraries/megafunctions/aglobal251.inc        ;            ;
; stratix_ddio.inc                  ; yes             ; Megafunction                           ; /home/taualpha/intelFPGA_lite/25.1std/quartus/libraries/megafunctions/stratix_ddio.inc      ;            ;
; cyclone_ddio.inc                  ; yes             ; Megafunction                           ; /home/taualpha/intelFPGA_lite/25.1std/quartus/libraries/megafunctions/cyclone_ddio.inc      ;            ;
; lpm_mux.inc                       ; yes             ; Megafunction                           ; /home/taualpha/intelFPGA_lite/25.1std/quartus/libraries/megafunctions/lpm_mux.inc           ;            ;
; stratix_lcell.inc                 ; yes             ; Megafunction                           ; /home/taualpha/intelFPGA_lite/25.1std/quartus/libraries/megafunctions/stratix_lcell.inc     ;            ;
; db/ddio_bidir_euo.tdf             ; yes             ; Auto-Generated Megafunction            ; /home/taualpha/card-writing-lab/minimal01-s1/src/fpga/db/ddio_bidir_euo.tdf                 ;            ;
; altera_pll.v                      ; yes             ; Megafunction                           ; /home/taualpha/intelFPGA_lite/25.1std/quartus/libraries/megafunctions/altera_pll.v          ;            ;
; altsyncram.tdf                    ; yes             ; Megafunction                           ; /home/taualpha/intelFPGA_lite/25.1std/quartus/libraries/megafunctions/altsyncram.tdf        ;            ;
; stratix_ram_block.inc             ; yes             ; Megafunction                           ; /home/taualpha/intelFPGA_lite/25.1std/quartus/libraries/megafunctions/stratix_ram_block.inc ;            ;
; lpm_decode.inc                    ; yes             ; Megafunction                           ; /home/taualpha/intelFPGA_lite/25.1std/quartus/libraries/megafunctions/lpm_decode.inc        ;            ;
; a_rdenreg.inc                     ; yes             ; Megafunction                           ; /home/taualpha/intelFPGA_lite/25.1std/quartus/libraries/megafunctions/a_rdenreg.inc         ;            ;
; altrom.inc                        ; yes             ; Megafunction                           ; /home/taualpha/intelFPGA_lite/25.1std/quartus/libraries/megafunctions/altrom.inc            ;            ;
; altram.inc                        ; yes             ; Megafunction                           ; /home/taualpha/intelFPGA_lite/25.1std/quartus/libraries/megafunctions/altram.inc            ;            ;
; altdpram.inc                      ; yes             ; Megafunction                           ; /home/taualpha/intelFPGA_lite/25.1std/quartus/libraries/megafunctions/altdpram.inc          ;            ;
; db/altsyncram_ltk2.tdf            ; yes             ; Auto-Generated Megafunction            ; /home/taualpha/card-writing-lab/minimal01-s1/src/fpga/db/altsyncram_ltk2.tdf                ;            ;
; ./apf/build_id.mif                ; yes             ; Auto-Found Memory Initialization File  ; /home/taualpha/card-writing-lab/minimal01-s1/src/fpga/apf/build_id.mif                      ;            ;
; altshift_taps.tdf                 ; yes             ; Megafunction                           ; /home/taualpha/intelFPGA_lite/25.1std/quartus/libraries/megafunctions/altshift_taps.tdf     ;            ;
; lpm_counter.inc                   ; yes             ; Megafunction                           ; /home/taualpha/intelFPGA_lite/25.1std/quartus/libraries/megafunctions/lpm_counter.inc       ;            ;
; lpm_compare.inc                   ; yes             ; Megafunction                           ; /home/taualpha/intelFPGA_lite/25.1std/quartus/libraries/megafunctions/lpm_compare.inc       ;            ;
; lpm_constant.inc                  ; yes             ; Megafunction                           ; /home/taualpha/intelFPGA_lite/25.1std/quartus/libraries/megafunctions/lpm_constant.inc      ;            ;
; db/shift_taps_f0v.tdf             ; yes             ; Auto-Generated Megafunction            ; /home/taualpha/card-writing-lab/minimal01-s1/src/fpga/db/shift_taps_f0v.tdf                 ;            ;
; db/altsyncram_nu91.tdf            ; yes             ; Auto-Generated Megafunction            ; /home/taualpha/card-writing-lab/minimal01-s1/src/fpga/db/altsyncram_nu91.tdf                ;            ;
; db/cntr_ohf.tdf                   ; yes             ; Auto-Generated Megafunction            ; /home/taualpha/card-writing-lab/minimal01-s1/src/fpga/db/cntr_ohf.tdf                       ;            ;
; db/cmpr_a9c.tdf                   ; yes             ; Auto-Generated Megafunction            ; /home/taualpha/card-writing-lab/minimal01-s1/src/fpga/db/cmpr_a9c.tdf                       ;            ;
; lpm_divide.tdf                    ; yes             ; Megafunction                           ; /home/taualpha/intelFPGA_lite/25.1std/quartus/libraries/megafunctions/lpm_divide.tdf        ;            ;
; abs_divider.inc                   ; yes             ; Megafunction                           ; /home/taualpha/intelFPGA_lite/25.1std/quartus/libraries/megafunctions/abs_divider.inc       ;            ;
; sign_div_unsign.inc               ; yes             ; Megafunction                           ; /home/taualpha/intelFPGA_lite/25.1std/quartus/libraries/megafunctions/sign_div_unsign.inc   ;            ;
; db/lpm_divide_cpo.tdf             ; yes             ; Auto-Generated Megafunction            ; /home/taualpha/card-writing-lab/minimal01-s1/src/fpga/db/lpm_divide_cpo.tdf                 ;            ;
; db/abs_divider_lbg.tdf            ; yes             ; Auto-Generated Megafunction            ; /home/taualpha/card-writing-lab/minimal01-s1/src/fpga/db/abs_divider_lbg.tdf                ;            ;
; db/alt_u_div_qve.tdf              ; yes             ; Auto-Generated Megafunction            ; /home/taualpha/card-writing-lab/minimal01-s1/src/fpga/db/alt_u_div_qve.tdf                  ;            ;
; db/lpm_abs_ln9.tdf                ; yes             ; Auto-Generated Megafunction            ; /home/taualpha/card-writing-lab/minimal01-s1/src/fpga/db/lpm_abs_ln9.tdf                    ;            ;
; db/lpm_abs_4p9.tdf                ; yes             ; Auto-Generated Megafunction            ; /home/taualpha/card-writing-lab/minimal01-s1/src/fpga/db/lpm_abs_4p9.tdf                    ;            ;
; db/lpm_divide_eho.tdf             ; yes             ; Auto-Generated Megafunction            ; /home/taualpha/card-writing-lab/minimal01-s1/src/fpga/db/lpm_divide_eho.tdf                 ;            ;
; db/abs_divider_kbg.tdf            ; yes             ; Auto-Generated Megafunction            ; /home/taualpha/card-writing-lab/minimal01-s1/src/fpga/db/abs_divider_kbg.tdf                ;            ;
; db/alt_u_div_ove.tdf              ; yes             ; Auto-Generated Megafunction            ; /home/taualpha/card-writing-lab/minimal01-s1/src/fpga/db/alt_u_div_ove.tdf                  ;            ;
; db/lpm_abs_kn9.tdf                ; yes             ; Auto-Generated Megafunction            ; /home/taualpha/card-writing-lab/minimal01-s1/src/fpga/db/lpm_abs_kn9.tdf                    ;            ;
; db/lpm_divide_fho.tdf             ; yes             ; Auto-Generated Megafunction            ; /home/taualpha/card-writing-lab/minimal01-s1/src/fpga/db/lpm_divide_fho.tdf                 ;            ;
; db/lpm_divide_bpo.tdf             ; yes             ; Auto-Generated Megafunction            ; /home/taualpha/card-writing-lab/minimal01-s1/src/fpga/db/lpm_divide_bpo.tdf                 ;            ;
+-----------------------------------+-----------------+----------------------------------------+---------------------------------------------------------------------------------------------+------------+


+-------------------------------------------------------------+
; Analysis & Synthesis Resource Usage Summary                 ;
+---------------------------------------------+---------------+
; Resource                                    ; Usage         ;
+---------------------------------------------+---------------+
; Estimate of Logic utilization (ALMs needed) ; 2698          ;
;                                             ;               ;
; Combinational ALUT usage for logic          ; 3953          ;
;     -- 7 input functions                    ; 43            ;
;     -- 6 input functions                    ; 1316          ;
;     -- 5 input functions                    ; 279           ;
;     -- 4 input functions                    ; 768           ;
;     -- <=3 input functions                  ; 1547          ;
;                                             ;               ;
; Dedicated logic registers                   ; 2044          ;
;                                             ;               ;
; I/O pins                                    ; 224           ;
; I/O registers                               ; 34            ;
; Total MLAB memory bits                      ; 0             ;
; Total block memory bits                     ; 8597          ;
;                                             ;               ;
; Total DSP Blocks                            ; 0             ;
;                                             ;               ;
; Total PLLs                                  ; 2             ;
;     -- PLLs                                 ; 2             ;
;                                             ;               ;
; Maximum fan-out node                        ; clk_74a~input ;
; Maximum fan-out                             ; 2016          ;
; Total fan-out                               ; 23385         ;
; Average fan-out                             ; 3.46          ;
+---------------------------------------------+---------------+


+-------------------------------------------------------------------------------------------------------------------------------------------------------------------------------------------------------------------------------------------------------------------------------------------------------------------------------------+
; Analysis & Synthesis Resource Utilization by Entity                                                                                                                                                                                                                                                                                 ;
+-------------------------------------------------+---------------------+---------------------------+-------------------+------------+------+--------------+------------------------------------------------------------------------------------------------------------------------------------+----------------------+--------------+
; Compilation Hierarchy Node                      ; Combinational ALUTs ; Dedicated Logic Registers ; Block Memory Bits ; DSP Blocks ; Pins ; Virtual Pins ; Full Hierarchy Name                                                                                                                ; Entity Name          ; Library Name ;
+-------------------------------------------------+---------------------+---------------------------+-------------------+------------+------+--------------+------------------------------------------------------------------------------------------------------------------------------------+----------------------+--------------+
; |apf_top                                        ; 3953 (18)           ; 2044 (17)                 ; 8597              ; 0          ; 224  ; 0            ; |apf_top                                                                                                                           ; apf_top              ; work         ;
;    |core_top:ic|                                ; 3638 (58)           ; 1671 (8)                  ; 8597              ; 0          ; 0    ; 0            ; |apf_top|core_top:ic                                                                                                               ; core_top             ; work         ;
;       |core_bridge_cmd:commands|                ; 304 (304)           ; 338 (338)                 ; 8192              ; 0          ; 0    ; 0            ; |apf_top|core_top:ic|core_bridge_cmd:commands                                                                                      ; core_bridge_cmd      ; work         ;
;          |mf_datatable:idt|                     ; 0 (0)               ; 0 (0)                     ; 8192              ; 0          ; 0    ; 0            ; |apf_top|core_top:ic|core_bridge_cmd:commands|mf_datatable:idt                                                                     ; mf_datatable         ; work         ;
;             |altsyncram:altsyncram_component|   ; 0 (0)               ; 0 (0)                     ; 8192              ; 0          ; 0    ; 0            ; |apf_top|core_top:ic|core_bridge_cmd:commands|mf_datatable:idt|altsyncram:altsyncram_component                                     ; altsyncram           ; work         ;
;                |altsyncram_ltk2:auto_generated| ; 0 (0)               ; 0 (0)                     ; 8192              ; 0          ; 0    ; 0            ; |apf_top|core_top:ic|core_bridge_cmd:commands|mf_datatable:idt|altsyncram:altsyncram_component|altsyncram_ltk2:auto_generated      ; altsyncram_ltk2      ; work         ;
;       |lab_probe:probe|                         ; 1652 (1652)         ; 1287 (1287)               ; 0                 ; 0          ; 0    ; 0            ; |apf_top|core_top:ic|lab_probe:probe                                                                                               ; lab_probe            ; work         ;
;       |lab_video:screen|                        ; 1617 (957)          ; 31 (31)                   ; 0                 ; 0          ; 0    ; 0            ; |apf_top|core_top:ic|lab_video:screen                                                                                              ; lab_video            ; work         ;
;          |lpm_divide:Div0|                      ; 179 (0)             ; 0 (0)                     ; 0                 ; 0          ; 0    ; 0            ; |apf_top|core_top:ic|lab_video:screen|lpm_divide:Div0                                                                              ; lpm_divide           ; work         ;
;             |lpm_divide_cpo:auto_generated|     ; 179 (0)             ; 0 (0)                     ; 0                 ; 0          ; 0    ; 0            ; |apf_top|core_top:ic|lab_video:screen|lpm_divide:Div0|lpm_divide_cpo:auto_generated                                                ; lpm_divide_cpo       ; work         ;
;                |abs_divider_lbg:divider|        ; 179 (16)            ; 0 (0)                     ; 0                 ; 0          ; 0    ; 0            ; |apf_top|core_top:ic|lab_video:screen|lpm_divide:Div0|lpm_divide_cpo:auto_generated|abs_divider_lbg:divider                        ; abs_divider_lbg      ; work         ;
;                   |alt_u_div_qve:divider|       ; 151 (151)           ; 0 (0)                     ; 0                 ; 0          ; 0    ; 0            ; |apf_top|core_top:ic|lab_video:screen|lpm_divide:Div0|lpm_divide_cpo:auto_generated|abs_divider_lbg:divider|alt_u_div_qve:divider  ; alt_u_div_qve        ; work         ;
;                   |lpm_abs_4p9:my_abs_num|      ; 12 (12)             ; 0 (0)                     ; 0                 ; 0          ; 0    ; 0            ; |apf_top|core_top:ic|lab_video:screen|lpm_divide:Div0|lpm_divide_cpo:auto_generated|abs_divider_lbg:divider|lpm_abs_4p9:my_abs_num ; lpm_abs_4p9          ; work         ;
;          |lpm_divide:Div1|                      ; 149 (0)             ; 0 (0)                     ; 0                 ; 0          ; 0    ; 0            ; |apf_top|core_top:ic|lab_video:screen|lpm_divide:Div1                                                                              ; lpm_divide           ; work         ;
;             |lpm_divide_bpo:auto_generated|     ; 149 (0)             ; 0 (0)                     ; 0                 ; 0          ; 0    ; 0            ; |apf_top|core_top:ic|lab_video:screen|lpm_divide:Div1|lpm_divide_bpo:auto_generated                                                ; lpm_divide_bpo       ; work         ;
;                |abs_divider_kbg:divider|        ; 149 (16)            ; 0 (0)                     ; 0                 ; 0          ; 0    ; 0            ; |apf_top|core_top:ic|lab_video:screen|lpm_divide:Div1|lpm_divide_bpo:auto_generated|abs_divider_kbg:divider                        ; abs_divider_kbg      ; work         ;
;                   |alt_u_div_ove:divider|       ; 121 (121)           ; 0 (0)                     ; 0                 ; 0          ; 0    ; 0            ; |apf_top|core_top:ic|lab_video:screen|lpm_divide:Div1|lpm_divide_bpo:auto_generated|abs_divider_kbg:divider|alt_u_div_ove:divider  ; alt_u_div_ove        ; work         ;
;                   |lpm_abs_4p9:my_abs_num|      ; 12 (12)             ; 0 (0)                     ; 0                 ; 0          ; 0    ; 0            ; |apf_top|core_top:ic|lab_video:screen|lpm_divide:Div1|lpm_divide_bpo:auto_generated|abs_divider_kbg:divider|lpm_abs_4p9:my_abs_num ; lpm_abs_4p9          ; work         ;
;          |lpm_divide:Mod0|                      ; 149 (0)             ; 0 (0)                     ; 0                 ; 0          ; 0    ; 0            ; |apf_top|core_top:ic|lab_video:screen|lpm_divide:Mod0                                                                              ; lpm_divide           ; work         ;
;             |lpm_divide_eho:auto_generated|     ; 149 (0)             ; 0 (0)                     ; 0                 ; 0          ; 0    ; 0            ; |apf_top|core_top:ic|lab_video:screen|lpm_divide:Mod0|lpm_divide_eho:auto_generated                                                ; lpm_divide_eho       ; work         ;
;                |abs_divider_kbg:divider|        ; 149 (9)             ; 0 (0)                     ; 0                 ; 0          ; 0    ; 0            ; |apf_top|core_top:ic|lab_video:screen|lpm_divide:Mod0|lpm_divide_eho:auto_generated|abs_divider_kbg:divider                        ; abs_divider_kbg      ; work         ;
;                   |alt_u_div_ove:divider|       ; 128 (128)           ; 0 (0)                     ; 0                 ; 0          ; 0    ; 0            ; |apf_top|core_top:ic|lab_video:screen|lpm_divide:Mod0|lpm_divide_eho:auto_generated|abs_divider_kbg:divider|alt_u_div_ove:divider  ; alt_u_div_ove        ; work         ;
;                   |lpm_abs_4p9:my_abs_num|      ; 12 (12)             ; 0 (0)                     ; 0                 ; 0          ; 0    ; 0            ; |apf_top|core_top:ic|lab_video:screen|lpm_divide:Mod0|lpm_divide_eho:auto_generated|abs_divider_kbg:divider|lpm_abs_4p9:my_abs_num ; lpm_abs_4p9          ; work         ;
;          |lpm_divide:Mod1|                      ; 183 (0)             ; 0 (0)                     ; 0                 ; 0          ; 0    ; 0            ; |apf_top|core_top:ic|lab_video:screen|lpm_divide:Mod1                                                                              ; lpm_divide           ; work         ;
;             |lpm_divide_fho:auto_generated|     ; 183 (0)             ; 0 (0)                     ; 0                 ; 0          ; 0    ; 0            ; |apf_top|core_top:ic|lab_video:screen|lpm_divide:Mod1|lpm_divide_fho:auto_generated                                                ; lpm_divide_fho       ; work         ;
;                |abs_divider_lbg:divider|        ; 183 (12)            ; 0 (0)                     ; 0                 ; 0          ; 0    ; 0            ; |apf_top|core_top:ic|lab_video:screen|lpm_divide:Mod1|lpm_divide_fho:auto_generated|abs_divider_lbg:divider                        ; abs_divider_lbg      ; work         ;
;                   |alt_u_div_qve:divider|       ; 159 (159)           ; 0 (0)                     ; 0                 ; 0          ; 0    ; 0            ; |apf_top|core_top:ic|lab_video:screen|lpm_divide:Mod1|lpm_divide_fho:auto_generated|abs_divider_lbg:divider|alt_u_div_qve:divider  ; alt_u_div_qve        ; work         ;
;                   |lpm_abs_4p9:my_abs_num|      ; 12 (12)             ; 0 (0)                     ; 0                 ; 0          ; 0    ; 0            ; |apf_top|core_top:ic|lab_video:screen|lpm_divide:Mod1|lpm_divide_fho:auto_generated|abs_divider_lbg:divider|lpm_abs_4p9:my_abs_num ; lpm_abs_4p9          ; work         ;
;       |mf_pllbase:mp1|                          ; 0 (0)               ; 0 (0)                     ; 0                 ; 0          ; 0    ; 0            ; |apf_top|core_top:ic|mf_pllbase:mp1                                                                                                ; mf_pllbase           ; mf_pllbase   ;
;          |mf_pllbase_0002:mf_pllbase_inst|      ; 0 (0)               ; 0 (0)                     ; 0                 ; 0          ; 0    ; 0            ; |apf_top|core_top:ic|mf_pllbase:mp1|mf_pllbase_0002:mf_pllbase_inst                                                                ; mf_pllbase_0002      ; mf_pllbase   ;
;             |altera_pll:altera_pll_i|           ; 0 (0)               ; 0 (0)                     ; 0                 ; 0          ; 0    ; 0            ; |apf_top|core_top:ic|mf_pllbase:mp1|mf_pllbase_0002:mf_pllbase_inst|altera_pll:altera_pll_i                                        ; altera_pll           ; work         ;
;       |synch_3:display_sync|                    ; 7 (0)               ; 4 (0)                     ; 405               ; 0          ; 0    ; 0            ; |apf_top|core_top:ic|synch_3:display_sync                                                                                          ; synch_3              ; work         ;
;          |altshift_taps:stage_1_rtl_0|          ; 7 (0)               ; 4 (0)                     ; 405               ; 0          ; 0    ; 0            ; |apf_top|core_top:ic|synch_3:display_sync|altshift_taps:stage_1_rtl_0                                                              ; altshift_taps        ; work         ;
;             |shift_taps_f0v:auto_generated|     ; 7 (2)               ; 4 (2)                     ; 405               ; 0          ; 0    ; 0            ; |apf_top|core_top:ic|synch_3:display_sync|altshift_taps:stage_1_rtl_0|shift_taps_f0v:auto_generated                                ; shift_taps_f0v       ; work         ;
;                |altsyncram_nu91:altsyncram4|    ; 0 (0)               ; 0 (0)                     ; 405               ; 0          ; 0    ; 0            ; |apf_top|core_top:ic|synch_3:display_sync|altshift_taps:stage_1_rtl_0|shift_taps_f0v:auto_generated|altsyncram_nu91:altsyncram4    ; altsyncram_nu91      ; work         ;
;                |cntr_ohf:cntr1|                 ; 5 (5)               ; 2 (2)                     ; 0                 ; 0          ; 0    ; 0            ; |apf_top|core_top:ic|synch_3:display_sync|altshift_taps:stage_1_rtl_0|shift_taps_f0v:auto_generated|cntr_ohf:cntr1                 ; cntr_ohf             ; work         ;
;       |synch_3:lock_sync|                       ; 0 (0)               ; 3 (3)                     ; 0                 ; 0          ; 0    ; 0            ; |apf_top|core_top:ic|synch_3:lock_sync                                                                                             ; synch_3              ; work         ;
;    |io_bridge_peripheral:ibs|                   ; 113 (112)           ; 211 (204)                 ; 0                 ; 0          ; 0    ; 0            ; |apf_top|io_bridge_peripheral:ibs                                                                                                  ; io_bridge_peripheral ; work         ;
;       |synch_3:s02|                             ; 0 (0)               ; 3 (3)                     ; 0                 ; 0          ; 0    ; 0            ; |apf_top|io_bridge_peripheral:ibs|synch_3:s02                                                                                      ; synch_3              ; work         ;
;       |synch_3:s03|                             ; 1 (1)               ; 4 (4)                     ; 0                 ; 0          ; 0    ; 0            ; |apf_top|io_bridge_peripheral:ibs|synch_3:s03                                                                                      ; synch_3              ; work         ;
;    |io_pad_controller:ipm|                      ; 184 (184)           ; 145 (138)                 ; 0                 ; 0          ; 0    ; 0            ; |apf_top|io_pad_controller:ipm                                                                                                     ; io_pad_controller    ; work         ;
;       |synch_3:s00|                             ; 0 (0)               ; 3 (3)                     ; 0                 ; 0          ; 0    ; 0            ; |apf_top|io_pad_controller:ipm|synch_3:s00                                                                                         ; synch_3              ; work         ;
;       |synch_3:s01|                             ; 0 (0)               ; 4 (4)                     ; 0                 ; 0          ; 0    ; 0            ; |apf_top|io_pad_controller:ipm|synch_3:s01                                                                                         ; synch_3              ; work         ;
;    |mf_ddio_bidir_12:iscc|                      ; 0 (0)               ; 0 (0)                     ; 0                 ; 0          ; 0    ; 0            ; |apf_top|mf_ddio_bidir_12:iscc                                                                                                     ; mf_ddio_bidir_12     ; work         ;
;       |altddio_bidir:ALTDDIO_BIDIR_component|   ; 0 (0)               ; 0 (0)                     ; 0                 ; 0          ; 0    ; 0            ; |apf_top|mf_ddio_bidir_12:iscc|altddio_bidir:ALTDDIO_BIDIR_component                                                               ; altddio_bidir        ; work         ;
;          |ddio_bidir_euo:auto_generated|        ; 0 (0)               ; 0 (0)                     ; 0                 ; 0          ; 0    ; 0            ; |apf_top|mf_ddio_bidir_12:iscc|altddio_bidir:ALTDDIO_BIDIR_component|ddio_bidir_euo:auto_generated                                 ; ddio_bidir_euo       ; work         ;
;    |mf_ddio_bidir_12:isclk|                     ; 0 (0)               ; 0 (0)                     ; 0                 ; 0          ; 0    ; 0            ; |apf_top|mf_ddio_bidir_12:isclk                                                                                                    ; mf_ddio_bidir_12     ; work         ;
;       |altddio_bidir:ALTDDIO_BIDIR_component|   ; 0 (0)               ; 0 (0)                     ; 0                 ; 0          ; 0    ; 0            ; |apf_top|mf_ddio_bidir_12:isclk|altddio_bidir:ALTDDIO_BIDIR_component                                                              ; altddio_bidir        ; work         ;
;          |ddio_bidir_euo:auto_generated|        ; 0 (0)               ; 0 (0)                     ; 0                 ; 0          ; 0    ; 0            ; |apf_top|mf_ddio_bidir_12:isclk|altddio_bidir:ALTDDIO_BIDIR_component|ddio_bidir_euo:auto_generated                                ; ddio_bidir_euo       ; work         ;
;    |mf_ddio_bidir_12:isco|                      ; 0 (0)               ; 0 (0)                     ; 0                 ; 0          ; 0    ; 0            ; |apf_top|mf_ddio_bidir_12:isco                                                                                                     ; mf_ddio_bidir_12     ; work         ;
;       |altddio_bidir:ALTDDIO_BIDIR_component|   ; 0 (0)               ; 0 (0)                     ; 0                 ; 0          ; 0    ; 0            ; |apf_top|mf_ddio_bidir_12:isco|altddio_bidir:ALTDDIO_BIDIR_component                                                               ; altddio_bidir        ; work         ;
;          |ddio_bidir_euo:auto_generated|        ; 0 (0)               ; 0 (0)                     ; 0                 ; 0          ; 0    ; 0            ; |apf_top|mf_ddio_bidir_12:isco|altddio_bidir:ALTDDIO_BIDIR_component|ddio_bidir_euo:auto_generated                                 ; ddio_bidir_euo       ; work         ;
+-------------------------------------------------+---------------------+---------------------------+-------------------+------------+------+--------------+------------------------------------------------------------------------------------------------------------------------------------+----------------------+--------------+
Note: For table entries with two numbers listed, the numbers in parentheses indicate the number of resources of the given type used by the specific entity alone. The numbers listed outside of parentheses indicate the total resources of the given type used by the specific entity and all of its sub-entities in the hierarchy.


+-----------------------------------------------------------------------------------------------------------------------------------------------------------------------------------------------------------------------------------------------------+
; Analysis & Synthesis RAM Summary                                                                                                                                                                                                                    ;
+-----------------------------------------------------------------------------------------------------------------------------------+------+------------------+--------------+--------------+--------------+--------------+------+--------------------+
; Name                                                                                                                              ; Type ; Mode             ; Port A Depth ; Port A Width ; Port B Depth ; Port B Width ; Size ; MIF                ;
+-----------------------------------------------------------------------------------------------------------------------------------+------+------------------+--------------+--------------+--------------+--------------+------+--------------------+
; core_top:ic|core_bridge_cmd:commands|mf_datatable:idt|altsyncram:altsyncram_component|altsyncram_ltk2:auto_generated|ALTSYNCRAM   ; AUTO ; True Dual Port   ; 256          ; 32           ; 256          ; 32           ; 8192 ; ./apf/build_id.mif ;
; core_top:ic|synch_3:display_sync|altshift_taps:stage_1_rtl_0|shift_taps_f0v:auto_generated|altsyncram_nu91:altsyncram4|ALTSYNCRAM ; AUTO ; Simple Dual Port ; 3            ; 135          ; 3            ; 135          ; 405  ; None               ;
+-----------------------------------------------------------------------------------------------------------------------------------+------+------------------+--------------+--------------+--------------+--------------+------+--------------------+


+----------------------------------------------------------------------------------------------------------------------------------------------------------+
; Analysis & Synthesis IP Cores Summary                                                                                                                    ;
+--------+---------------+---------+--------------+--------------+----------------------------------------------------------------+------------------------+
; Vendor ; IP Core Name  ; Version ; Release Date ; License Type ; Entity Instance                                                ; IP Include File        ;
+--------+---------------+---------+--------------+--------------+----------------------------------------------------------------+------------------------+
; Altera ; RAM: 2-PORT   ; 18.1    ; N/A          ; N/A          ; |apf_top|core_top:ic|core_bridge_cmd:commands|mf_datatable:idt ; apf/mf_datatable.v     ;
; Altera ; altera_pll    ; 18.1    ; N/A          ; N/A          ; |apf_top|core_top:ic|mf_pllbase:mp1                            ; core/mf_pllbase.v      ;
; Altera ; ALTDDIO_BIDIR ; 18.1    ; N/A          ; N/A          ; |apf_top|mf_ddio_bidir_12:iscc                                 ; apf/mf_ddio_bidir_12.v ;
; Altera ; ALTDDIO_BIDIR ; 18.1    ; N/A          ; N/A          ; |apf_top|mf_ddio_bidir_12:isclk                                ; apf/mf_ddio_bidir_12.v ;
; Altera ; ALTDDIO_BIDIR ; 18.1    ; N/A          ; N/A          ; |apf_top|mf_ddio_bidir_12:isco                                 ; apf/mf_ddio_bidir_12.v ;
+--------+---------------+---------+--------------+--------------+----------------------------------------------------------------+------------------------+


Encoding Type: Safe One-Hot
+---------------------------------------------------------------------------------------------------------------------+
; State Machine - |apf_top|core_top:ic|lab_probe:probe|state                                                          ;
+------------------+-------------+------------------+-----------------+------------------+---------------+------------+
; Name             ; state.FAULT ; state.CHECK_READ ; state.WAIT_DONE ; state.CLEAR_DONE ; state.PREPARE ; state.IDLE ;
+------------------+-------------+------------------+-----------------+------------------+---------------+------------+
; state.IDLE       ; 0           ; 0                ; 0               ; 0                ; 0             ; 0          ;
; state.PREPARE    ; 0           ; 0                ; 0               ; 0                ; 1             ; 1          ;
; state.CLEAR_DONE ; 0           ; 0                ; 0               ; 1                ; 0             ; 1          ;
; state.WAIT_DONE  ; 0           ; 0                ; 1               ; 0                ; 0             ; 1          ;
; state.CHECK_READ ; 0           ; 1                ; 0               ; 0                ; 0             ; 1          ;
; state.FAULT      ; 1           ; 0                ; 0               ; 0                ; 0             ; 1          ;
+------------------+-------------+------------------+-----------------+------------------+---------------+------------+


Encoding Type: Safe One-Hot
+-----------------------------------------------------------------------------------------------------------------------------------------------------------------------------+
; State Machine - |apf_top|core_top:ic|core_bridge_cmd:commands|tstate                                                                                                        ;
+-------------------------------+-------------------------------+-------------------------------+---------------------------+---------------------------+---------------------+
; Name                          ; tstate.TARG_ST_WAITRESULT_DSO ; tstate.TARG_ST_WAITRESULT_RTR ; tstate.TARG_ST_DATASLOTOP ; tstate.TARG_ST_READYTORUN ; tstate.TARG_ST_IDLE ;
+-------------------------------+-------------------------------+-------------------------------+---------------------------+---------------------------+---------------------+
; tstate.TARG_ST_IDLE           ; 0                             ; 0                             ; 0                         ; 0                         ; 0                   ;
; tstate.TARG_ST_READYTORUN     ; 0                             ; 0                             ; 0                         ; 1                         ; 1                   ;
; tstate.TARG_ST_DATASLOTOP     ; 0                             ; 0                             ; 1                         ; 0                         ; 1                   ;
; tstate.TARG_ST_WAITRESULT_RTR ; 0                             ; 1                             ; 0                         ; 0                         ; 1                   ;
; tstate.TARG_ST_WAITRESULT_DSO ; 1                             ; 0                             ; 0                         ; 0                         ; 1                   ;
+-------------------------------+-------------------------------+-------------------------------+---------------------------+---------------------------+---------------------+


Encoding Type: Safe One-Hot
+----------------------------------------------------------------------------------------------------------------------------------------+
; State Machine - |apf_top|core_top:ic|core_bridge_cmd:commands|hstate                                                                   ;
+---------------------+--------------------+---------------------+-------------------+----------------+-----------------+----------------+
; Name                ; hstate.ST_DONE_ERR ; hstate.ST_DONE_CODE ; hstate.ST_DONE_OK ; hstate.ST_WORK ; hstate.ST_PARSE ; hstate.ST_IDLE ;
+---------------------+--------------------+---------------------+-------------------+----------------+-----------------+----------------+
; hstate.ST_IDLE      ; 0                  ; 0                   ; 0                 ; 0              ; 0               ; 0              ;
; hstate.ST_PARSE     ; 0                  ; 0                   ; 0                 ; 0              ; 1               ; 1              ;
; hstate.ST_WORK      ; 0                  ; 0                   ; 0                 ; 1              ; 0               ; 1              ;
; hstate.ST_DONE_OK   ; 0                  ; 0                   ; 1                 ; 0              ; 0               ; 1              ;
; hstate.ST_DONE_CODE ; 0                  ; 1                   ; 0                 ; 0              ; 0               ; 1              ;
; hstate.ST_DONE_ERR  ; 1                  ; 0                   ; 0                 ; 0              ; 0               ; 1              ;
+---------------------+--------------------+---------------------+-------------------+----------------+-----------------+----------------+


Encoding Type: Safe One-Hot
+-----------------------------------------------------------------------------------------+
; State Machine - |apf_top|io_bridge_peripheral:ibs|rx_latch_idx                          ;
+-----------------+-----------------+-----------------+-----------------+-----------------+
; Name            ; rx_latch_idx.11 ; rx_latch_idx.10 ; rx_latch_idx.01 ; rx_latch_idx.00 ;
+-----------------+-----------------+-----------------+-----------------+-----------------+
; rx_latch_idx.00 ; 0               ; 0               ; 0               ; 0               ;
; rx_latch_idx.01 ; 0               ; 0               ; 1               ; 1               ;
; rx_latch_idx.10 ; 0               ; 1               ; 0               ; 1               ;
; rx_latch_idx.11 ; 1               ; 0               ; 0               ; 1               ;
+-----------------+-----------------+-----------------+-----------------+-----------------+


Encoding Type: Safe One-Hot
+---------------------------------------------------------------------------------------------------------------------+
; State Machine - |apf_top|io_bridge_peripheral:ibs|spis                                                              ;
+----------------+----------------+----------------+----------------+----------------+----------------+---------------+
; Name           ; spis.ST_SEND_N ; spis.ST_SEND_3 ; spis.ST_SEND_2 ; spis.ST_SEND_1 ; spis.ST_SEND_0 ; spis.ST_SIDLE ;
+----------------+----------------+----------------+----------------+----------------+----------------+---------------+
; spis.ST_SIDLE  ; 0              ; 0              ; 0              ; 0              ; 0              ; 0             ;
; spis.ST_SEND_0 ; 0              ; 0              ; 0              ; 0              ; 1              ; 1             ;
; spis.ST_SEND_1 ; 0              ; 0              ; 0              ; 1              ; 0              ; 1             ;
; spis.ST_SEND_2 ; 0              ; 0              ; 1              ; 0              ; 0              ; 1             ;
; spis.ST_SEND_3 ; 0              ; 1              ; 0              ; 0              ; 0              ; 1             ;
; spis.ST_SEND_N ; 1              ; 0              ; 0              ; 0              ; 0              ; 1             ;
+----------------+----------------+----------------+----------------+----------------+----------------+---------------+


Encoding Type: Safe One-Hot
+--------------------------------------------------------------------------------------------------------------------------------------------------------------------------------------+
; State Machine - |apf_top|io_bridge_peripheral:ibs|state                                                                                                                              ;
+------------------+-----------------+------------------+------------------+------------------+-----------------+-----------------+-----------------+-----------------+----------------+
; Name             ; state.ST_ADDR_0 ; state.ST_WRITE_2 ; state.ST_WRITE_1 ; state.ST_WRITE_0 ; state.ST_READ_3 ; state.ST_READ_2 ; state.ST_READ_1 ; state.ST_READ_0 ; state.ST_RESET ;
+------------------+-----------------+------------------+------------------+------------------+-----------------+-----------------+-----------------+-----------------+----------------+
; state.ST_RESET   ; 0               ; 0                ; 0                ; 0                ; 0               ; 0               ; 0               ; 0               ; 0              ;
; state.ST_READ_0  ; 0               ; 0                ; 0                ; 0                ; 0               ; 0               ; 0               ; 1               ; 1              ;
; state.ST_READ_1  ; 0               ; 0                ; 0                ; 0                ; 0               ; 0               ; 1               ; 0               ; 1              ;
; state.ST_READ_2  ; 0               ; 0                ; 0                ; 0                ; 0               ; 1               ; 0               ; 0               ; 1              ;
; state.ST_READ_3  ; 0               ; 0                ; 0                ; 0                ; 1               ; 0               ; 0               ; 0               ; 1              ;
; state.ST_WRITE_0 ; 0               ; 0                ; 0                ; 1                ; 0               ; 0               ; 0               ; 0               ; 1              ;
; state.ST_WRITE_1 ; 0               ; 0                ; 1                ; 0                ; 0               ; 0               ; 0               ; 0               ; 1              ;
; state.ST_WRITE_2 ; 0               ; 1                ; 0                ; 0                ; 0               ; 0               ; 0               ; 0               ; 1              ;
; state.ST_ADDR_0  ; 1               ; 0                ; 0                ; 0                ; 0               ; 0               ; 0               ; 0               ; 1              ;
+------------------+-----------------+------------------+------------------+------------------+-----------------+-----------------+-----------------+-----------------+----------------+


Encoding Type: Safe One-Hot
+------------------------------------------------------------------------------------------------------------------------------------------------------------------------------------------+
; State Machine - |apf_top|io_pad_controller:ipm|tr_state                                                                                                                                  ;
+-------------------------+---------------------+-------------------------+----------------------+---------------------+-------------------------+----------------------+------------------+
; Name                    ; tr_state.TR_RX_DONE ; tr_state.TR_RX_WAITEDGE ; tr_state.TR_RX_START ; tr_state.TR_TX_DONE ; tr_state.TR_TX_CONTINUE ; tr_state.TR_TX_START ; tr_state.TR_IDLE ;
+-------------------------+---------------------+-------------------------+----------------------+---------------------+-------------------------+----------------------+------------------+
; tr_state.TR_IDLE        ; 0                   ; 0                       ; 0                    ; 0                   ; 0                       ; 0                    ; 0                ;
; tr_state.TR_TX_START    ; 0                   ; 0                       ; 0                    ; 0                   ; 0                       ; 1                    ; 1                ;
; tr_state.TR_TX_CONTINUE ; 0                   ; 0                       ; 0                    ; 0                   ; 1                       ; 0                    ; 1                ;
; tr_state.TR_TX_DONE     ; 0                   ; 0                       ; 0                    ; 1                   ; 0                       ; 0                    ; 1                ;
; tr_state.TR_RX_START    ; 0                   ; 0                       ; 1                    ; 0                   ; 0                       ; 0                    ; 1                ;
; tr_state.TR_RX_WAITEDGE ; 0                   ; 1                       ; 0                    ; 0                   ; 0                       ; 0                    ; 1                ;
; tr_state.TR_RX_DONE     ; 1                   ; 0                       ; 0                    ; 0                   ; 0                       ; 0                    ; 1                ;
+-------------------------+---------------------+-------------------------+----------------------+---------------------+-------------------------+----------------------+------------------+


Encoding Type: Safe One-Hot
+-----------------------------------------------------------------------------------------------------------------------+
; State Machine - |apf_top|io_pad_controller:ipm|state                                                                  ;
+----------------------+----------------------+----------------------+---------------+----------------+-----------------+
; Name                 ; state.ST_RX_BUTTON_2 ; state.ST_RX_BUTTON_1 ; state.ST_IDLE ; state.ST_RESET ; state.ST_END_TX ;
+----------------------+----------------------+----------------------+---------------+----------------+-----------------+
; state.ST_RESET       ; 0                    ; 0                    ; 0             ; 0              ; 0               ;
; state.ST_IDLE        ; 0                    ; 0                    ; 1             ; 1              ; 0               ;
; state.ST_RX_BUTTON_1 ; 0                    ; 1                    ; 0             ; 1              ; 0               ;
; state.ST_RX_BUTTON_2 ; 1                    ; 0                    ; 0             ; 1              ; 0               ;
; state.ST_END_TX      ; 0                    ; 0                    ; 0             ; 1              ; 1               ;
+----------------------+----------------------+----------------------+---------------+----------------+-----------------+


+------------------------------------------------------------------------------------------------------------------------------------------------------------------------------------+
; Registers Protected by Synthesis                                                                                                                                                   ;
+--------------------------------------------------------------------+------------------------------------------------------------------+--------------------------------------------+
; Register Name                                                      ; Protected by Synthesis Attribute or Preserve Register Assignment ; Not to be Touched by Netlist Optimizations ;
+--------------------------------------------------------------------+------------------------------------------------------------------+--------------------------------------------+
; io_bridge_peripheral:ibs|spis.ST_SEND_0                            ; no                                                               ; yes                                        ;
; io_bridge_peripheral:ibs|spis.ST_SEND_1                            ; no                                                               ; yes                                        ;
; io_bridge_peripheral:ibs|spis.ST_SEND_3                            ; no                                                               ; yes                                        ;
; io_bridge_peripheral:ibs|spis.ST_SIDLE                             ; no                                                               ; yes                                        ;
; io_pad_controller:ipm|tr_state.TR_TX_CONTINUE                      ; no                                                               ; yes                                        ;
; io_pad_controller:ipm|tr_state.TR_IDLE                             ; no                                                               ; yes                                        ;
; io_pad_controller:ipm|tr_state.TR_TX_START                         ; no                                                               ; yes                                        ;
; io_bridge_peripheral:ibs|spis.ST_SEND_2                            ; no                                                               ; yes                                        ;
; io_bridge_peripheral:ibs|spis.ST_SEND_N                            ; no                                                               ; yes                                        ;
; io_pad_controller:ipm|tr_state.TR_TX_DONE                          ; no                                                               ; yes                                        ;
; io_pad_controller:ipm|tr_state.TR_RX_START                         ; no                                                               ; yes                                        ;
; io_pad_controller:ipm|tr_state.TR_RX_WAITEDGE                      ; no                                                               ; yes                                        ;
; io_pad_controller:ipm|tr_state.TR_RX_DONE                          ; no                                                               ; yes                                        ;
; core_top:ic|core_bridge_cmd:commands|hstate.ST_PARSE               ; no                                                               ; yes                                        ;
; io_bridge_peripheral:ibs|state.ST_READ_0                           ; no                                                               ; yes                                        ;
; io_bridge_peripheral:ibs|state.ST_READ_2                           ; no                                                               ; yes                                        ;
; io_bridge_peripheral:ibs|state.ST_RESET                            ; no                                                               ; yes                                        ;
; io_pad_controller:ipm|state.ST_RESET                               ; no                                                               ; yes                                        ;
; io_pad_controller:ipm|state.ST_IDLE                                ; no                                                               ; yes                                        ;
; core_top:ic|lab_probe:probe|state.FAULT                            ; no                                                               ; yes                                        ;
; core_top:ic|lab_probe:probe|state.CHECK_READ                       ; no                                                               ; yes                                        ;
; core_top:ic|lab_probe:probe|state.CLEAR_DONE                       ; no                                                               ; yes                                        ;
; core_top:ic|lab_probe:probe|state.WAIT_DONE                        ; no                                                               ; yes                                        ;
; core_top:ic|lab_probe:probe|state.PREPARE                          ; no                                                               ; yes                                        ;
; core_top:ic|lab_probe:probe|state.IDLE                             ; no                                                               ; yes                                        ;
; core_top:ic|core_bridge_cmd:commands|hstate.ST_IDLE                ; no                                                               ; yes                                        ;
; core_top:ic|core_bridge_cmd:commands|hstate.ST_DONE_OK             ; no                                                               ; yes                                        ;
; core_top:ic|core_bridge_cmd:commands|hstate.ST_DONE_CODE           ; no                                                               ; yes                                        ;
; core_top:ic|core_bridge_cmd:commands|hstate.ST_DONE_ERR            ; no                                                               ; yes                                        ;
; io_bridge_peripheral:ibs|state.ST_ADDR_0                           ; no                                                               ; yes                                        ;
; io_bridge_peripheral:ibs|state.ST_READ_1                           ; no                                                               ; yes                                        ;
; io_bridge_peripheral:ibs|state.ST_READ_3                           ; no                                                               ; yes                                        ;
; io_bridge_peripheral:ibs|state.ST_WRITE_0                          ; no                                                               ; yes                                        ;
; io_bridge_peripheral:ibs|state.ST_WRITE_1                          ; no                                                               ; yes                                        ;
; io_bridge_peripheral:ibs|state.ST_WRITE_2                          ; no                                                               ; yes                                        ;
; io_pad_controller:ipm|state.ST_END_TX                              ; no                                                               ; yes                                        ;
; io_pad_controller:ipm|state.ST_RX_BUTTON_1                         ; no                                                               ; yes                                        ;
; io_pad_controller:ipm|state.ST_RX_BUTTON_2                         ; no                                                               ; yes                                        ;
; core_top:ic|core_bridge_cmd:commands|tstate.TARG_ST_WAITRESULT_DSO ; no                                                               ; yes                                        ;
; core_top:ic|core_bridge_cmd:commands|tstate.TARG_ST_DATASLOTOP     ; no                                                               ; yes                                        ;
; core_top:ic|core_bridge_cmd:commands|tstate.TARG_ST_READYTORUN     ; no                                                               ; yes                                        ;
; core_top:ic|core_bridge_cmd:commands|tstate.TARG_ST_IDLE           ; no                                                               ; yes                                        ;
; core_top:ic|core_bridge_cmd:commands|tstate.TARG_ST_WAITRESULT_RTR ; no                                                               ; yes                                        ;
; io_bridge_peripheral:ibs|rx_latch_idx.11                           ; no                                                               ; yes                                        ;
; io_bridge_peripheral:ibs|rx_latch_idx.01                           ; no                                                               ; yes                                        ;
; io_bridge_peripheral:ibs|rx_latch_idx.10                           ; no                                                               ; yes                                        ;
; io_bridge_peripheral:ibs|rx_latch_idx.00                           ; no                                                               ; yes                                        ;
; Total number of protected registers is 47                          ;                                                                  ;                                            ;
+--------------------------------------------------------------------+------------------------------------------------------------------+--------------------------------------------+


+--------------------------------------------------------------------------------------------------------------------------------------------+
; Registers Removed During Synthesis                                                                                                         ;
+---------------------------------------------------------------------+----------------------------------------------------------------------+
; Register name                                                       ; Reason for Removal                                                   ;
+---------------------------------------------------------------------+----------------------------------------------------------------------+
; core_top:ic|lab_video:screen|rgb[4,9,10]                            ; Stuck at GND due to stuck port data_in                               ;
; core_top:ic|core_bridge_cmd:commands|target_dataslot_getfile_1      ; Lost fanout                                                          ;
; core_top:ic|core_bridge_cmd:commands|target_dataslot_openfile_1     ; Lost fanout                                                          ;
; core_top:ic|core_bridge_cmd:commands|synch_3:s01|stage_1[0]         ; Stuck at GND due to stuck port data_in                               ;
; core_top:ic|core_bridge_cmd:commands|synch_3:s01|stage_2[0]         ; Stuck at GND due to stuck port data_in                               ;
; core_top:ic|core_bridge_cmd:commands|synch_3:s01|o[0]               ; Stuck at GND due to stuck port data_in                               ;
; io_bridge_peripheral:ibs|synch_3:s01|stage_1[0]                     ; Stuck at GND due to stuck port data_in                               ;
; io_bridge_peripheral:ibs|synch_3:s01|stage_2[0]                     ; Stuck at GND due to stuck port data_in                               ;
; io_bridge_peripheral:ibs|synch_3:s01|o[0]                           ; Stuck at GND due to stuck port data_in                               ;
; core_top:ic|core_bridge_cmd:commands|host_40[0..31]                 ; Stuck at GND due to stuck port data_in                               ;
; core_top:ic|core_bridge_cmd:commands|host_44[0..31]                 ; Stuck at GND due to stuck port data_in                               ;
; core_top:ic|core_bridge_cmd:commands|target_dataslot_openfile_queue ; Stuck at GND due to stuck port data_in                               ;
; core_top:ic|core_bridge_cmd:commands|target_dataslot_getfile_queue  ; Stuck at GND due to stuck port data_in                               ;
; io_bridge_peripheral:ibs|pmp_addr[0,1]                              ; Stuck at GND due to stuck port data_in                               ;
; io_pad_controller:ipm|tx_word[1,4..16,24,26,28,29,31]               ; Merged with io_pad_controller:ipm|tx_word[0]                         ;
; io_pad_controller:ipm|tx_word[3]                                    ; Merged with io_pad_controller:ipm|tx_word[2]                         ;
; io_pad_controller:ipm|tx_word[18,19,21..23]                         ; Merged with io_pad_controller:ipm|tx_word[17]                        ;
; io_pad_controller:ipm|tx_word[25,27,30]                             ; Merged with io_pad_controller:ipm|tx_word[20]                        ;
; core_top:ic|lab_video:screen|rgb[3,8]                               ; Merged with core_top:ic|lab_video:screen|rgb[0]                      ;
; core_top:ic|lab_video:screen|rgb[1,17]                              ; Merged with core_top:ic|lab_video:screen|rgb[16]                     ;
; core_top:ic|lab_video:screen|rgb[7,14]                              ; Merged with core_top:ic|lab_video:screen|rgb[13]                     ;
; core_top:ic|lab_video:screen|rgb[2]                                 ; Merged with core_top:ic|lab_video:screen|rgb[21]                     ;
; core_top:ic|lab_video:screen|rgb[6,18,19,22]                        ; Merged with core_top:ic|lab_video:screen|rgb[15]                     ;
; core_top:ic|lab_video:screen|rgb[11,20]                             ; Merged with core_top:ic|lab_video:screen|de                          ;
; core_top:ic|core_bridge_cmd:commands|host_48[1..31]                 ; Merged with core_top:ic|core_bridge_cmd:commands|host_48[0]          ;
; core_top:ic|core_bridge_cmd:commands|target_20[2..4,6..31]          ; Merged with core_top:ic|core_bridge_cmd:commands|target_20[0]        ;
; core_top:ic|core_bridge_cmd:commands|target_24[0..31]               ; Merged with core_top:ic|core_bridge_cmd:commands|target_20[0]        ;
; core_top:ic|core_bridge_cmd:commands|target_28[0..7,9..27,29..31]   ; Merged with core_top:ic|core_bridge_cmd:commands|target_20[0]        ;
; core_top:ic|core_bridge_cmd:commands|target_2C[0..5,7..31]          ; Merged with core_top:ic|core_bridge_cmd:commands|target_20[0]        ;
; core_top:ic|core_bridge_cmd:commands|target_20[5]                   ; Merged with core_top:ic|core_bridge_cmd:commands|target_20[1]        ;
; core_top:ic|core_bridge_cmd:commands|target_28[28]                  ; Merged with core_top:ic|core_bridge_cmd:commands|target_20[1]        ;
; core_top:ic|core_bridge_cmd:commands|target_2C[6]                   ; Merged with core_top:ic|core_bridge_cmd:commands|target_20[1]        ;
; core_top:ic|core_bridge_cmd:commands|host_resultcode[3..9,11..15]   ; Merged with core_top:ic|core_bridge_cmd:commands|host_resultcode[10] ;
; core_top:ic|core_bridge_cmd:commands|host_resultcode[10]            ; Merged with core_top:ic|core_bridge_cmd:commands|host_resultcode[2]  ;
; io_pad_controller:ipm|auto_poll_cnt[0]                              ; Merged with io_pad_controller:ipm|heartbeat_cnt[0]                   ;
; core_top:ic|core_bridge_cmd:commands|host_48[0]                     ; Stuck at GND due to stuck port data_in                               ;
; core_top:ic|core_bridge_cmd:commands|target_20[0]                   ; Stuck at GND due to stuck port data_in                               ;
; core_top:ic|core_bridge_cmd:commands|host_resultcode[2]             ; Stuck at GND due to stuck port data_in                               ;
; io_pad_controller:ipm|tx_word[0]                                    ; Stuck at GND due to stuck port data_in                               ;
; io_pad_controller:ipm|tx_word[20]                                   ; Stuck at VCC due to stuck port data_in                               ;
; core_top:ic|core_bridge_cmd:commands|target_20[1]                   ; Stuck at VCC due to stuck port data_in                               ;
; core_top:ic|lab_probe:probe|state~8                                 ; Lost fanout                                                          ;
; core_top:ic|lab_probe:probe|state~9                                 ; Lost fanout                                                          ;
; core_top:ic|lab_probe:probe|state~10                                ; Lost fanout                                                          ;
; core_top:ic|lab_probe:probe|state~11                                ; Lost fanout                                                          ;
; core_top:ic|core_bridge_cmd:commands|tstate~7                       ; Lost fanout                                                          ;
; core_top:ic|core_bridge_cmd:commands|tstate~8                       ; Lost fanout                                                          ;
; core_top:ic|core_bridge_cmd:commands|tstate~9                       ; Lost fanout                                                          ;
; core_top:ic|core_bridge_cmd:commands|tstate~10                      ; Lost fanout                                                          ;
; core_top:ic|core_bridge_cmd:commands|hstate~8                       ; Lost fanout                                                          ;
; core_top:ic|core_bridge_cmd:commands|hstate~9                       ; Lost fanout                                                          ;
; core_top:ic|core_bridge_cmd:commands|hstate~10                      ; Lost fanout                                                          ;
; core_top:ic|core_bridge_cmd:commands|hstate~11                      ; Lost fanout                                                          ;
; io_bridge_peripheral:ibs|rx_latch_idx~4                             ; Lost fanout                                                          ;
; io_bridge_peripheral:ibs|rx_latch_idx~5                             ; Lost fanout                                                          ;
; io_bridge_peripheral:ibs|spis~8                                     ; Lost fanout                                                          ;
; io_bridge_peripheral:ibs|spis~9                                     ; Lost fanout                                                          ;
; io_bridge_peripheral:ibs|spis~10                                    ; Lost fanout                                                          ;
; io_bridge_peripheral:ibs|spis~11                                    ; Lost fanout                                                          ;
; io_bridge_peripheral:ibs|spis~12                                    ; Lost fanout                                                          ;
; io_bridge_peripheral:ibs|state~11                                   ; Lost fanout                                                          ;
; io_bridge_peripheral:ibs|state~12                                   ; Lost fanout                                                          ;
; io_bridge_peripheral:ibs|state~13                                   ; Lost fanout                                                          ;
; io_bridge_peripheral:ibs|state~14                                   ; Lost fanout                                                          ;
; io_bridge_peripheral:ibs|state~15                                   ; Lost fanout                                                          ;
; io_pad_controller:ipm|tr_state~9                                    ; Lost fanout                                                          ;
; io_pad_controller:ipm|tr_state~10                                   ; Lost fanout                                                          ;
; io_pad_controller:ipm|tr_state~11                                   ; Lost fanout                                                          ;
; io_pad_controller:ipm|tr_state~12                                   ; Lost fanout                                                          ;
; io_pad_controller:ipm|state~7                                       ; Lost fanout                                                          ;
; io_pad_controller:ipm|state~8                                       ; Lost fanout                                                          ;
; io_pad_controller:ipm|state~10                                      ; Lost fanout                                                          ;
; core_top:ic|core_bridge_cmd:commands|hstate.ST_WORK                 ; Stuck at GND due to stuck port data_in                               ;
; count[16..24]                                                       ; Lost fanout                                                          ;
; core_top:ic|lab_probe:probe|status[3]                               ; Stuck at GND due to stuck port data_in                               ;
; Total Number of Removed Registers = 338                             ;                                                                      ;
+---------------------------------------------------------------------+----------------------------------------------------------------------+


+----------------------------------------------------------------------------------------------------------------------------------------------------------------+
; Removed Registers Triggering Further Register Optimizations                                                                                                    ;
+---------------------------------------------------------------------+---------------------------+--------------------------------------------------------------+
; Register name                                                       ; Reason for Removal        ; Registers Removed due to This Register                       ;
+---------------------------------------------------------------------+---------------------------+--------------------------------------------------------------+
; core_top:ic|core_bridge_cmd:commands|synch_3:s01|stage_1[0]         ; Stuck at GND              ; core_top:ic|core_bridge_cmd:commands|synch_3:s01|stage_2[0], ;
;                                                                     ; due to stuck port data_in ; core_top:ic|core_bridge_cmd:commands|synch_3:s01|o[0]        ;
; io_bridge_peripheral:ibs|synch_3:s01|stage_1[0]                     ; Stuck at GND              ; io_bridge_peripheral:ibs|synch_3:s01|stage_2[0],             ;
;                                                                     ; due to stuck port data_in ; io_bridge_peripheral:ibs|synch_3:s01|o[0]                    ;
; core_top:ic|core_bridge_cmd:commands|target_dataslot_openfile_queue ; Stuck at GND              ; core_top:ic|core_bridge_cmd:commands|target_20[0],           ;
;                                                                     ; due to stuck port data_in ; core_top:ic|core_bridge_cmd:commands|target_20[1]            ;
+---------------------------------------------------------------------+---------------------------+--------------------------------------------------------------+


+------------------------------------------------------+
; General Register Statistics                          ;
+----------------------------------------------+-------+
; Statistic                                    ; Value ;
+----------------------------------------------+-------+
; Total registers                              ; 2044  ;
; Number of registers using Synchronous Clear  ; 100   ;
; Number of registers using Synchronous Load   ; 30    ;
; Number of registers using Asynchronous Clear ; 5     ;
; Number of registers using Asynchronous Load  ; 0     ;
; Number of registers using Clock Enable       ; 1460  ;
; Number of registers using Preset             ; 0     ;
+----------------------------------------------+-------+


+------------------------------------------------------+
; Inverted Register Statistics                         ;
+--------------------------------------------+---------+
; Inverted Register                          ; Fan out ;
+--------------------------------------------+---------+
; core_top:ic|lab_probe:probe|first_write    ; 2       ;
; core_top:ic|lab_probe:probe|tx_mem[15][10] ; 3       ;
; core_top:ic|lab_probe:probe|tx_mem[15][5]  ; 3       ;
; core_top:ic|lab_probe:probe|tx_mem[15][6]  ; 3       ;
; core_top:ic|lab_probe:probe|tx_mem[15][8]  ; 3       ;
; core_top:ic|lab_probe:probe|tx_mem[15][9]  ; 3       ;
; core_top:ic|lab_probe:probe|tx_mem[15][1]  ; 3       ;
; core_top:ic|lab_probe:probe|tx_mem[15][4]  ; 3       ;
; core_top:ic|lab_probe:probe|tx_mem[15][0]  ; 3       ;
; core_top:ic|lab_probe:probe|tx_mem[15][3]  ; 3       ;
; core_top:ic|lab_probe:probe|tx_mem[15][25] ; 3       ;
; core_top:ic|lab_probe:probe|tx_mem[15][30] ; 3       ;
; core_top:ic|lab_probe:probe|tx_mem[15][26] ; 3       ;
; core_top:ic|lab_probe:probe|tx_mem[15][27] ; 3       ;
; core_top:ic|lab_probe:probe|tx_mem[15][28] ; 3       ;
; core_top:ic|lab_probe:probe|tx_mem[15][22] ; 3       ;
; core_top:ic|lab_probe:probe|tx_mem[15][17] ; 3       ;
; core_top:ic|lab_probe:probe|tx_mem[15][12] ; 3       ;
; core_top:ic|lab_probe:probe|tx_mem[15][14] ; 3       ;
; core_top:ic|lab_probe:probe|tx_mem[8][31]  ; 2       ;
; core_top:ic|lab_probe:probe|tx_mem[12][31] ; 2       ;
; core_top:ic|lab_probe:probe|tx_mem[9][31]  ; 2       ;
; core_top:ic|lab_probe:probe|tx_mem[13][31] ; 2       ;
; core_top:ic|lab_probe:probe|tx_mem[10][31] ; 2       ;
; core_top:ic|lab_probe:probe|tx_mem[14][31] ; 2       ;
; core_top:ic|lab_probe:probe|tx_mem[7][31]  ; 2       ;
; core_top:ic|lab_probe:probe|tx_mem[11][31] ; 2       ;
; core_top:ic|lab_probe:probe|tx_mem[0][30]  ; 2       ;
; core_top:ic|lab_probe:probe|tx_mem[5][30]  ; 2       ;
; core_top:ic|lab_probe:probe|tx_mem[6][30]  ; 2       ;
; core_top:ic|lab_probe:probe|tx_mem[12][30] ; 2       ;
; core_top:ic|lab_probe:probe|tx_mem[13][30] ; 2       ;
; core_top:ic|lab_probe:probe|tx_mem[14][30] ; 2       ;
; core_top:ic|lab_probe:probe|tx_mem[11][30] ; 2       ;
; core_top:ic|lab_probe:probe|tx_mem[0][4]   ; 2       ;
; core_top:ic|lab_probe:probe|tx_mem[0][0]   ; 2       ;
; core_top:ic|lab_probe:probe|tx_mem[4][0]   ; 2       ;
; core_top:ic|lab_probe:probe|tx_mem[6][0]   ; 2       ;
; core_top:ic|lab_probe:probe|tx_mem[1][0]   ; 2       ;
; core_top:ic|lab_probe:probe|tx_mem[3][0]   ; 2       ;
; core_top:ic|lab_probe:probe|tx_mem[8][0]   ; 2       ;
; core_top:ic|lab_probe:probe|tx_mem[12][0]  ; 2       ;
; core_top:ic|lab_probe:probe|tx_mem[10][0]  ; 2       ;
; core_top:ic|lab_probe:probe|tx_mem[14][0]  ; 2       ;
; core_top:ic|lab_probe:probe|tx_mem[10][1]  ; 2       ;
; core_top:ic|lab_probe:probe|tx_mem[11][1]  ; 2       ;
; core_top:ic|lab_probe:probe|tx_mem[6][1]   ; 2       ;
; core_top:ic|lab_probe:probe|tx_mem[7][1]   ; 2       ;
; core_top:ic|lab_probe:probe|tx_mem[14][1]  ; 2       ;
; core_top:ic|lab_probe:probe|tx_mem[6][2]   ; 2       ;
; core_top:ic|lab_probe:probe|tx_mem[5][2]   ; 2       ;
; core_top:ic|lab_probe:probe|tx_mem[7][2]   ; 2       ;
; core_top:ic|lab_probe:probe|tx_mem[12][2]  ; 2       ;
; core_top:ic|lab_probe:probe|tx_mem[14][2]  ; 2       ;
; core_top:ic|lab_probe:probe|tx_mem[13][2]  ; 2       ;
; core_top:ic|lab_probe:probe|tx_mem[8][3]   ; 2       ;
; core_top:ic|lab_probe:probe|tx_mem[9][3]   ; 2       ;
; core_top:ic|lab_probe:probe|tx_mem[12][3]  ; 2       ;
; core_top:ic|lab_probe:probe|tx_mem[13][3]  ; 2       ;
; core_top:ic|lab_probe:probe|tx_mem[10][3]  ; 2       ;
; core_top:ic|lab_probe:probe|tx_mem[11][3]  ; 2       ;
; core_top:ic|lab_probe:probe|tx_mem[14][3]  ; 2       ;
; core_top:ic|lab_probe:probe|tx_mem[0][5]   ; 2       ;
; core_top:ic|lab_probe:probe|tx_mem[2][6]   ; 2       ;
; core_top:ic|lab_probe:probe|tx_mem[6][6]   ; 2       ;
; core_top:ic|lab_probe:probe|tx_mem[5][6]   ; 2       ;
; core_top:ic|lab_probe:probe|tx_mem[7][6]   ; 2       ;
; core_top:ic|lab_probe:probe|tx_mem[8][6]   ; 2       ;
; core_top:ic|lab_probe:probe|tx_mem[12][6]  ; 2       ;
; core_top:ic|lab_probe:probe|tx_mem[10][6]  ; 2       ;
; core_top:ic|lab_probe:probe|tx_mem[14][6]  ; 2       ;
; core_top:ic|lab_probe:probe|tx_mem[9][6]   ; 2       ;
; core_top:ic|lab_probe:probe|tx_mem[13][6]  ; 2       ;
; core_top:ic|lab_probe:probe|tx_mem[11][6]  ; 2       ;
; core_top:ic|lab_probe:probe|tx_mem[0][17]  ; 2       ;
; core_top:ic|lab_probe:probe|tx_mem[8][21]  ; 2       ;
; core_top:ic|lab_probe:probe|tx_mem[9][21]  ; 2       ;
; core_top:ic|lab_probe:probe|tx_mem[5][21]  ; 2       ;
; core_top:ic|lab_probe:probe|tx_mem[12][21] ; 2       ;
; core_top:ic|lab_probe:probe|tx_mem[13][21] ; 2       ;
; core_top:ic|lab_probe:probe|tx_mem[10][21] ; 2       ;
; core_top:ic|lab_probe:probe|tx_mem[11][21] ; 2       ;
; core_top:ic|lab_probe:probe|tx_mem[6][21]  ; 2       ;
; core_top:ic|lab_probe:probe|tx_mem[7][21]  ; 2       ;
; core_top:ic|lab_probe:probe|tx_mem[14][21] ; 2       ;
; core_top:ic|lab_probe:probe|tx_mem[0][22]  ; 2       ;
; core_top:ic|lab_probe:probe|tx_mem[0][26]  ; 2       ;
; core_top:ic|lab_probe:probe|tx_mem[0][27]  ; 2       ;
; core_top:ic|lab_probe:probe|tx_mem[0][25]  ; 2       ;
; core_top:ic|lab_probe:probe|tx_mem[6][28]  ; 2       ;
; core_top:ic|lab_probe:probe|tx_mem[8][28]  ; 2       ;
; core_top:ic|lab_probe:probe|tx_mem[12][28] ; 2       ;
; core_top:ic|lab_probe:probe|tx_mem[10][28] ; 2       ;
; core_top:ic|lab_probe:probe|tx_mem[14][28] ; 2       ;
; core_top:ic|lab_probe:probe|tx_mem[0][14]  ; 2       ;
; core_top:ic|lab_probe:probe|tx_mem[0][8]   ; 2       ;
; core_top:ic|lab_probe:probe|tx_mem[0][9]   ; 2       ;
; core_top:ic|lab_probe:probe|tx_mem[8][13]  ; 2       ;
; core_top:ic|lab_probe:probe|tx_mem[9][13]  ; 2       ;
; core_top:ic|lab_probe:probe|tx_mem[5][13]  ; 2       ;
; Total number of inverted registers = 129*  ;         ;
+--------------------------------------------+---------+
* Table truncated at 100 items. To change the number of inverted registers reported, set the "Number of Inverted Registers Reported" option under Assignments->Settings->Analysis and Synthesis Settings->More Settings


+----------------------------------------------------------------------------------------------------------------+
; Registers Packed Into Inferred Megafunctions                                                                   ;
+--------------------------------------------------+------------------------------------------------+------------+
; Register Name                                    ; Megafunction                                   ; Type       ;
+--------------------------------------------------+------------------------------------------------+------------+
; core_top:ic|synch_3:display_sync|o[0..134]       ; core_top:ic|synch_3:display_sync|stage_1_rtl_0 ; SHIFT_TAPS ;
; core_top:ic|synch_3:display_sync|stage_2[0..134] ; core_top:ic|synch_3:display_sync|stage_1_rtl_0 ; SHIFT_TAPS ;
; core_top:ic|synch_3:display_sync|stage_1[0..134] ; core_top:ic|synch_3:display_sync|stage_1_rtl_0 ; SHIFT_TAPS ;
+--------------------------------------------------+------------------------------------------------+------------+


+------------------------------------------------------------------------------------------------------------------------------------------------------------------------------------+
; Multiplexer Restructuring Statistics (No Restructuring Performed)                                                                                                                  ;
+--------------------+-----------+---------------+----------------------+------------------------+------------+----------------------------------------------------------------------+
; Multiplexer Inputs ; Bus Width ; Baseline Area ; Area if Restructured ; Saving if Restructured ; Registered ; Example Multiplexer Output                                           ;
+--------------------+-----------+---------------+----------------------+------------------------+------------+----------------------------------------------------------------------+
; 3:1                ; 21 bits   ; 42 LEs        ; 0 LEs                ; 42 LEs                 ; Yes        ; |apf_top|io_pad_controller:ipm|rx_timeout[15]                        ;
; 3:1                ; 2 bits    ; 4 LEs         ; 4 LEs                ; 0 LEs                  ; Yes        ; |apf_top|core_top:ic|lab_probe:probe|target_write                    ;
; 3:1                ; 2 bits    ; 4 LEs         ; 2 LEs                ; 2 LEs                  ; Yes        ; |apf_top|io_pad_controller:ipm|tx_word[2]                            ;
; 3:1                ; 9 bits    ; 18 LEs        ; 9 LEs                ; 9 LEs                  ; Yes        ; |apf_top|core_top:ic|core_bridge_cmd:commands|target_0[22]           ;
; 3:1                ; 7 bits    ; 14 LEs        ; 7 LEs                ; 7 LEs                  ; Yes        ; |apf_top|core_top:ic|core_bridge_cmd:commands|target_0[26]           ;
; 3:1                ; 19 bits   ; 38 LEs        ; 19 LEs               ; 19 LEs                 ; Yes        ; |apf_top|core_top:ic|lab_probe:probe|rx_mem[0][26]                   ;
; 3:1                ; 13 bits   ; 26 LEs        ; 0 LEs                ; 26 LEs                 ; Yes        ; |apf_top|core_top:ic|lab_probe:probe|rx_mem[0][8]                    ;
; 3:1                ; 19 bits   ; 38 LEs        ; 19 LEs               ; 19 LEs                 ; Yes        ; |apf_top|core_top:ic|lab_probe:probe|rx_mem[1][14]                   ;
; 3:1                ; 13 bits   ; 26 LEs        ; 0 LEs                ; 26 LEs                 ; Yes        ; |apf_top|core_top:ic|lab_probe:probe|rx_mem[1][22]                   ;
; 3:1                ; 19 bits   ; 38 LEs        ; 19 LEs               ; 19 LEs                 ; Yes        ; |apf_top|core_top:ic|lab_probe:probe|rx_mem[2][21]                   ;
; 3:1                ; 13 bits   ; 26 LEs        ; 0 LEs                ; 26 LEs                 ; Yes        ; |apf_top|core_top:ic|lab_probe:probe|rx_mem[2][22]                   ;
; 3:1                ; 19 bits   ; 38 LEs        ; 19 LEs               ; 19 LEs                 ; Yes        ; |apf_top|core_top:ic|lab_probe:probe|rx_mem[3][15]                   ;
; 3:1                ; 13 bits   ; 26 LEs        ; 0 LEs                ; 26 LEs                 ; Yes        ; |apf_top|core_top:ic|lab_probe:probe|rx_mem[3][10]                   ;
; 3:1                ; 19 bits   ; 38 LEs        ; 19 LEs               ; 19 LEs                 ; Yes        ; |apf_top|core_top:ic|lab_probe:probe|rx_mem[4][30]                   ;
; 3:1                ; 13 bits   ; 26 LEs        ; 0 LEs                ; 26 LEs                 ; Yes        ; |apf_top|core_top:ic|lab_probe:probe|rx_mem[4][11]                   ;
; 3:1                ; 19 bits   ; 38 LEs        ; 19 LEs               ; 19 LEs                 ; Yes        ; |apf_top|core_top:ic|lab_probe:probe|rx_mem[5][30]                   ;
; 3:1                ; 13 bits   ; 26 LEs        ; 0 LEs                ; 26 LEs                 ; Yes        ; |apf_top|core_top:ic|lab_probe:probe|rx_mem[5][24]                   ;
; 3:1                ; 19 bits   ; 38 LEs        ; 19 LEs               ; 19 LEs                 ; Yes        ; |apf_top|core_top:ic|lab_probe:probe|rx_mem[6][28]                   ;
; 3:1                ; 13 bits   ; 26 LEs        ; 0 LEs                ; 26 LEs                 ; Yes        ; |apf_top|core_top:ic|lab_probe:probe|rx_mem[6][5]                    ;
; 3:1                ; 19 bits   ; 38 LEs        ; 19 LEs               ; 19 LEs                 ; Yes        ; |apf_top|core_top:ic|lab_probe:probe|rx_mem[7][18]                   ;
; 3:1                ; 13 bits   ; 26 LEs        ; 0 LEs                ; 26 LEs                 ; Yes        ; |apf_top|core_top:ic|lab_probe:probe|rx_mem[7][8]                    ;
; 3:1                ; 19 bits   ; 38 LEs        ; 19 LEs               ; 19 LEs                 ; Yes        ; |apf_top|core_top:ic|lab_probe:probe|rx_mem[8][7]                    ;
; 3:1                ; 13 bits   ; 26 LEs        ; 0 LEs                ; 26 LEs                 ; Yes        ; |apf_top|core_top:ic|lab_probe:probe|rx_mem[8][0]                    ;
; 3:1                ; 19 bits   ; 38 LEs        ; 19 LEs               ; 19 LEs                 ; Yes        ; |apf_top|core_top:ic|lab_probe:probe|rx_mem[9][18]                   ;
; 3:1                ; 13 bits   ; 26 LEs        ; 0 LEs                ; 26 LEs                 ; Yes        ; |apf_top|core_top:ic|lab_probe:probe|rx_mem[9][17]                   ;
; 3:1                ; 19 bits   ; 38 LEs        ; 19 LEs               ; 19 LEs                 ; Yes        ; |apf_top|core_top:ic|lab_probe:probe|rx_mem[10][23]                  ;
; 3:1                ; 13 bits   ; 26 LEs        ; 0 LEs                ; 26 LEs                 ; Yes        ; |apf_top|core_top:ic|lab_probe:probe|rx_mem[10][29]                  ;
; 3:1                ; 19 bits   ; 38 LEs        ; 19 LEs               ; 19 LEs                 ; Yes        ; |apf_top|core_top:ic|lab_probe:probe|rx_mem[11][15]                  ;
; 3:1                ; 13 bits   ; 26 LEs        ; 0 LEs                ; 26 LEs                 ; Yes        ; |apf_top|core_top:ic|lab_probe:probe|rx_mem[11][0]                   ;
; 3:1                ; 19 bits   ; 38 LEs        ; 19 LEs               ; 19 LEs                 ; Yes        ; |apf_top|core_top:ic|lab_probe:probe|rx_mem[12][21]                  ;
; 3:1                ; 13 bits   ; 26 LEs        ; 0 LEs                ; 26 LEs                 ; Yes        ; |apf_top|core_top:ic|lab_probe:probe|rx_mem[12][17]                  ;
; 3:1                ; 19 bits   ; 38 LEs        ; 19 LEs               ; 19 LEs                 ; Yes        ; |apf_top|core_top:ic|lab_probe:probe|rx_mem[13][7]                   ;
; 3:1                ; 13 bits   ; 26 LEs        ; 0 LEs                ; 26 LEs                 ; Yes        ; |apf_top|core_top:ic|lab_probe:probe|rx_mem[13][10]                  ;
; 3:1                ; 19 bits   ; 38 LEs        ; 19 LEs               ; 19 LEs                 ; Yes        ; |apf_top|core_top:ic|lab_probe:probe|rx_mem[14][19]                  ;
; 3:1                ; 13 bits   ; 26 LEs        ; 0 LEs                ; 26 LEs                 ; Yes        ; |apf_top|core_top:ic|lab_probe:probe|rx_mem[14][24]                  ;
; 3:1                ; 19 bits   ; 38 LEs        ; 19 LEs               ; 19 LEs                 ; Yes        ; |apf_top|core_top:ic|lab_probe:probe|rx_mem[15][18]                  ;
; 3:1                ; 13 bits   ; 26 LEs        ; 0 LEs                ; 26 LEs                 ; Yes        ; |apf_top|core_top:ic|lab_probe:probe|rx_mem[15][5]                   ;
; 3:1                ; 2 bits    ; 4 LEs         ; 4 LEs                ; 0 LEs                  ; Yes        ; |apf_top|core_top:ic|lab_video:screen|rgb[15]                        ;
; 3:1                ; 10 bits   ; 20 LEs        ; 0 LEs                ; 20 LEs                 ; Yes        ; |apf_top|core_top:ic|lab_video:screen|x[8]                           ;
; 3:1                ; 9 bits    ; 18 LEs        ; 9 LEs                ; 9 LEs                  ; Yes        ; |apf_top|core_top:ic|core_bridge_cmd:commands|host_0[22]             ;
; 4:1                ; 4 bits    ; 8 LEs         ; 8 LEs                ; 0 LEs                  ; Yes        ; |apf_top|core_top:ic|lab_video:screen|rgb[23]                        ;
; 4:1                ; 10 bits   ; 20 LEs        ; 0 LEs                ; 20 LEs                 ; Yes        ; |apf_top|core_top:ic|lab_video:screen|y[8]                           ;
; 4:1                ; 32 bits   ; 64 LEs        ; 64 LEs               ; 0 LEs                  ; Yes        ; |apf_top|io_bridge_peripheral:ibs|spis_word_tx[19]                   ;
; 4:1                ; 32 bits   ; 64 LEs        ; 0 LEs                ; 64 LEs                 ; Yes        ; |apf_top|core_top:ic|lab_probe:probe|elapsed_cycles[24]              ;
; 4:1                ; 30 bits   ; 60 LEs        ; 0 LEs                ; 60 LEs                 ; Yes        ; |apf_top|io_bridge_peripheral:ibs|spis_word[5]                       ;
; 16:1               ; 64 bits   ; 640 LEs       ; 640 LEs              ; 0 LEs                  ; Yes        ; |apf_top|core_top:ic|lab_probe:probe|rx_q[1]                         ;
; 4:1                ; 7 bits    ; 14 LEs        ; 7 LEs                ; 7 LEs                  ; Yes        ; |apf_top|io_bridge_peripheral:ibs|read_cnt[0]                        ;
; 5:1                ; 2 bits    ; 6 LEs         ; 6 LEs                ; 0 LEs                  ; Yes        ; |apf_top|core_top:ic|lab_video:screen|rgb[13]                        ;
; 5:1                ; 2 bits    ; 6 LEs         ; 4 LEs                ; 2 LEs                  ; Yes        ; |apf_top|io_bridge_peripheral:ibs|data_cnt[1]                        ;
; 5:1                ; 19 bits   ; 57 LEs        ; 0 LEs                ; 57 LEs                 ; Yes        ; |apf_top|io_pad_controller:ipm|tx_word_shift[5]                      ;
; 5:1                ; 12 bits   ; 36 LEs        ; 0 LEs                ; 36 LEs                 ; Yes        ; |apf_top|io_pad_controller:ipm|tx_word_shift[23]                     ;
; 5:1                ; 3 bits    ; 9 LEs         ; 3 LEs                ; 6 LEs                  ; Yes        ; |apf_top|core_top:ic|lab_probe:probe|last_error[2]                   ;
; 5:1                ; 32 bits   ; 96 LEs        ; 0 LEs                ; 96 LEs                 ; Yes        ; |apf_top|core_top:ic|lab_probe:probe|checksum[23]                    ;
; 6:1                ; 6 bits    ; 24 LEs        ; 6 LEs                ; 18 LEs                 ; Yes        ; |apf_top|io_pad_controller:ipm|tr_bit[0]                             ;
; 6:1                ; 14 bits   ; 56 LEs        ; 28 LEs               ; 28 LEs                 ; Yes        ; |apf_top|core_top:ic|core_bridge_cmd:commands|host_0[9]              ;
; 6:1                ; 2 bits    ; 8 LEs         ; 6 LEs                ; 2 LEs                  ; Yes        ; |apf_top|core_top:ic|core_bridge_cmd:commands|host_0[0]              ;
; 7:1                ; 8 bits    ; 32 LEs        ; 0 LEs                ; 32 LEs                 ; Yes        ; |apf_top|io_pad_controller:ipm|tr_cnt[0]                             ;
; 5:1                ; 2 bits    ; 6 LEs         ; 4 LEs                ; 2 LEs                  ; Yes        ; |apf_top|core_top:ic|core_bridge_cmd:commands|target_0[8]            ;
; 7:1                ; 4 bits    ; 16 LEs        ; 4 LEs                ; 12 LEs                 ; Yes        ; |apf_top|core_top:ic|lab_probe:probe|word_index[3]                   ;
; 12:1               ; 2 bits    ; 16 LEs        ; 8 LEs                ; 8 LEs                  ; Yes        ; |apf_top|core_top:ic|lab_probe:probe|status[2]                       ;
; 130:1              ; 27 bits   ; 2322 LEs      ; 81 LEs               ; 2241 LEs               ; Yes        ; |apf_top|core_top:ic|core_bridge_cmd:commands|bridge_rd_data_out[22] ;
; 130:1              ; 2 bits    ; 172 LEs       ; 14 LEs               ; 158 LEs                ; Yes        ; |apf_top|core_top:ic|core_bridge_cmd:commands|bridge_rd_data_out[8]  ;
; 130:1              ; 2 bits    ; 172 LEs       ; 14 LEs               ; 158 LEs                ; Yes        ; |apf_top|core_top:ic|core_bridge_cmd:commands|bridge_rd_data_out[1]  ;
; 4:1                ; 14 bits   ; 28 LEs        ; 28 LEs               ; 0 LEs                  ; No         ; |apf_top|core_top:ic|core_bridge_cmd:commands|target_0               ;
; 16:1               ; 12 bits   ; 120 LEs       ; 36 LEs               ; 84 LEs                 ; No         ; |apf_top|core_top:ic|lab_probe:probe|Mux69                           ;
; 16:1               ; 12 bits   ; 120 LEs       ; 48 LEs               ; 72 LEs                 ; No         ; |apf_top|core_top:ic|lab_probe:probe|Mux86                           ;
; 16:1               ; 64 bits   ; 640 LEs       ; 640 LEs              ; 0 LEs                  ; No         ; |apf_top|core_top:ic|lab_probe:probe|Mux119                          ;
; 7:1                ; 3 bits    ; 12 LEs        ; 12 LEs               ; 0 LEs                  ; No         ; |apf_top|core_top:ic|core_bridge_cmd:commands|Selector187            ;
; 8:1                ; 2 bits    ; 10 LEs        ; 4 LEs                ; 6 LEs                  ; No         ; |apf_top|core_top:ic|lab_probe:probe|Selector77                      ;
; 8:1                ; 2 bits    ; 10 LEs        ; 8 LEs                ; 2 LEs                  ; No         ; |apf_top|core_top:ic|core_bridge_cmd:commands|Selector190            ;
; 11:1               ; 4 bits    ; 28 LEs        ; 16 LEs               ; 12 LEs                 ; No         ; |apf_top|io_bridge_peripheral:ibs|state                              ;
; 11:1               ; 2 bits    ; 14 LEs        ; 6 LEs                ; 8 LEs                  ; No         ; |apf_top|io_bridge_peripheral:ibs|state                              ;
; 11:1               ; 3 bits    ; 21 LEs        ; 12 LEs               ; 9 LEs                  ; No         ; |apf_top|io_pad_controller:ipm|state                                 ;
; 13:1               ; 5 bits    ; 40 LEs        ; 30 LEs               ; 10 LEs                 ; No         ; |apf_top|io_pad_controller:ipm|tr_state                              ;
; 13:1               ; 2 bits    ; 16 LEs        ; 8 LEs                ; 8 LEs                  ; No         ; |apf_top|io_pad_controller:ipm|tr_state                              ;
; 13:1               ; 2 bits    ; 16 LEs        ; 8 LEs                ; 8 LEs                  ; No         ; |apf_top|io_pad_controller:ipm|state                                 ;
; 130:1              ; 2 bits    ; 172 LEs       ; 132 LEs              ; 40 LEs                 ; No         ; |apf_top|core_top:ic|lab_video:screen|character[5]                   ;
+--------------------+-----------+---------------+----------------------+------------------------+------------+----------------------------------------------------------------------+


+------------------------------------------------------------------------------------+
; Source assignments for mf_ddio_bidir_12:isco|altddio_bidir:ALTDDIO_BIDIR_component ;
+-------------------------+-------------+------+-------------------------------------+
; Assignment              ; Value       ; From ; To                                  ;
+-------------------------+-------------+------+-------------------------------------+
; ADV_NETLIST_OPT_ALLOWED ; NEVER_ALLOW ; -    ; -                                   ;
; PRESERVE_REGISTER       ; ON          ; -    ; output_cell_L                       ;
; DDIO_OUTPUT_REGISTER    ; LOW         ; -    ; output_cell_L                       ;
; DDIO_OUTPUT_REGISTER    ; HIGH        ; -    ; mux                                 ;
; DDIO_INPUT_REGISTER     ; LOW         ; -    ; input_cell_L                        ;
; DDIO_INPUT_REGISTER     ; HIGH        ; -    ; input_cell_H                        ;
+-------------------------+-------------+------+-------------------------------------+


+------------------------------------------------------------------------------------------------------------------+
; Source assignments for mf_ddio_bidir_12:isco|altddio_bidir:ALTDDIO_BIDIR_component|ddio_bidir_euo:auto_generated ;
+-----------------------------+---------+------+-------------------------------------------------------------------+
; Assignment                  ; Value   ; From ; To                                                                ;
+-----------------------------+---------+------+-------------------------------------------------------------------+
; SYNCHRONIZER_IDENTIFICATION ; OFF     ; -    ; -                                                                 ;
; ADV_NETLIST_OPT_ALLOWED     ; DEFAULT ; -    ; -                                                                 ;
+-----------------------------+---------+------+-------------------------------------------------------------------+


+------------------------------------------------------------------------------------+
; Source assignments for mf_ddio_bidir_12:iscc|altddio_bidir:ALTDDIO_BIDIR_component ;
+-------------------------+-------------+------+-------------------------------------+
; Assignment              ; Value       ; From ; To                                  ;
+-------------------------+-------------+------+-------------------------------------+
; ADV_NETLIST_OPT_ALLOWED ; NEVER_ALLOW ; -    ; -                                   ;
; PRESERVE_REGISTER       ; ON          ; -    ; output_cell_L                       ;
; DDIO_OUTPUT_REGISTER    ; LOW         ; -    ; output_cell_L                       ;
; DDIO_OUTPUT_REGISTER    ; HIGH        ; -    ; mux                                 ;
; DDIO_INPUT_REGISTER     ; LOW         ; -    ; input_cell_L                        ;
; DDIO_INPUT_REGISTER     ; HIGH        ; -    ; input_cell_H                        ;
+-------------------------+-------------+------+-------------------------------------+


+------------------------------------------------------------------------------------------------------------------+
; Source assignments for mf_ddio_bidir_12:iscc|altddio_bidir:ALTDDIO_BIDIR_component|ddio_bidir_euo:auto_generated ;
+-----------------------------+---------+------+-------------------------------------------------------------------+
; Assignment                  ; Value   ; From ; To                                                                ;
+-----------------------------+---------+------+-------------------------------------------------------------------+
; SYNCHRONIZER_IDENTIFICATION ; OFF     ; -    ; -                                                                 ;
; ADV_NETLIST_OPT_ALLOWED     ; DEFAULT ; -    ; -                                                                 ;
+-----------------------------+---------+------+-------------------------------------------------------------------+


+-------------------------------------------------------------------------------------+
; Source assignments for mf_ddio_bidir_12:isclk|altddio_bidir:ALTDDIO_BIDIR_component ;
+-------------------------+-------------+------+--------------------------------------+
; Assignment              ; Value       ; From ; To                                   ;
+-------------------------+-------------+------+--------------------------------------+
; ADV_NETLIST_OPT_ALLOWED ; NEVER_ALLOW ; -    ; -                                    ;
; PRESERVE_REGISTER       ; ON          ; -    ; output_cell_L                        ;
; DDIO_OUTPUT_REGISTER    ; LOW         ; -    ; output_cell_L                        ;
; DDIO_OUTPUT_REGISTER    ; HIGH        ; -    ; mux                                  ;
; DDIO_INPUT_REGISTER     ; LOW         ; -    ; input_cell_L                         ;
; DDIO_INPUT_REGISTER     ; HIGH        ; -    ; input_cell_H                         ;
+-------------------------+-------------+------+--------------------------------------+


+-------------------------------------------------------------------------------------------------------------------+
; Source assignments for mf_ddio_bidir_12:isclk|altddio_bidir:ALTDDIO_BIDIR_component|ddio_bidir_euo:auto_generated ;
+-----------------------------+---------+------+--------------------------------------------------------------------+
; Assignment                  ; Value   ; From ; To                                                                 ;
+-----------------------------+---------+------+--------------------------------------------------------------------+
; SYNCHRONIZER_IDENTIFICATION ; OFF     ; -    ; -                                                                  ;
; ADV_NETLIST_OPT_ALLOWED     ; DEFAULT ; -    ; -                                                                  ;
+-----------------------------+---------+------+--------------------------------------------------------------------+


+---------------------------------------------------------------------------------------------------------------------------------------------+
; Source assignments for core_top:ic|core_bridge_cmd:commands|mf_datatable:idt|altsyncram:altsyncram_component|altsyncram_ltk2:auto_generated ;
+---------------------------------+--------------------+------+-------------------------------------------------------------------------------+
; Assignment                      ; Value              ; From ; To                                                                            ;
+---------------------------------+--------------------+------+-------------------------------------------------------------------------------+
; OPTIMIZE_POWER_DURING_SYNTHESIS ; NORMAL_COMPILATION ; -    ; -                                                                             ;
+---------------------------------+--------------------+------+-------------------------------------------------------------------------------+


+-----------------------------------------------------------------------------------------------------------------------------------------------+
; Source assignments for core_top:ic|synch_3:display_sync|altshift_taps:stage_1_rtl_0|shift_taps_f0v:auto_generated|altsyncram_nu91:altsyncram4 ;
+---------------------------------+--------------------+------+---------------------------------------------------------------------------------+
; Assignment                      ; Value              ; From ; To                                                                              ;
+---------------------------------+--------------------+------+---------------------------------------------------------------------------------+
; OPTIMIZE_POWER_DURING_SYNTHESIS ; NORMAL_COMPILATION ; -    ; -                                                                               ;
+---------------------------------+--------------------+------+---------------------------------------------------------------------------------+


+----------------------------------------------------------------------------------------------------------+
; Parameter Settings for User Entity Instance: mf_ddio_bidir_12:isco|altddio_bidir:ALTDDIO_BIDIR_component ;
+--------------------------+----------------+--------------------------------------------------------------+
; Parameter Name           ; Value          ; Type                                                         ;
+--------------------------+----------------+--------------------------------------------------------------+
; AUTO_CARRY_CHAINS        ; ON             ; AUTO_CARRY                                                   ;
; IGNORE_CARRY_BUFFERS     ; OFF            ; IGNORE_CARRY                                                 ;
; AUTO_CASCADE_CHAINS      ; ON             ; AUTO_CASCADE                                                 ;
; IGNORE_CASCADE_BUFFERS   ; OFF            ; IGNORE_CASCADE                                               ;
; WIDTH                    ; 12             ; Signed Integer                                               ;
; POWER_UP_HIGH            ; OFF            ; Untyped                                                      ;
; OE_REG                   ; UNREGISTERED   ; Untyped                                                      ;
; extend_oe_disable        ; OFF            ; Untyped                                                      ;
; IMPLEMENT_INPUT_IN_LCELL ; OFF            ; Untyped                                                      ;
; INTENDED_DEVICE_FAMILY   ; Cyclone V      ; Untyped                                                      ;
; DEVICE_FAMILY            ; Cyclone V      ; Untyped                                                      ;
; CBXI_PARAMETER           ; ddio_bidir_euo ; Untyped                                                      ;
+--------------------------+----------------+--------------------------------------------------------------+
Note: In order to hide this table in the UI and the text report file, please set the "Show Parameter Settings in Synthesis Report" option in "Analysis and Synthesis Settings -> More Settings" to "Off".


+----------------------------------------------------------------------------------------------------------+
; Parameter Settings for User Entity Instance: mf_ddio_bidir_12:iscc|altddio_bidir:ALTDDIO_BIDIR_component ;
+--------------------------+----------------+--------------------------------------------------------------+
; Parameter Name           ; Value          ; Type                                                         ;
+--------------------------+----------------+--------------------------------------------------------------+
; AUTO_CARRY_CHAINS        ; ON             ; AUTO_CARRY                                                   ;
; IGNORE_CARRY_BUFFERS     ; OFF            ; IGNORE_CARRY                                                 ;
; AUTO_CASCADE_CHAINS      ; ON             ; AUTO_CASCADE                                                 ;
; IGNORE_CASCADE_BUFFERS   ; OFF            ; IGNORE_CASCADE                                               ;
; WIDTH                    ; 12             ; Signed Integer                                               ;
; POWER_UP_HIGH            ; OFF            ; Untyped                                                      ;
; OE_REG                   ; UNREGISTERED   ; Untyped                                                      ;
; extend_oe_disable        ; OFF            ; Untyped                                                      ;
; IMPLEMENT_INPUT_IN_LCELL ; OFF            ; Untyped                                                      ;
; INTENDED_DEVICE_FAMILY   ; Cyclone V      ; Untyped                                                      ;
; DEVICE_FAMILY            ; Cyclone V      ; Untyped                                                      ;
; CBXI_PARAMETER           ; ddio_bidir_euo ; Untyped                                                      ;
+--------------------------+----------------+--------------------------------------------------------------+
Note: In order to hide this table in the UI and the text report file, please set the "Show Parameter Settings in Synthesis Report" option in "Analysis and Synthesis Settings -> More Settings" to "Off".


+-----------------------------------------------------------------------------------------------------------+
; Parameter Settings for User Entity Instance: mf_ddio_bidir_12:isclk|altddio_bidir:ALTDDIO_BIDIR_component ;
+--------------------------+----------------+---------------------------------------------------------------+
; Parameter Name           ; Value          ; Type                                                          ;
+--------------------------+----------------+---------------------------------------------------------------+
; AUTO_CARRY_CHAINS        ; ON             ; AUTO_CARRY                                                    ;
; IGNORE_CARRY_BUFFERS     ; OFF            ; IGNORE_CARRY                                                  ;
; AUTO_CASCADE_CHAINS      ; ON             ; AUTO_CASCADE                                                  ;
; IGNORE_CASCADE_BUFFERS   ; OFF            ; IGNORE_CASCADE                                                ;
; WIDTH                    ; 12             ; Signed Integer                                                ;
; POWER_UP_HIGH            ; OFF            ; Untyped                                                       ;
; OE_REG                   ; UNREGISTERED   ; Untyped                                                       ;
; extend_oe_disable        ; OFF            ; Untyped                                                       ;
; IMPLEMENT_INPUT_IN_LCELL ; OFF            ; Untyped                                                       ;
; INTENDED_DEVICE_FAMILY   ; Cyclone V      ; Untyped                                                       ;
; DEVICE_FAMILY            ; Cyclone V      ; Untyped                                                       ;
; CBXI_PARAMETER           ; ddio_bidir_euo ; Untyped                                                       ;
+--------------------------+----------------+---------------------------------------------------------------+
Note: In order to hide this table in the UI and the text report file, please set the "Show Parameter Settings in Synthesis Report" option in "Analysis and Synthesis Settings -> More Settings" to "Off".


+--------------------------------------------------------------------------------+
; Parameter Settings for User Entity Instance: io_pad_controller:ipm|synch_3:s00 ;
+----------------+-------+-------------------------------------------------------+
; Parameter Name ; Value ; Type                                                  ;
+----------------+-------+-------------------------------------------------------+
; WIDTH          ; 1     ; Signed Integer                                        ;
+----------------+-------+-------------------------------------------------------+
Note: In order to hide this table in the UI and the text report file, please set the "Show Parameter Settings in Synthesis Report" option in "Analysis and Synthesis Settings -> More Settings" to "Off".


+--------------------------------------------------------------------------------+
; Parameter Settings for User Entity Instance: io_pad_controller:ipm|synch_3:s01 ;
+----------------+-------+-------------------------------------------------------+
; Parameter Name ; Value ; Type                                                  ;
+----------------+-------+-------------------------------------------------------+
; WIDTH          ; 1     ; Signed Integer                                        ;
+----------------+-------+-------------------------------------------------------+
Note: In order to hide this table in the UI and the text report file, please set the "Show Parameter Settings in Synthesis Report" option in "Analysis and Synthesis Settings -> More Settings" to "Off".


+-----------------------------------------------------------------------------------+
; Parameter Settings for User Entity Instance: io_bridge_peripheral:ibs|synch_3:s00 ;
+----------------+-------+----------------------------------------------------------+
; Parameter Name ; Value ; Type                                                     ;
+----------------+-------+----------------------------------------------------------+
; WIDTH          ; 1     ; Signed Integer                                           ;
+----------------+-------+----------------------------------------------------------+
Note: In order to hide this table in the UI and the text report file, please set the "Show Parameter Settings in Synthesis Report" option in "Analysis and Synthesis Settings -> More Settings" to "Off".


+-----------------------------------------------------------------------------------+
; Parameter Settings for User Entity Instance: io_bridge_peripheral:ibs|synch_3:s01 ;
+----------------+-------+----------------------------------------------------------+
; Parameter Name ; Value ; Type                                                     ;
+----------------+-------+----------------------------------------------------------+
; WIDTH          ; 1     ; Signed Integer                                           ;
+----------------+-------+----------------------------------------------------------+
Note: In order to hide this table in the UI and the text report file, please set the "Show Parameter Settings in Synthesis Report" option in "Analysis and Synthesis Settings -> More Settings" to "Off".


+-----------------------------------------------------------------------------------+
; Parameter Settings for User Entity Instance: io_bridge_peripheral:ibs|synch_3:s02 ;
+----------------+-------+----------------------------------------------------------+
; Parameter Name ; Value ; Type                                                     ;
+----------------+-------+----------------------------------------------------------+
; WIDTH          ; 1     ; Signed Integer                                           ;
+----------------+-------+----------------------------------------------------------+
Note: In order to hide this table in the UI and the text report file, please set the "Show Parameter Settings in Synthesis Report" option in "Analysis and Synthesis Settings -> More Settings" to "Off".


+-----------------------------------------------------------------------------------+
; Parameter Settings for User Entity Instance: io_bridge_peripheral:ibs|synch_3:s03 ;
+----------------+-------+----------------------------------------------------------+
; Parameter Name ; Value ; Type                                                     ;
+----------------+-------+----------------------------------------------------------+
; WIDTH          ; 1     ; Signed Integer                                           ;
+----------------+-------+----------------------------------------------------------+
Note: In order to hide this table in the UI and the text report file, please set the "Show Parameter Settings in Synthesis Report" option in "Analysis and Synthesis Settings -> More Settings" to "Off".


+----------------------------------------------------------------------------+
; Parameter Settings for User Entity Instance: core_top:ic|synch_3:lock_sync ;
+----------------+-------+---------------------------------------------------+
; Parameter Name ; Value ; Type                                              ;
+----------------+-------+---------------------------------------------------+
; WIDTH          ; 1     ; Signed Integer                                    ;
+----------------+-------+---------------------------------------------------+
Note: In order to hide this table in the UI and the text report file, please set the "Show Parameter Settings in Synthesis Report" option in "Analysis and Synthesis Settings -> More Settings" to "Off".


+---------------------------------------------------------------------------------------------------------------------------------+
; Parameter Settings for User Entity Instance: core_top:ic|mf_pllbase:mp1|mf_pllbase_0002:mf_pllbase_inst|altera_pll:altera_pll_i ;
+--------------------------------------+------------------------+-----------------------------------------------------------------+
; Parameter Name                       ; Value                  ; Type                                                            ;
+--------------------------------------+------------------------+-----------------------------------------------------------------+
; reference_clock_frequency            ; 74.25 MHz              ; String                                                          ;
; fractional_vco_multiplier            ; true                   ; String                                                          ;
; pll_type                             ; General                ; String                                                          ;
; pll_subtype                          ; General                ; String                                                          ;
; number_of_clocks                     ; 5                      ; Signed Integer                                                  ;
; operation_mode                       ; normal                 ; String                                                          ;
; deserialization_factor               ; 4                      ; Signed Integer                                                  ;
; data_rate                            ; 0                      ; Signed Integer                                                  ;
; sim_additional_refclk_cycles_to_lock ; 0                      ; Signed Integer                                                  ;
; output_clock_frequency0              ; 12.287999 MHz          ; String                                                          ;
; phase_shift0                         ; 0 ps                   ; String                                                          ;
; duty_cycle0                          ; 50                     ; Signed Integer                                                  ;
; output_clock_frequency1              ; 12.287999 MHz          ; String                                                          ;
; phase_shift1                         ; 20345 ps               ; String                                                          ;
; duty_cycle1                          ; 50                     ; Signed Integer                                                  ;
; output_clock_frequency2              ; 133.119993 MHz         ; String                                                          ;
; phase_shift2                         ; 0 ps                   ; String                                                          ;
; duty_cycle2                          ; 50                     ; Signed Integer                                                  ;
; output_clock_frequency3              ; 133.119992 MHz         ; String                                                          ;
; phase_shift3                         ; 6573 ps                ; String                                                          ;
; duty_cycle3                          ; 50                     ; Signed Integer                                                  ;
; output_clock_frequency4              ; 133.119990 MHz         ; String                                                          ;
; phase_shift4                         ; 5634 ps                ; String                                                          ;
; duty_cycle4                          ; 50                     ; Signed Integer                                                  ;
; output_clock_frequency5              ; 0 MHz                  ; String                                                          ;
; phase_shift5                         ; 0 ps                   ; String                                                          ;
; duty_cycle5                          ; 50                     ; Signed Integer                                                  ;
; output_clock_frequency6              ; 0 MHz                  ; String                                                          ;
; phase_shift6                         ; 0 ps                   ; String                                                          ;
; duty_cycle6                          ; 50                     ; Signed Integer                                                  ;
; output_clock_frequency7              ; 0 MHz                  ; String                                                          ;
; phase_shift7                         ; 0 ps                   ; String                                                          ;
; duty_cycle7                          ; 50                     ; Signed Integer                                                  ;
; output_clock_frequency8              ; 0 MHz                  ; String                                                          ;
; phase_shift8                         ; 0 ps                   ; String                                                          ;
; duty_cycle8                          ; 50                     ; Signed Integer                                                  ;
; output_clock_frequency9              ; 0 MHz                  ; String                                                          ;
; phase_shift9                         ; 0 ps                   ; String                                                          ;
; duty_cycle9                          ; 50                     ; Signed Integer                                                  ;
; output_clock_frequency10             ; 0 MHz                  ; String                                                          ;
; phase_shift10                        ; 0 ps                   ; String                                                          ;
; duty_cycle10                         ; 50                     ; Signed Integer                                                  ;
; output_clock_frequency11             ; 0 MHz                  ; String                                                          ;
; phase_shift11                        ; 0 ps                   ; String                                                          ;
; duty_cycle11                         ; 50                     ; Signed Integer                                                  ;
; output_clock_frequency12             ; 0 MHz                  ; String                                                          ;
; phase_shift12                        ; 0 ps                   ; String                                                          ;
; duty_cycle12                         ; 50                     ; Signed Integer                                                  ;
; output_clock_frequency13             ; 0 MHz                  ; String                                                          ;
; phase_shift13                        ; 0 ps                   ; String                                                          ;
; duty_cycle13                         ; 50                     ; Signed Integer                                                  ;
; output_clock_frequency14             ; 0 MHz                  ; String                                                          ;
; phase_shift14                        ; 0 ps                   ; String                                                          ;
; duty_cycle14                         ; 50                     ; Signed Integer                                                  ;
; output_clock_frequency15             ; 0 MHz                  ; String                                                          ;
; phase_shift15                        ; 0 ps                   ; String                                                          ;
; duty_cycle15                         ; 50                     ; Signed Integer                                                  ;
; output_clock_frequency16             ; 0 MHz                  ; String                                                          ;
; phase_shift16                        ; 0 ps                   ; String                                                          ;
; duty_cycle16                         ; 50                     ; Signed Integer                                                  ;
; output_clock_frequency17             ; 0 MHz                  ; String                                                          ;
; phase_shift17                        ; 0 ps                   ; String                                                          ;
; duty_cycle17                         ; 50                     ; Signed Integer                                                  ;
; clock_name_0                         ;                        ; String                                                          ;
; clock_name_1                         ;                        ; String                                                          ;
; clock_name_2                         ;                        ; String                                                          ;
; clock_name_3                         ;                        ; String                                                          ;
; clock_name_4                         ;                        ; String                                                          ;
; clock_name_5                         ;                        ; String                                                          ;
; clock_name_6                         ;                        ; String                                                          ;
; clock_name_7                         ;                        ; String                                                          ;
; clock_name_8                         ;                        ; String                                                          ;
; clock_name_global_0                  ; false                  ; String                                                          ;
; clock_name_global_1                  ; false                  ; String                                                          ;
; clock_name_global_2                  ; false                  ; String                                                          ;
; clock_name_global_3                  ; false                  ; String                                                          ;
; clock_name_global_4                  ; false                  ; String                                                          ;
; clock_name_global_5                  ; false                  ; String                                                          ;
; clock_name_global_6                  ; false                  ; String                                                          ;
; clock_name_global_7                  ; false                  ; String                                                          ;
; clock_name_global_8                  ; false                  ; String                                                          ;
; m_cnt_hi_div                         ; 1                      ; Signed Integer                                                  ;
; m_cnt_lo_div                         ; 1                      ; Signed Integer                                                  ;
; m_cnt_bypass_en                      ; false                  ; String                                                          ;
; m_cnt_odd_div_duty_en                ; false                  ; String                                                          ;
; n_cnt_hi_div                         ; 1                      ; Signed Integer                                                  ;
; n_cnt_lo_div                         ; 1                      ; Signed Integer                                                  ;
; n_cnt_bypass_en                      ; false                  ; String                                                          ;
; n_cnt_odd_div_duty_en                ; false                  ; String                                                          ;
; c_cnt_hi_div0                        ; 1                      ; Signed Integer                                                  ;
; c_cnt_lo_div0                        ; 1                      ; Signed Integer                                                  ;
; c_cnt_bypass_en0                     ; false                  ; String                                                          ;
; c_cnt_in_src0                        ; ph_mux_clk             ; String                                                          ;
; c_cnt_odd_div_duty_en0               ; false                  ; String                                                          ;
; c_cnt_prst0                          ; 1                      ; Signed Integer                                                  ;
; c_cnt_ph_mux_prst0                   ; 0                      ; Signed Integer                                                  ;
; c_cnt_hi_div1                        ; 1                      ; Signed Integer                                                  ;
; c_cnt_lo_div1                        ; 1                      ; Signed Integer                                                  ;
; c_cnt_bypass_en1                     ; false                  ; String                                                          ;
; c_cnt_in_src1                        ; ph_mux_clk             ; String                                                          ;
; c_cnt_odd_div_duty_en1               ; false                  ; String                                                          ;
; c_cnt_prst1                          ; 1                      ; Signed Integer                                                  ;
; c_cnt_ph_mux_prst1                   ; 0                      ; Signed Integer                                                  ;
; c_cnt_hi_div2                        ; 1                      ; Signed Integer                                                  ;
; c_cnt_lo_div2                        ; 1                      ; Signed Integer                                                  ;
; c_cnt_bypass_en2                     ; false                  ; String                                                          ;
; c_cnt_in_src2                        ; ph_mux_clk             ; String                                                          ;
; c_cnt_odd_div_duty_en2               ; false                  ; String                                                          ;
; c_cnt_prst2                          ; 1                      ; Signed Integer                                                  ;
; c_cnt_ph_mux_prst2                   ; 0                      ; Signed Integer                                                  ;
; c_cnt_hi_div3                        ; 1                      ; Signed Integer                                                  ;
; c_cnt_lo_div3                        ; 1                      ; Signed Integer                                                  ;
; c_cnt_bypass_en3                     ; false                  ; String                                                          ;
; c_cnt_in_src3                        ; ph_mux_clk             ; String                                                          ;
; c_cnt_odd_div_duty_en3               ; false                  ; String                                                          ;
; c_cnt_prst3                          ; 1                      ; Signed Integer                                                  ;
; c_cnt_ph_mux_prst3                   ; 0                      ; Signed Integer                                                  ;
; c_cnt_hi_div4                        ; 1                      ; Signed Integer                                                  ;
; c_cnt_lo_div4                        ; 1                      ; Signed Integer                                                  ;
; c_cnt_bypass_en4                     ; false                  ; String                                                          ;
; c_cnt_in_src4                        ; ph_mux_clk             ; String                                                          ;
; c_cnt_odd_div_duty_en4               ; false                  ; String                                                          ;
; c_cnt_prst4                          ; 1                      ; Signed Integer                                                  ;
; c_cnt_ph_mux_prst4                   ; 0                      ; Signed Integer                                                  ;
; c_cnt_hi_div5                        ; 1                      ; Signed Integer                                                  ;
; c_cnt_lo_div5                        ; 1                      ; Signed Integer                                                  ;
; c_cnt_bypass_en5                     ; false                  ; String                                                          ;
; c_cnt_in_src5                        ; ph_mux_clk             ; String                                                          ;
; c_cnt_odd_div_duty_en5               ; false                  ; String                                                          ;
; c_cnt_prst5                          ; 1                      ; Signed Integer                                                  ;
; c_cnt_ph_mux_prst5                   ; 0                      ; Signed Integer                                                  ;
; c_cnt_hi_div6                        ; 1                      ; Signed Integer                                                  ;
; c_cnt_lo_div6                        ; 1                      ; Signed Integer                                                  ;
; c_cnt_bypass_en6                     ; false                  ; String                                                          ;
; c_cnt_in_src6                        ; ph_mux_clk             ; String                                                          ;
; c_cnt_odd_div_duty_en6               ; false                  ; String                                                          ;
; c_cnt_prst6                          ; 1                      ; Signed Integer                                                  ;
; c_cnt_ph_mux_prst6                   ; 0                      ; Signed Integer                                                  ;
; c_cnt_hi_div7                        ; 1                      ; Signed Integer                                                  ;
; c_cnt_lo_div7                        ; 1                      ; Signed Integer                                                  ;
; c_cnt_bypass_en7                     ; false                  ; String                                                          ;
; c_cnt_in_src7                        ; ph_mux_clk             ; String                                                          ;
; c_cnt_odd_div_duty_en7               ; false                  ; String                                                          ;
; c_cnt_prst7                          ; 1                      ; Signed Integer                                                  ;
; c_cnt_ph_mux_prst7                   ; 0                      ; Signed Integer                                                  ;
; c_cnt_hi_div8                        ; 1                      ; Signed Integer                                                  ;
; c_cnt_lo_div8                        ; 1                      ; Signed Integer                                                  ;
; c_cnt_bypass_en8                     ; false                  ; String                                                          ;
; c_cnt_in_src8                        ; ph_mux_clk             ; String                                                          ;
; c_cnt_odd_div_duty_en8               ; false                  ; String                                                          ;
; c_cnt_prst8                          ; 1                      ; Signed Integer                                                  ;
; c_cnt_ph_mux_prst8                   ; 0                      ; Signed Integer                                                  ;
; c_cnt_hi_div9                        ; 1                      ; Signed Integer                                                  ;
; c_cnt_lo_div9                        ; 1                      ; Signed Integer                                                  ;
; c_cnt_bypass_en9                     ; false                  ; String                                                          ;
; c_cnt_in_src9                        ; ph_mux_clk             ; String                                                          ;
; c_cnt_odd_div_duty_en9               ; false                  ; String                                                          ;
; c_cnt_prst9                          ; 1                      ; Signed Integer                                                  ;
; c_cnt_ph_mux_prst9                   ; 0                      ; Signed Integer                                                  ;
; c_cnt_hi_div10                       ; 1                      ; Signed Integer                                                  ;
; c_cnt_lo_div10                       ; 1                      ; Signed Integer                                                  ;
; c_cnt_bypass_en10                    ; false                  ; String                                                          ;
; c_cnt_in_src10                       ; ph_mux_clk             ; String                                                          ;
; c_cnt_odd_div_duty_en10              ; false                  ; String                                                          ;
; c_cnt_prst10                         ; 1                      ; Signed Integer                                                  ;
; c_cnt_ph_mux_prst10                  ; 0                      ; Signed Integer                                                  ;
; c_cnt_hi_div11                       ; 1                      ; Signed Integer                                                  ;
; c_cnt_lo_div11                       ; 1                      ; Signed Integer                                                  ;
; c_cnt_bypass_en11                    ; false                  ; String                                                          ;
; c_cnt_in_src11                       ; ph_mux_clk             ; String                                                          ;
; c_cnt_odd_div_duty_en11              ; false                  ; String                                                          ;
; c_cnt_prst11                         ; 1                      ; Signed Integer                                                  ;
; c_cnt_ph_mux_prst11                  ; 0                      ; Signed Integer                                                  ;
; c_cnt_hi_div12                       ; 1                      ; Signed Integer                                                  ;
; c_cnt_lo_div12                       ; 1                      ; Signed Integer                                                  ;
; c_cnt_bypass_en12                    ; false                  ; String                                                          ;
; c_cnt_in_src12                       ; ph_mux_clk             ; String                                                          ;
; c_cnt_odd_div_duty_en12              ; false                  ; String                                                          ;
; c_cnt_prst12                         ; 1                      ; Signed Integer                                                  ;
; c_cnt_ph_mux_prst12                  ; 0                      ; Signed Integer                                                  ;
; c_cnt_hi_div13                       ; 1                      ; Signed Integer                                                  ;
; c_cnt_lo_div13                       ; 1                      ; Signed Integer                                                  ;
; c_cnt_bypass_en13                    ; false                  ; String                                                          ;
; c_cnt_in_src13                       ; ph_mux_clk             ; String                                                          ;
; c_cnt_odd_div_duty_en13              ; false                  ; String                                                          ;
; c_cnt_prst13                         ; 1                      ; Signed Integer                                                  ;
; c_cnt_ph_mux_prst13                  ; 0                      ; Signed Integer                                                  ;
; c_cnt_hi_div14                       ; 1                      ; Signed Integer                                                  ;
; c_cnt_lo_div14                       ; 1                      ; Signed Integer                                                  ;
; c_cnt_bypass_en14                    ; false                  ; String                                                          ;
; c_cnt_in_src14                       ; ph_mux_clk             ; String                                                          ;
; c_cnt_odd_div_duty_en14              ; false                  ; String                                                          ;
; c_cnt_prst14                         ; 1                      ; Signed Integer                                                  ;
; c_cnt_ph_mux_prst14                  ; 0                      ; Signed Integer                                                  ;
; c_cnt_hi_div15                       ; 1                      ; Signed Integer                                                  ;
; c_cnt_lo_div15                       ; 1                      ; Signed Integer                                                  ;
; c_cnt_bypass_en15                    ; false                  ; String                                                          ;
; c_cnt_in_src15                       ; ph_mux_clk             ; String                                                          ;
; c_cnt_odd_div_duty_en15              ; false                  ; String                                                          ;
; c_cnt_prst15                         ; 1                      ; Signed Integer                                                  ;
; c_cnt_ph_mux_prst15                  ; 0                      ; Signed Integer                                                  ;
; c_cnt_hi_div16                       ; 1                      ; Signed Integer                                                  ;
; c_cnt_lo_div16                       ; 1                      ; Signed Integer                                                  ;
; c_cnt_bypass_en16                    ; false                  ; String                                                          ;
; c_cnt_in_src16                       ; ph_mux_clk             ; String                                                          ;
; c_cnt_odd_div_duty_en16              ; false                  ; String                                                          ;
; c_cnt_prst16                         ; 1                      ; Signed Integer                                                  ;
; c_cnt_ph_mux_prst16                  ; 0                      ; Signed Integer                                                  ;
; c_cnt_hi_div17                       ; 1                      ; Signed Integer                                                  ;
; c_cnt_lo_div17                       ; 1                      ; Signed Integer                                                  ;
; c_cnt_bypass_en17                    ; false                  ; String                                                          ;
; c_cnt_in_src17                       ; ph_mux_clk             ; String                                                          ;
; c_cnt_odd_div_duty_en17              ; false                  ; String                                                          ;
; c_cnt_prst17                         ; 1                      ; Signed Integer                                                  ;
; c_cnt_ph_mux_prst17                  ; 0                      ; Signed Integer                                                  ;
; pll_vco_div                          ; 1                      ; Signed Integer                                                  ;
; pll_slf_rst                          ; false                  ; String                                                          ;
; pll_bw_sel                           ; low                    ; String                                                          ;
; pll_output_clk_frequency             ; 0 MHz                  ; String                                                          ;
; pll_cp_current                       ; 0                      ; Signed Integer                                                  ;
; pll_bwctrl                           ; 0                      ; Signed Integer                                                  ;
; pll_fractional_division              ; 1                      ; Signed Integer                                                  ;
; pll_fractional_cout                  ; 24                     ; Signed Integer                                                  ;
; pll_dsm_out_sel                      ; 1st_order              ; String                                                          ;
; mimic_fbclk_type                     ; gclk                   ; String                                                          ;
; pll_fbclk_mux_1                      ; glb                    ; String                                                          ;
; pll_fbclk_mux_2                      ; fb_1                   ; String                                                          ;
; pll_m_cnt_in_src                     ; ph_mux_clk             ; String                                                          ;
; pll_vcoph_div                        ; 1                      ; Signed Integer                                                  ;
; refclk1_frequency                    ; 0 MHz                  ; String                                                          ;
; pll_clkin_0_src                      ; clk_0                  ; String                                                          ;
; pll_clkin_1_src                      ; clk_0                  ; String                                                          ;
; pll_clk_loss_sw_en                   ; false                  ; String                                                          ;
; pll_auto_clk_sw_en                   ; false                  ; String                                                          ;
; pll_manu_clk_sw_en                   ; false                  ; String                                                          ;
; pll_clk_sw_dly                       ; 0                      ; Signed Integer                                                  ;
; pll_extclk_0_cnt_src                 ; pll_extclk_cnt_src_vss ; String                                                          ;
; pll_extclk_1_cnt_src                 ; pll_extclk_cnt_src_vss ; String                                                          ;
+--------------------------------------+------------------------+-----------------------------------------------------------------+
Note: In order to hide this table in the UI and the text report file, please set the "Show Parameter Settings in Synthesis Report" option in "Analysis and Synthesis Settings -> More Settings" to "Off".


+-----------------------------------------------------------------------------------------------+
; Parameter Settings for User Entity Instance: core_top:ic|core_bridge_cmd:commands|synch_3:s01 ;
+----------------+-------+----------------------------------------------------------------------+
; Parameter Name ; Value ; Type                                                                 ;
+----------------+-------+----------------------------------------------------------------------+
; WIDTH          ; 1     ; Signed Integer                                                       ;
+----------------+-------+----------------------------------------------------------------------+
Note: In order to hide this table in the UI and the text report file, please set the "Show Parameter Settings in Synthesis Report" option in "Analysis and Synthesis Settings -> More Settings" to "Off".


+------------------------------------------------------------------------------------------------------------------------------------+
; Parameter Settings for User Entity Instance: core_top:ic|core_bridge_cmd:commands|mf_datatable:idt|altsyncram:altsyncram_component ;
+------------------------------------+----------------------+------------------------------------------------------------------------+
; Parameter Name                     ; Value                ; Type                                                                   ;
+------------------------------------+----------------------+------------------------------------------------------------------------+
; BYTE_SIZE_BLOCK                    ; 8                    ; Untyped                                                                ;
; AUTO_CARRY_CHAINS                  ; ON                   ; AUTO_CARRY                                                             ;
; IGNORE_CARRY_BUFFERS               ; OFF                  ; IGNORE_CARRY                                                           ;
; AUTO_CASCADE_CHAINS                ; ON                   ; AUTO_CASCADE                                                           ;
; IGNORE_CASCADE_BUFFERS             ; OFF                  ; IGNORE_CASCADE                                                         ;
; WIDTH_BYTEENA                      ; 1                    ; Untyped                                                                ;
; OPERATION_MODE                     ; BIDIR_DUAL_PORT      ; Untyped                                                                ;
; WIDTH_A                            ; 32                   ; Signed Integer                                                         ;
; WIDTHAD_A                          ; 8                    ; Signed Integer                                                         ;
; NUMWORDS_A                         ; 256                  ; Signed Integer                                                         ;
; OUTDATA_REG_A                      ; CLOCK0               ; Untyped                                                                ;
; ADDRESS_ACLR_A                     ; NONE                 ; Untyped                                                                ;
; OUTDATA_ACLR_A                     ; NONE                 ; Untyped                                                                ;
; WRCONTROL_ACLR_A                   ; NONE                 ; Untyped                                                                ;
; INDATA_ACLR_A                      ; NONE                 ; Untyped                                                                ;
; BYTEENA_ACLR_A                     ; NONE                 ; Untyped                                                                ;
; WIDTH_B                            ; 32                   ; Signed Integer                                                         ;
; WIDTHAD_B                          ; 8                    ; Signed Integer                                                         ;
; NUMWORDS_B                         ; 256                  ; Signed Integer                                                         ;
; INDATA_REG_B                       ; CLOCK1               ; Untyped                                                                ;
; WRCONTROL_WRADDRESS_REG_B          ; CLOCK1               ; Untyped                                                                ;
; RDCONTROL_REG_B                    ; CLOCK1               ; Untyped                                                                ;
; ADDRESS_REG_B                      ; CLOCK1               ; Untyped                                                                ;
; OUTDATA_REG_B                      ; CLOCK1               ; Untyped                                                                ;
; BYTEENA_REG_B                      ; CLOCK1               ; Untyped                                                                ;
; INDATA_ACLR_B                      ; NONE                 ; Untyped                                                                ;
; WRCONTROL_ACLR_B                   ; NONE                 ; Untyped                                                                ;
; ADDRESS_ACLR_B                     ; NONE                 ; Untyped                                                                ;
; OUTDATA_ACLR_B                     ; NONE                 ; Untyped                                                                ;
; RDCONTROL_ACLR_B                   ; NONE                 ; Untyped                                                                ;
; BYTEENA_ACLR_B                     ; NONE                 ; Untyped                                                                ;
; WIDTH_BYTEENA_A                    ; 1                    ; Signed Integer                                                         ;
; WIDTH_BYTEENA_B                    ; 1                    ; Signed Integer                                                         ;
; RAM_BLOCK_TYPE                     ; AUTO                 ; Untyped                                                                ;
; BYTE_SIZE                          ; 8                    ; Untyped                                                                ;
; READ_DURING_WRITE_MODE_MIXED_PORTS ; DONT_CARE            ; Untyped                                                                ;
; READ_DURING_WRITE_MODE_PORT_A      ; NEW_DATA_NO_NBE_READ ; Untyped                                                                ;
; READ_DURING_WRITE_MODE_PORT_B      ; NEW_DATA_NO_NBE_READ ; Untyped                                                                ;
; INIT_FILE                          ; ./apf/build_id.mif   ; Untyped                                                                ;
; INIT_FILE_LAYOUT                   ; PORT_A               ; Untyped                                                                ;
; MAXIMUM_DEPTH                      ; 0                    ; Untyped                                                                ;
; CLOCK_ENABLE_INPUT_A               ; BYPASS               ; Untyped                                                                ;
; CLOCK_ENABLE_INPUT_B               ; BYPASS               ; Untyped                                                                ;
; CLOCK_ENABLE_OUTPUT_A              ; BYPASS               ; Untyped                                                                ;
; CLOCK_ENABLE_OUTPUT_B              ; BYPASS               ; Untyped                                                                ;
; CLOCK_ENABLE_CORE_A                ; USE_INPUT_CLKEN      ; Untyped                                                                ;
; CLOCK_ENABLE_CORE_B                ; USE_INPUT_CLKEN      ; Untyped                                                                ;
; ENABLE_ECC                         ; FALSE                ; Untyped                                                                ;
; ECC_PIPELINE_STAGE_ENABLED         ; FALSE                ; Untyped                                                                ;
; WIDTH_ECCSTATUS                    ; 3                    ; Untyped                                                                ;
; DEVICE_FAMILY                      ; Cyclone V            ; Untyped                                                                ;
; CBXI_PARAMETER                     ; altsyncram_ltk2      ; Untyped                                                                ;
+------------------------------------+----------------------+------------------------------------------------------------------------+
Note: In order to hide this table in the UI and the text report file, please set the "Show Parameter Settings in Synthesis Report" option in "Analysis and Synthesis Settings -> More Settings" to "Off".


+--------------------------------------------------------------------------+
; Parameter Settings for User Entity Instance: core_top:ic|lab_probe:probe ;
+----------------+-----------+---------------------------------------------+
; Parameter Name ; Value     ; Type                                        ;
+----------------+-----------+---------------------------------------------+
; TIMEOUT_CYCLES ; 742500000 ; Signed Integer                              ;
+----------------+-----------+---------------------------------------------+
Note: In order to hide this table in the UI and the text report file, please set the "Show Parameter Settings in Synthesis Report" option in "Analysis and Synthesis Settings -> More Settings" to "Off".


+-------------------------------------------------------------------------------+
; Parameter Settings for User Entity Instance: core_top:ic|synch_3:display_sync ;
+----------------+-------+------------------------------------------------------+
; Parameter Name ; Value ; Type                                                 ;
+----------------+-------+------------------------------------------------------+
; WIDTH          ; 135   ; Signed Integer                                       ;
+----------------+-------+------------------------------------------------------+
Note: In order to hide this table in the UI and the text report file, please set the "Show Parameter Settings in Synthesis Report" option in "Analysis and Synthesis Settings -> More Settings" to "Off".


+---------------------------------------------------------------------------------------------------------------+
; Parameter Settings for Inferred Entity Instance: core_top:ic|synch_3:display_sync|altshift_taps:stage_1_rtl_0 ;
+----------------+----------------+-----------------------------------------------------------------------------+
; Parameter Name ; Value          ; Type                                                                        ;
+----------------+----------------+-----------------------------------------------------------------------------+
; WIDTH_BYTEENA  ; 1              ; Untyped                                                                     ;
; NUMBER_OF_TAPS ; 1              ; Untyped                                                                     ;
; TAP_DISTANCE   ; 3              ; Untyped                                                                     ;
; WIDTH          ; 135            ; Untyped                                                                     ;
; POWER_UP_STATE ; DONT_CARE      ; Untyped                                                                     ;
; CBXI_PARAMETER ; shift_taps_f0v ; Untyped                                                                     ;
+----------------+----------------+-----------------------------------------------------------------------------+
Note: In order to hide this table in the UI and the text report file, please set the "Show Parameter Settings in Synthesis Report" option in "Analysis and Synthesis Settings -> More Settings" to "Off".


+-----------------------------------------------------------------------------------------------+
; Parameter Settings for Inferred Entity Instance: core_top:ic|lab_video:screen|lpm_divide:Div0 ;
+------------------------+----------------+-----------------------------------------------------+
; Parameter Name         ; Value          ; Type                                                ;
+------------------------+----------------+-----------------------------------------------------+
; LPM_WIDTHN             ; 32             ; Untyped                                             ;
; LPM_WIDTHD             ; 6              ; Untyped                                             ;
; LPM_NREPRESENTATION    ; SIGNED         ; Untyped                                             ;
; LPM_DREPRESENTATION    ; SIGNED         ; Untyped                                             ;
; LPM_PIPELINE           ; 0              ; Untyped                                             ;
; LPM_REMAINDERPOSITIVE  ; FALSE          ; Untyped                                             ;
; MAXIMIZE_SPEED         ; 5              ; Untyped                                             ;
; CBXI_PARAMETER         ; lpm_divide_cpo ; Untyped                                             ;
; CARRY_CHAIN            ; MANUAL         ; Untyped                                             ;
; OPTIMIZE_FOR_SPEED     ; 5              ; Untyped                                             ;
; AUTO_CARRY_CHAINS      ; ON             ; AUTO_CARRY                                          ;
; IGNORE_CARRY_BUFFERS   ; OFF            ; IGNORE_CARRY                                        ;
; AUTO_CASCADE_CHAINS    ; ON             ; AUTO_CASCADE                                        ;
; IGNORE_CASCADE_BUFFERS ; OFF            ; IGNORE_CASCADE                                      ;
+------------------------+----------------+-----------------------------------------------------+
Note: In order to hide this table in the UI and the text report file, please set the "Show Parameter Settings in Synthesis Report" option in "Analysis and Synthesis Settings -> More Settings" to "Off".


+-----------------------------------------------------------------------------------------------+
; Parameter Settings for Inferred Entity Instance: core_top:ic|lab_video:screen|lpm_divide:Mod0 ;
+------------------------+----------------+-----------------------------------------------------+
; Parameter Name         ; Value          ; Type                                                ;
+------------------------+----------------+-----------------------------------------------------+
; LPM_WIDTHN             ; 32             ; Untyped                                             ;
; LPM_WIDTHD             ; 5              ; Untyped                                             ;
; LPM_NREPRESENTATION    ; SIGNED         ; Untyped                                             ;
; LPM_DREPRESENTATION    ; SIGNED         ; Untyped                                             ;
; LPM_PIPELINE           ; 0              ; Untyped                                             ;
; LPM_REMAINDERPOSITIVE  ; FALSE          ; Untyped                                             ;
; MAXIMIZE_SPEED         ; 5              ; Untyped                                             ;
; CBXI_PARAMETER         ; lpm_divide_eho ; Untyped                                             ;
; CARRY_CHAIN            ; MANUAL         ; Untyped                                             ;
; OPTIMIZE_FOR_SPEED     ; 5              ; Untyped                                             ;
; AUTO_CARRY_CHAINS      ; ON             ; AUTO_CARRY                                          ;
; IGNORE_CARRY_BUFFERS   ; OFF            ; IGNORE_CARRY                                        ;
; AUTO_CASCADE_CHAINS    ; ON             ; AUTO_CASCADE                                        ;
; IGNORE_CASCADE_BUFFERS ; OFF            ; IGNORE_CASCADE                                      ;
+------------------------+----------------+-----------------------------------------------------+
Note: In order to hide this table in the UI and the text report file, please set the "Show Parameter Settings in Synthesis Report" option in "Analysis and Synthesis Settings -> More Settings" to "Off".


+-----------------------------------------------------------------------------------------------+
; Parameter Settings for Inferred Entity Instance: core_top:ic|lab_video:screen|lpm_divide:Mod1 ;
+------------------------+----------------+-----------------------------------------------------+
; Parameter Name         ; Value          ; Type                                                ;
+------------------------+----------------+-----------------------------------------------------+
; LPM_WIDTHN             ; 32             ; Untyped                                             ;
; LPM_WIDTHD             ; 6              ; Untyped                                             ;
; LPM_NREPRESENTATION    ; SIGNED         ; Untyped                                             ;
; LPM_DREPRESENTATION    ; SIGNED         ; Untyped                                             ;
; LPM_PIPELINE           ; 0              ; Untyped                                             ;
; LPM_REMAINDERPOSITIVE  ; FALSE          ; Untyped                                             ;
; MAXIMIZE_SPEED         ; 5              ; Untyped                                             ;
; CBXI_PARAMETER         ; lpm_divide_fho ; Untyped                                             ;
; CARRY_CHAIN            ; MANUAL         ; Untyped                                             ;
; OPTIMIZE_FOR_SPEED     ; 5              ; Untyped                                             ;
; AUTO_CARRY_CHAINS      ; ON             ; AUTO_CARRY                                          ;
; IGNORE_CARRY_BUFFERS   ; OFF            ; IGNORE_CARRY                                        ;
; AUTO_CASCADE_CHAINS    ; ON             ; AUTO_CASCADE                                        ;
; IGNORE_CASCADE_BUFFERS ; OFF            ; IGNORE_CASCADE                                      ;
+------------------------+----------------+-----------------------------------------------------+
Note: In order to hide this table in the UI and the text report file, please set the "Show Parameter Settings in Synthesis Report" option in "Analysis and Synthesis Settings -> More Settings" to "Off".


+-----------------------------------------------------------------------------------------------+
; Parameter Settings for Inferred Entity Instance: core_top:ic|lab_video:screen|lpm_divide:Div1 ;
+------------------------+----------------+-----------------------------------------------------+
; Parameter Name         ; Value          ; Type                                                ;
+------------------------+----------------+-----------------------------------------------------+
; LPM_WIDTHN             ; 32             ; Untyped                                             ;
; LPM_WIDTHD             ; 5              ; Untyped                                             ;
; LPM_NREPRESENTATION    ; SIGNED         ; Untyped                                             ;
; LPM_DREPRESENTATION    ; SIGNED         ; Untyped                                             ;
; LPM_PIPELINE           ; 0              ; Untyped                                             ;
; LPM_REMAINDERPOSITIVE  ; FALSE          ; Untyped                                             ;
; MAXIMIZE_SPEED         ; 5              ; Untyped                                             ;
; CBXI_PARAMETER         ; lpm_divide_bpo ; Untyped                                             ;
; CARRY_CHAIN            ; MANUAL         ; Untyped                                             ;
; OPTIMIZE_FOR_SPEED     ; 5              ; Untyped                                             ;
; AUTO_CARRY_CHAINS      ; ON             ; AUTO_CARRY                                          ;
; IGNORE_CARRY_BUFFERS   ; OFF            ; IGNORE_CARRY                                        ;
; AUTO_CASCADE_CHAINS    ; ON             ; AUTO_CASCADE                                        ;
; IGNORE_CASCADE_BUFFERS ; OFF            ; IGNORE_CASCADE                                      ;
+------------------------+----------------+-----------------------------------------------------+
Note: In order to hide this table in the UI and the text report file, please set the "Show Parameter Settings in Synthesis Report" option in "Analysis and Synthesis Settings -> More Settings" to "Off".


+-----------------------------------------------------------------------------------------------------------------------------------+
; altsyncram Parameter Settings by Entity Instance                                                                                  ;
+-------------------------------------------+---------------------------------------------------------------------------------------+
; Name                                      ; Value                                                                                 ;
+-------------------------------------------+---------------------------------------------------------------------------------------+
; Number of entity instances                ; 1                                                                                     ;
; Entity Instance                           ; core_top:ic|core_bridge_cmd:commands|mf_datatable:idt|altsyncram:altsyncram_component ;
;     -- OPERATION_MODE                     ; BIDIR_DUAL_PORT                                                                       ;
;     -- WIDTH_A                            ; 32                                                                                    ;
;     -- NUMWORDS_A                         ; 256                                                                                   ;
;     -- OUTDATA_REG_A                      ; CLOCK0                                                                                ;
;     -- WIDTH_B                            ; 32                                                                                    ;
;     -- NUMWORDS_B                         ; 256                                                                                   ;
;     -- ADDRESS_REG_B                      ; CLOCK1                                                                                ;
;     -- OUTDATA_REG_B                      ; CLOCK1                                                                                ;
;     -- RAM_BLOCK_TYPE                     ; AUTO                                                                                  ;
;     -- READ_DURING_WRITE_MODE_MIXED_PORTS ; DONT_CARE                                                                             ;
+-------------------------------------------+---------------------------------------------------------------------------------------+


+-------------------------------------------------------------------------------------------+
; altshift_taps Parameter Settings by Entity Instance                                       ;
+----------------------------+--------------------------------------------------------------+
; Name                       ; Value                                                        ;
+----------------------------+--------------------------------------------------------------+
; Number of entity instances ; 1                                                            ;
; Entity Instance            ; core_top:ic|synch_3:display_sync|altshift_taps:stage_1_rtl_0 ;
;     -- NUMBER_OF_TAPS      ; 1                                                            ;
;     -- TAP_DISTANCE        ; 3                                                            ;
;     -- WIDTH               ; 135                                                          ;
+----------------------------+--------------------------------------------------------------+


+-------------------------------------------------------------------------------------------------------------------------------------+
; Port Connectivity Checks: "core_top:ic|synch_3:display_sync"                                                                        ;
+------+--------+----------+----------------------------------------------------------------------------------------------------------+
; Port ; Type   ; Severity ; Details                                                                                                  ;
+------+--------+----------+----------------------------------------------------------------------------------------------------------+
; rise ; Output ; Warning  ; Declared by entity but not connected by instance. Logic that only feeds a dangling port will be removed. ;
; fall ; Output ; Warning  ; Declared by entity but not connected by instance. Logic that only feeds a dangling port will be removed. ;
+------+--------+----------+----------------------------------------------------------------------------------------------------------+


+------------------------------------------------------------------------------------------------------------------------------------------------------------------------------------------------------------------+
; Port Connectivity Checks: "core_top:ic|core_bridge_cmd:commands|mf_datatable:idt"                                                                                                                                ;
+-----------+-------+----------+-----------------------------------------------------------------------------------------------------------------------------------------------------------------------------------+
; Port      ; Type  ; Severity ; Details                                                                                                                                                                           ;
+-----------+-------+----------+-----------------------------------------------------------------------------------------------------------------------------------------------------------------------------------+
; address_a ; Input ; Warning  ; Input port expression (10 bits) is wider than the input port (8 bits) it drives.  The 2 most-significant bit(s) in the expression will be dangling if they have no other fanouts. ;
; address_b ; Input ; Warning  ; Input port expression (10 bits) is wider than the input port (8 bits) it drives.  The 2 most-significant bit(s) in the expression will be dangling if they have no other fanouts. ;
+-----------+-------+----------+-----------------------------------------------------------------------------------------------------------------------------------------------------------------------------------+


+-------------------------------------------------------------------------------------------------------------------------------------+
; Port Connectivity Checks: "core_top:ic|core_bridge_cmd:commands|synch_3:s01"                                                        ;
+------+--------+----------+----------------------------------------------------------------------------------------------------------+
; Port ; Type   ; Severity ; Details                                                                                                  ;
+------+--------+----------+----------------------------------------------------------------------------------------------------------+
; rise ; Output ; Warning  ; Declared by entity but not connected by instance. Logic that only feeds a dangling port will be removed. ;
; fall ; Output ; Warning  ; Declared by entity but not connected by instance. Logic that only feeds a dangling port will be removed. ;
+------+--------+----------+----------------------------------------------------------------------------------------------------------+


+--------------------------------------------------------------------------------------------------------------------------------------+
; Port Connectivity Checks: "core_top:ic|core_bridge_cmd:commands"                                                                     ;
+----------------------------+--------+----------+-------------------------------------------------------------------------------------+
; Port                       ; Type   ; Severity ; Details                                                                             ;
+----------------------------+--------+----------+-------------------------------------------------------------------------------------+
; bridge_endian_little       ; Input  ; Info     ; Stuck at GND                                                                        ;
; dataslot_requestread       ; Output ; Info     ; Connected to dangling logic. Logic that only feeds a dangling port will be removed. ;
; dataslot_requestread_ack   ; Input  ; Info     ; Stuck at VCC                                                                        ;
; dataslot_requestwrite      ; Output ; Info     ; Connected to dangling logic. Logic that only feeds a dangling port will be removed. ;
; dataslot_requestwrite_ack  ; Input  ; Info     ; Stuck at VCC                                                                        ;
; dataslot_update            ; Output ; Info     ; Explicitly unconnected                                                              ;
; dataslot_update_id         ; Output ; Info     ; Explicitly unconnected                                                              ;
; dataslot_update_size       ; Output ; Info     ; Explicitly unconnected                                                              ;
; dataslot_allcomplete       ; Output ; Info     ; Explicitly unconnected                                                              ;
; rtc_epoch_seconds          ; Output ; Info     ; Explicitly unconnected                                                              ;
; rtc_date_bcd               ; Output ; Info     ; Explicitly unconnected                                                              ;
; rtc_time_bcd               ; Output ; Info     ; Explicitly unconnected                                                              ;
; rtc_valid                  ; Output ; Info     ; Explicitly unconnected                                                              ;
; savestate_supported        ; Input  ; Info     ; Stuck at GND                                                                        ;
; savestate_addr             ; Input  ; Info     ; Stuck at GND                                                                        ;
; savestate_size             ; Input  ; Info     ; Stuck at GND                                                                        ;
; savestate_maxloadsize      ; Input  ; Info     ; Stuck at GND                                                                        ;
; osnotify_inmenu            ; Output ; Info     ; Explicitly unconnected                                                              ;
; savestate_start            ; Output ; Info     ; Explicitly unconnected                                                              ;
; savestate_start_ack        ; Input  ; Info     ; Stuck at GND                                                                        ;
; savestate_start_busy       ; Input  ; Info     ; Stuck at GND                                                                        ;
; savestate_start_ok         ; Input  ; Info     ; Stuck at GND                                                                        ;
; savestate_start_err        ; Input  ; Info     ; Stuck at GND                                                                        ;
; savestate_load             ; Output ; Info     ; Explicitly unconnected                                                              ;
; savestate_load_ack         ; Input  ; Info     ; Stuck at GND                                                                        ;
; savestate_load_busy        ; Input  ; Info     ; Stuck at GND                                                                        ;
; savestate_load_ok          ; Input  ; Info     ; Stuck at GND                                                                        ;
; savestate_load_err         ; Input  ; Info     ; Stuck at GND                                                                        ;
; target_dataslot_getfile    ; Input  ; Info     ; Stuck at GND                                                                        ;
; target_dataslot_openfile   ; Input  ; Info     ; Stuck at GND                                                                        ;
; target_dataslot_ack        ; Output ; Info     ; Connected to dangling logic. Logic that only feeds a dangling port will be removed. ;
; target_buffer_param_struct ; Input  ; Info     ; Stuck at GND                                                                        ;
; target_buffer_resp_struct  ; Input  ; Info     ; Stuck at GND                                                                        ;
; datatable_addr             ; Input  ; Info     ; Stuck at GND                                                                        ;
; datatable_wren             ; Input  ; Info     ; Stuck at GND                                                                        ;
; datatable_data             ; Input  ; Info     ; Stuck at GND                                                                        ;
; datatable_q                ; Output ; Info     ; Explicitly unconnected                                                              ;
+----------------------------+--------+----------+-------------------------------------------------------------------------------------+


+-----------------------------------------------------------------------------------------------------------------------------------------+
; Port Connectivity Checks: "core_top:ic|mf_pllbase:mp1"                                                                                  ;
+----------+--------+----------+----------------------------------------------------------------------------------------------------------+
; Port     ; Type   ; Severity ; Details                                                                                                  ;
+----------+--------+----------+----------------------------------------------------------------------------------------------------------+
; rst      ; Input  ; Info     ; Stuck at GND                                                                                             ;
; outclk_2 ; Output ; Warning  ; Declared by entity but not connected by instance. Logic that only feeds a dangling port will be removed. ;
; outclk_3 ; Output ; Warning  ; Declared by entity but not connected by instance. Logic that only feeds a dangling port will be removed. ;
; outclk_4 ; Output ; Warning  ; Declared by entity but not connected by instance. Logic that only feeds a dangling port will be removed. ;
+----------+--------+----------+----------------------------------------------------------------------------------------------------------+


+-------------------------------------------------------------------------------------------------------------------------------------+
; Port Connectivity Checks: "core_top:ic|synch_3:lock_sync"                                                                           ;
+------+--------+----------+----------------------------------------------------------------------------------------------------------+
; Port ; Type   ; Severity ; Details                                                                                                  ;
+------+--------+----------+----------------------------------------------------------------------------------------------------------+
; rise ; Output ; Warning  ; Declared by entity but not connected by instance. Logic that only feeds a dangling port will be removed. ;
; fall ; Output ; Warning  ; Declared by entity but not connected by instance. Logic that only feeds a dangling port will be removed. ;
+------+--------+----------+----------------------------------------------------------------------------------------------------------+


+-------------------------------------------------------------------------------------------------------------------------------------+
; Port Connectivity Checks: "io_bridge_peripheral:ibs|synch_3:s03"                                                                    ;
+------+--------+----------+----------------------------------------------------------------------------------------------------------+
; Port ; Type   ; Severity ; Details                                                                                                  ;
+------+--------+----------+----------------------------------------------------------------------------------------------------------+
; o    ; Output ; Info     ; Connected to dangling logic. Logic that only feeds a dangling port will be removed.                      ;
; fall ; Output ; Warning  ; Declared by entity but not connected by instance. Logic that only feeds a dangling port will be removed. ;
+------+--------+----------+----------------------------------------------------------------------------------------------------------+


+----------------------------------------------------------------------------------------------------------------+
; Port Connectivity Checks: "io_bridge_peripheral:ibs|synch_3:s02"                                               ;
+------+--------+----------+-------------------------------------------------------------------------------------+
; Port ; Type   ; Severity ; Details                                                                             ;
+------+--------+----------+-------------------------------------------------------------------------------------+
; rise ; Output ; Info     ; Connected to dangling logic. Logic that only feeds a dangling port will be removed. ;
; fall ; Output ; Info     ; Connected to dangling logic. Logic that only feeds a dangling port will be removed. ;
+------+--------+----------+-------------------------------------------------------------------------------------+


+-------------------------------------------------------------------------------------------------------------------------------------+
; Port Connectivity Checks: "io_bridge_peripheral:ibs|synch_3:s01"                                                                    ;
+------+--------+----------+----------------------------------------------------------------------------------------------------------+
; Port ; Type   ; Severity ; Details                                                                                                  ;
+------+--------+----------+----------------------------------------------------------------------------------------------------------+
; rise ; Output ; Warning  ; Declared by entity but not connected by instance. Logic that only feeds a dangling port will be removed. ;
; fall ; Output ; Warning  ; Declared by entity but not connected by instance. Logic that only feeds a dangling port will be removed. ;
+------+--------+----------+----------------------------------------------------------------------------------------------------------+


+-------------------------------------------------------------------------------------------------------------------------------------+
; Port Connectivity Checks: "io_bridge_peripheral:ibs|synch_3:s00"                                                                    ;
+------+--------+----------+----------------------------------------------------------------------------------------------------------+
; Port ; Type   ; Severity ; Details                                                                                                  ;
+------+--------+----------+----------------------------------------------------------------------------------------------------------+
; o    ; Output ; Info     ; Connected to dangling logic. Logic that only feeds a dangling port will be removed.                      ;
; rise ; Output ; Warning  ; Declared by entity but not connected by instance. Logic that only feeds a dangling port will be removed. ;
; fall ; Output ; Warning  ; Declared by entity but not connected by instance. Logic that only feeds a dangling port will be removed. ;
+------+--------+----------+----------------------------------------------------------------------------------------------------------+


+-----------------------------------------------------------------------------------------------------------------------------------------------+
; Port Connectivity Checks: "io_bridge_peripheral:ibs"                                                                                          ;
+----------------+--------+----------+----------------------------------------------------------------------------------------------------------+
; Port           ; Type   ; Severity ; Details                                                                                                  ;
+----------------+--------+----------+----------------------------------------------------------------------------------------------------------+
; pmp_addr_valid ; Output ; Warning  ; Declared by entity but not connected by instance. Logic that only feeds a dangling port will be removed. ;
+----------------+--------+----------+----------------------------------------------------------------------------------------------------------+


+----------------------------------------------------------------------------------------------------------------+
; Port Connectivity Checks: "io_pad_controller:ipm|synch_3:s01"                                                  ;
+------+--------+----------+-------------------------------------------------------------------------------------+
; Port ; Type   ; Severity ; Details                                                                             ;
+------+--------+----------+-------------------------------------------------------------------------------------+
; rise ; Output ; Info     ; Connected to dangling logic. Logic that only feeds a dangling port will be removed. ;
+------+--------+----------+-------------------------------------------------------------------------------------+


+-------------------------------------------------------------------------------------------------------------------------------------+
; Port Connectivity Checks: "io_pad_controller:ipm|synch_3:s00"                                                                       ;
+------+--------+----------+----------------------------------------------------------------------------------------------------------+
; Port ; Type   ; Severity ; Details                                                                                                  ;
+------+--------+----------+----------------------------------------------------------------------------------------------------------+
; rise ; Output ; Warning  ; Declared by entity but not connected by instance. Logic that only feeds a dangling port will be removed. ;
; fall ; Output ; Warning  ; Declared by entity but not connected by instance. Logic that only feeds a dangling port will be removed. ;
+------+--------+----------+----------------------------------------------------------------------------------------------------------+


+---------------------------------------------------------------------------------------------------------------------------------------------+
; Port Connectivity Checks: "io_pad_controller:ipm"                                                                                           ;
+--------------+--------+----------+----------------------------------------------------------------------------------------------------------+
; Port         ; Type   ; Severity ; Details                                                                                                  ;
+--------------+--------+----------+----------------------------------------------------------------------------------------------------------+
; rx_timed_out ; Output ; Warning  ; Declared by entity but not connected by instance. Logic that only feeds a dangling port will be removed. ;
+--------------+--------+----------+----------------------------------------------------------------------------------------------------------+


+------------------------------------------------------------------------------------------------------------------------------------------------------------------------------------+
; Port Connectivity Checks: "mf_ddio_bidir_12:isclk"                                                                                                                                 ;
+-----------+--------+----------+----------------------------------------------------------------------------------------------------------------------------------------------------+
; Port      ; Type   ; Severity ; Details                                                                                                                                            ;
+-----------+--------+----------+----------------------------------------------------------------------------------------------------------------------------------------------------+
; oe        ; Input  ; Info     ; Stuck at VCC                                                                                                                                       ;
; datain_h  ; Input  ; Warning  ; Input port expression (1 bits) is smaller than the input port (12 bits) it drives.  Extra input bit(s) "datain_h[11..1]" will be connected to GND. ;
; datain_h  ; Input  ; Info     ; Stuck at VCC                                                                                                                                       ;
; datain_l  ; Input  ; Warning  ; Input port expression (1 bits) is smaller than the input port (12 bits) it drives.  Extra input bit(s) "datain_l[11..1]" will be connected to GND. ;
; datain_l  ; Input  ; Info     ; Stuck at GND                                                                                                                                       ;
; padio     ; Bidir  ; Warning  ; Output or bidir port (12 bits) is wider than the port expression (1 bits) it drives; bit(s) "padio[11..1]" have no fanouts                         ;
; inclock   ; Input  ; Warning  ; Declared by entity but not connected by instance. If a default value exists, it will be used.  Otherwise, the port will be connected to GND.       ;
; dataout_h ; Output ; Warning  ; Declared by entity but not connected by instance. Logic that only feeds a dangling port will be removed.                                           ;
; dataout_l ; Output ; Warning  ; Declared by entity but not connected by instance. Logic that only feeds a dangling port will be removed.                                           ;
+-----------+--------+----------+----------------------------------------------------------------------------------------------------------------------------------------------------+


+------------------------------------------------------------------------------------------------------------------------------------------------------------------------------------+
; Port Connectivity Checks: "mf_ddio_bidir_12:iscc"                                                                                                                                  ;
+-----------+--------+----------+----------------------------------------------------------------------------------------------------------------------------------------------------+
; Port      ; Type   ; Severity ; Details                                                                                                                                            ;
+-----------+--------+----------+----------------------------------------------------------------------------------------------------------------------------------------------------+
; oe        ; Input  ; Info     ; Stuck at VCC                                                                                                                                       ;
; datain_h  ; Input  ; Warning  ; Input port expression (4 bits) is smaller than the input port (12 bits) it drives.  Extra input bit(s) "datain_h[11..4]" will be connected to GND. ;
; datain_l  ; Input  ; Warning  ; Input port expression (4 bits) is smaller than the input port (12 bits) it drives.  Extra input bit(s) "datain_l[11..4]" will be connected to GND. ;
; padio     ; Bidir  ; Warning  ; Output or bidir port (12 bits) is wider than the port expression (4 bits) it drives; bit(s) "padio[11..4]" have no fanouts                         ;
; inclock   ; Input  ; Warning  ; Declared by entity but not connected by instance. If a default value exists, it will be used.  Otherwise, the port will be connected to GND.       ;
; dataout_h ; Output ; Warning  ; Declared by entity but not connected by instance. Logic that only feeds a dangling port will be removed.                                           ;
; dataout_l ; Output ; Warning  ; Declared by entity but not connected by instance. Logic that only feeds a dangling port will be removed.                                           ;
+-----------+--------+----------+----------------------------------------------------------------------------------------------------------------------------------------------------+


+------------------------------------------------------------------------------------------------------------------------------------------------------------------------------+
; Port Connectivity Checks: "mf_ddio_bidir_12:isco"                                                                                                                            ;
+-----------+--------+----------+----------------------------------------------------------------------------------------------------------------------------------------------+
; Port      ; Type   ; Severity ; Details                                                                                                                                      ;
+-----------+--------+----------+----------------------------------------------------------------------------------------------------------------------------------------------+
; oe        ; Input  ; Info     ; Stuck at VCC                                                                                                                                 ;
; inclock   ; Input  ; Warning  ; Declared by entity but not connected by instance. If a default value exists, it will be used.  Otherwise, the port will be connected to GND. ;
; dataout_h ; Output ; Warning  ; Declared by entity but not connected by instance. Logic that only feeds a dangling port will be removed.                                     ;
; dataout_l ; Output ; Warning  ; Declared by entity but not connected by instance. Logic that only feeds a dangling port will be removed.                                     ;
+-----------+--------+----------+----------------------------------------------------------------------------------------------------------------------------------------------+


+-----------------------------------------------------+
; Post-Synthesis Netlist Statistics for Top Partition ;
+-----------------------+-----------------------------+
; Type                  ; Count                       ;
+-----------------------+-----------------------------+
; arriav_ddio_out       ; 17                          ;
; arriav_ff             ; 2044                        ;
;     CLR               ; 5                           ;
;     ENA               ; 1383                        ;
;     ENA SCLR          ; 77                          ;
;     SCLR              ; 23                          ;
;     SLD               ; 30                          ;
;     plain             ; 526                         ;
; arriav_io_obuf        ; 126                         ;
; arriav_lcell_comb     ; 3954                        ;
;     arith             ; 624                         ;
;         0 data inputs ; 79                          ;
;         1 data inputs ; 290                         ;
;         2 data inputs ; 64                          ;
;         3 data inputs ; 87                          ;
;         4 data inputs ; 99                          ;
;         5 data inputs ; 5                           ;
;     extend            ; 43                          ;
;         7 data inputs ; 43                          ;
;     normal            ; 3261                        ;
;         0 data inputs ; 2                           ;
;         1 data inputs ; 137                         ;
;         2 data inputs ; 606                         ;
;         3 data inputs ; 257                         ;
;         4 data inputs ; 669                         ;
;         5 data inputs ; 274                         ;
;         6 data inputs ; 1316                        ;
;     shared            ; 26                          ;
;         0 data inputs ; 12                          ;
;         1 data inputs ; 14                          ;
; boundary_port         ; 224                         ;
; generic_pll           ; 2                           ;
; stratixv_ram_block    ; 167                         ;
;                       ;                             ;
; Max LUT depth         ; 37.70                       ;
; Average LUT depth     ; 11.26                       ;
+-----------------------+-----------------------------+


+-------------------------------+
; Elapsed Time Per Partition    ;
+----------------+--------------+
; Partition Name ; Elapsed Time ;
+----------------+--------------+
; Top            ; 00:01:47     ;
+----------------+--------------+


+-------------------------------+
; Analysis & Synthesis Messages ;
+-------------------------------+
Info: *******************************************************************
Info: Running Quartus Prime Analysis & Synthesis
    Info: Version 25.1std.0 Build 1129 10/21/2025 SC Lite Edition
    Info: Processing started: Sun Oct  4 23:13:35 2026
Info: Command: quartus_map --read_settings_files=on --write_settings_files=off ap_core -c ap_core
Info (16303): High Performance Effort optimization mode selected -- timing performance will be prioritized at the potential cost of increased compilation time
    Info (16304): Mode behavior is affected by advanced setting Fitter Effort (default for this mode is Standard Fit)
Info (20032): Parallel compilation is enabled and will use up to 2 processors
Info (12021): Found 1 design units, including 1 entities, in source file apf/apf_top.v
    Info (12023): Found entity 1: apf_top File: /home/taualpha/card-writing-lab/minimal01-s1/src/fpga/apf/apf_top.v Line: 44
Info (12021): Found 4 design units, including 4 entities, in source file apf/common.v
    Info (12023): Found entity 1: synch_2 File: /home/taualpha/card-writing-lab/minimal01-s1/src/fpga/apf/common.v Line: 39
    Info (12023): Found entity 2: synch_3 File: /home/taualpha/card-writing-lab/minimal01-s1/src/fpga/apf/common.v Line: 62
    Info (12023): Found entity 3: bram_block_dp File: /home/taualpha/card-writing-lab/minimal01-s1/src/fpga/apf/common.v Line: 82
    Info (12023): Found entity 4: bram_block_dp_nonstd File: /home/taualpha/card-writing-lab/minimal01-s1/src/fpga/apf/common.v Line: 120
Info (12021): Found 1 design units, including 1 entities, in source file apf/io_bridge_peripheral.v
    Info (12023): Found entity 1: io_bridge_peripheral File: /home/taualpha/card-writing-lab/minimal01-s1/src/fpga/apf/io_bridge_peripheral.v Line: 52
Info (12021): Found 1 design units, including 1 entities, in source file apf/io_pad_controller.v
    Info (12023): Found entity 1: io_pad_controller File: /home/taualpha/card-writing-lab/minimal01-s1/src/fpga/apf/io_pad_controller.v Line: 41
Info (12021): Found 1 design units, including 1 entities, in source file apf/mf_ddio_bidir_12.v
    Info (12023): Found entity 1: mf_ddio_bidir_12 File: /home/taualpha/card-writing-lab/minimal01-s1/src/fpga/apf/mf_ddio_bidir_12.v Line: 40
Info (12021): Found 1 design units, including 1 entities, in source file apf/mf_datatable.v
    Info (12023): Found entity 1: mf_datatable File: /home/taualpha/card-writing-lab/minimal01-s1/src/fpga/apf/mf_datatable.v Line: 40
Info (12021): Found 1 design units, including 1 entities, in source file core/core_top.v
    Info (12023): Found entity 1: core_top File: /home/taualpha/card-writing-lab/minimal01-s1/src/fpga/core/core_top.v Line: 9
Info (12021): Found 1 design units, including 1 entities, in source file core/core_bridge_cmd.v
    Info (12023): Found entity 1: core_bridge_cmd File: /home/taualpha/card-writing-lab/minimal01-s1/src/fpga/core/core_bridge_cmd.v Line: 18
Info (12021): Found 1 design units, including 1 entities, in source file core/mf_pllbase.v
    Info (12023): Found entity 1: mf_pllbase File: /home/taualpha/card-writing-lab/minimal01-s1/src/fpga/core/mf_pllbase.v Line: 8
Info (12021): Found 1 design units, including 1 entities, in source file core/mf_pllbase/mf_pllbase_0002.v
    Info (12023): Found entity 1: mf_pllbase_0002 File: /home/taualpha/card-writing-lab/minimal01-s1/src/fpga/core/mf_pllbase/mf_pllbase_0002.v Line: 2
Info (12021): Found 1 design units, including 1 entities, in source file core/lab_probe.sv
    Info (12023): Found entity 1: lab_probe File: /home/taualpha/card-writing-lab/minimal01-s1/src/fpga/core/lab_probe.sv Line: 3
Info (12021): Found 1 design units, including 1 entities, in source file core/lab_video.sv
    Info (12023): Found entity 1: lab_video File: /home/taualpha/card-writing-lab/minimal01-s1/src/fpga/core/lab_video.sv Line: 3
Info (12127): Elaborating entity "apf_top" for the top level hierarchy
Info (12128): Elaborating entity "mf_ddio_bidir_12" for hierarchy "mf_ddio_bidir_12:isco" File: /home/taualpha/card-writing-lab/minimal01-s1/src/fpga/apf/apf_top.v Line: 253
Info (12128): Elaborating entity "altddio_bidir" for hierarchy "mf_ddio_bidir_12:isco|altddio_bidir:ALTDDIO_BIDIR_component" File: /home/taualpha/card-writing-lab/minimal01-s1/src/fpga/apf/mf_ddio_bidir_12.v Line: 81
Info (12130): Elaborated megafunction instantiation "mf_ddio_bidir_12:isco|altddio_bidir:ALTDDIO_BIDIR_component" File: /home/taualpha/card-writing-lab/minimal01-s1/src/fpga/apf/mf_ddio_bidir_12.v Line: 81
Info (12133): Instantiated megafunction "mf_ddio_bidir_12:isco|altddio_bidir:ALTDDIO_BIDIR_component" with the following parameter: File: /home/taualpha/card-writing-lab/minimal01-s1/src/fpga/apf/mf_ddio_bidir_12.v Line: 81
    Info (12134): Parameter "extend_oe_disable" = "OFF"
    Info (12134): Parameter "implement_input_in_lcell" = "OFF"
    Info (12134): Parameter "intended_device_family" = "Cyclone V"
    Info (12134): Parameter "invert_output" = "OFF"
    Info (12134): Parameter "lpm_hint" = "UNUSED"
    Info (12134): Parameter "lpm_type" = "altddio_bidir"
    Info (12134): Parameter "oe_reg" = "UNREGISTERED"
    Info (12134): Parameter "power_up_high" = "OFF"
    Info (12134): Parameter "width" = "12"
Info (12021): Found 1 design units, including 1 entities, in source file db/ddio_bidir_euo.tdf
    Info (12023): Found entity 1: ddio_bidir_euo File: /home/taualpha/card-writing-lab/minimal01-s1/src/fpga/db/ddio_bidir_euo.tdf Line: 33
Info (12128): Elaborating entity "ddio_bidir_euo" for hierarchy "mf_ddio_bidir_12:isco|altddio_bidir:ALTDDIO_BIDIR_component|ddio_bidir_euo:auto_generated" File: /home/taualpha/intelFPGA_lite/25.1std/quartus/libraries/megafunctions/altddio_bidir.tdf Line: 116
Info (12128): Elaborating entity "io_pad_controller" for hierarchy "io_pad_controller:ipm" File: /home/taualpha/card-writing-lab/minimal01-s1/src/fpga/apf/apf_top.v Line: 314
Info (12128): Elaborating entity "synch_3" for hierarchy "io_pad_controller:ipm|synch_3:s00" File: /home/taualpha/card-writing-lab/minimal01-s1/src/fpga/apf/io_pad_controller.v Line: 65
Info (12128): Elaborating entity "io_bridge_peripheral" for hierarchy "io_bridge_peripheral:ibs" File: /home/taualpha/card-writing-lab/minimal01-s1/src/fpga/apf/apf_top.v Line: 343
Info (12128): Elaborating entity "core_top" for hierarchy "core_top:ic" File: /home/taualpha/card-writing-lab/minimal01-s1/src/fpga/apf/apf_top.v Line: 472
Info (12128): Elaborating entity "mf_pllbase" for hierarchy "core_top:ic|mf_pllbase:mp1" File: /home/taualpha/card-writing-lab/minimal01-s1/src/fpga/core/core_top.v Line: 315
Info (12128): Elaborating entity "mf_pllbase_0002" for hierarchy "core_top:ic|mf_pllbase:mp1|mf_pllbase_0002:mf_pllbase_inst" File: /home/taualpha/card-writing-lab/minimal01-s1/src/fpga/core/mf_pllbase.v Line: 28
Info (12128): Elaborating entity "altera_pll" for hierarchy "core_top:ic|mf_pllbase:mp1|mf_pllbase_0002:mf_pllbase_inst|altera_pll:altera_pll_i" File: /home/taualpha/card-writing-lab/minimal01-s1/src/fpga/core/mf_pllbase/mf_pllbase_0002.v Line: 97
Info (10008): Verilog HDL or VHDL information: EDA Netlist Writer cannot regroup multidimensional array "wire_to_nowhere_64" into its bus
Info (12130): Elaborated megafunction instantiation "core_top:ic|mf_pllbase:mp1|mf_pllbase_0002:mf_pllbase_inst|altera_pll:altera_pll_i" File: /home/taualpha/card-writing-lab/minimal01-s1/src/fpga/core/mf_pllbase/mf_pllbase_0002.v Line: 97
Info (12133): Instantiated megafunction "core_top:ic|mf_pllbase:mp1|mf_pllbase_0002:mf_pllbase_inst|altera_pll:altera_pll_i" with the following parameter: File: /home/taualpha/card-writing-lab/minimal01-s1/src/fpga/core/mf_pllbase/mf_pllbase_0002.v Line: 97
    Info (12134): Parameter "fractional_vco_multiplier" = "true"
    Info (12134): Parameter "reference_clock_frequency" = "74.25 MHz"
    Info (12134): Parameter "operation_mode" = "normal"
    Info (12134): Parameter "number_of_clocks" = "5"
    Info (12134): Parameter "output_clock_frequency0" = "12.287999 MHz"
    Info (12134): Parameter "phase_shift0" = "0 ps"
    Info (12134): Parameter "duty_cycle0" = "50"
    Info (12134): Parameter "output_clock_frequency1" = "12.287999 MHz"
    Info (12134): Parameter "phase_shift1" = "20345 ps"
    Info (12134): Parameter "duty_cycle1" = "50"
    Info (12134): Parameter "output_clock_frequency2" = "133.119993 MHz"
    Info (12134): Parameter "phase_shift2" = "0 ps"
    Info (12134): Parameter "duty_cycle2" = "50"
    Info (12134): Parameter "output_clock_frequency3" = "133.119992 MHz"
    Info (12134): Parameter "phase_shift3" = "6573 ps"
    Info (12134): Parameter "duty_cycle3" = "50"
    Info (12134): Parameter "output_clock_frequency4" = "133.119990 MHz"
    Info (12134): Parameter "phase_shift4" = "5634 ps"
    Info (12134): Parameter "duty_cycle4" = "50"
    Info (12134): Parameter "output_clock_frequency5" = "0 MHz"
    Info (12134): Parameter "phase_shift5" = "0 ps"
    Info (12134): Parameter "duty_cycle5" = "50"
    Info (12134): Parameter "output_clock_frequency6" = "0 MHz"
    Info (12134): Parameter "phase_shift6" = "0 ps"
    Info (12134): Parameter "duty_cycle6" = "50"
    Info (12134): Parameter "output_clock_frequency7" = "0 MHz"
    Info (12134): Parameter "phase_shift7" = "0 ps"
    Info (12134): Parameter "duty_cycle7" = "50"
    Info (12134): Parameter "output_clock_frequency8" = "0 MHz"
    Info (12134): Parameter "phase_shift8" = "0 ps"
    Info (12134): Parameter "duty_cycle8" = "50"
    Info (12134): Parameter "output_clock_frequency9" = "0 MHz"
    Info (12134): Parameter "phase_shift9" = "0 ps"
    Info (12134): Parameter "duty_cycle9" = "50"
    Info (12134): Parameter "output_clock_frequency10" = "0 MHz"
    Info (12134): Parameter "phase_shift10" = "0 ps"
    Info (12134): Parameter "duty_cycle10" = "50"
    Info (12134): Parameter "output_clock_frequency11" = "0 MHz"
    Info (12134): Parameter "phase_shift11" = "0 ps"
    Info (12134): Parameter "duty_cycle11" = "50"
    Info (12134): Parameter "output_clock_frequency12" = "0 MHz"
    Info (12134): Parameter "phase_shift12" = "0 ps"
    Info (12134): Parameter "duty_cycle12" = "50"
    Info (12134): Parameter "output_clock_frequency13" = "0 MHz"
    Info (12134): Parameter "phase_shift13" = "0 ps"
    Info (12134): Parameter "duty_cycle13" = "50"
    Info (12134): Parameter "output_clock_frequency14" = "0 MHz"
    Info (12134): Parameter "phase_shift14" = "0 ps"
    Info (12134): Parameter "duty_cycle14" = "50"
    Info (12134): Parameter "output_clock_frequency15" = "0 MHz"
    Info (12134): Parameter "phase_shift15" = "0 ps"
    Info (12134): Parameter "duty_cycle15" = "50"
    Info (12134): Parameter "output_clock_frequency16" = "0 MHz"
    Info (12134): Parameter "phase_shift16" = "0 ps"
    Info (12134): Parameter "duty_cycle16" = "50"
    Info (12134): Parameter "output_clock_frequency17" = "0 MHz"
    Info (12134): Parameter "phase_shift17" = "0 ps"
    Info (12134): Parameter "duty_cycle17" = "50"
    Info (12134): Parameter "pll_type" = "General"
    Info (12134): Parameter "pll_subtype" = "General"
Info (12128): Elaborating entity "core_bridge_cmd" for hierarchy "core_top:ic|core_bridge_cmd:commands" File: /home/taualpha/card-writing-lab/minimal01-s1/src/fpga/core/core_top.v Line: 360
Warning (10036): Verilog HDL or VHDL warning at core_bridge_cmd.v(139): object "host_2C" assigned a value but never read File: /home/taualpha/card-writing-lab/minimal01-s1/src/fpga/core/core_bridge_cmd.v Line: 139
Warning (10858): Verilog HDL warning at core_bridge_cmd.v(144): object host_4C used but never assigned File: /home/taualpha/card-writing-lab/minimal01-s1/src/fpga/core/core_bridge_cmd.v Line: 144
Warning (10036): Verilog HDL or VHDL warning at core_bridge_cmd.v(170): object "target_40" assigned a value but never read File: /home/taualpha/card-writing-lab/minimal01-s1/src/fpga/core/core_bridge_cmd.v Line: 170
Warning (10036): Verilog HDL or VHDL warning at core_bridge_cmd.v(171): object "target_44" assigned a value but never read File: /home/taualpha/card-writing-lab/minimal01-s1/src/fpga/core/core_bridge_cmd.v Line: 171
Warning (10036): Verilog HDL or VHDL warning at core_bridge_cmd.v(172): object "target_48" assigned a value but never read File: /home/taualpha/card-writing-lab/minimal01-s1/src/fpga/core/core_bridge_cmd.v Line: 172
Warning (10036): Verilog HDL or VHDL warning at core_bridge_cmd.v(173): object "target_4C" assigned a value but never read File: /home/taualpha/card-writing-lab/minimal01-s1/src/fpga/core/core_bridge_cmd.v Line: 173
Warning (10230): Verilog HDL assignment warning at core_bridge_cmd.v(238): truncated value with size 32 to match size of target (10) File: /home/taualpha/card-writing-lab/minimal01-s1/src/fpga/core/core_bridge_cmd.v Line: 238
Warning (10762): Verilog HDL Case Statement warning at core_bridge_cmd.v(241): can't check case statement for completeness because the case expression has too many possible states File: /home/taualpha/card-writing-lab/minimal01-s1/src/fpga/core/core_bridge_cmd.v Line: 241
Warning (10762): Verilog HDL Case Statement warning at core_bridge_cmd.v(276): can't check case statement for completeness because the case expression has too many possible states File: /home/taualpha/card-writing-lab/minimal01-s1/src/fpga/core/core_bridge_cmd.v Line: 276
Warning (10030): Net "host_4C" at core_bridge_cmd.v(144) has no driver or initial value, using a default initial value '0' File: /home/taualpha/card-writing-lab/minimal01-s1/src/fpga/core/core_bridge_cmd.v Line: 144
Info (12128): Elaborating entity "mf_datatable" for hierarchy "core_top:ic|core_bridge_cmd:commands|mf_datatable:idt" File: /home/taualpha/card-writing-lab/minimal01-s1/src/fpga/core/core_bridge_cmd.v Line: 576
Info (12128): Elaborating entity "altsyncram" for hierarchy "core_top:ic|core_bridge_cmd:commands|mf_datatable:idt|altsyncram:altsyncram_component" File: /home/taualpha/card-writing-lab/minimal01-s1/src/fpga/apf/mf_datatable.v Line: 100
Info (12130): Elaborated megafunction instantiation "core_top:ic|core_bridge_cmd:commands|mf_datatable:idt|altsyncram:altsyncram_component" File: /home/taualpha/card-writing-lab/minimal01-s1/src/fpga/apf/mf_datatable.v Line: 100
Info (12133): Instantiated megafunction "core_top:ic|core_bridge_cmd:commands|mf_datatable:idt|altsyncram:altsyncram_component" with the following parameter: File: /home/taualpha/card-writing-lab/minimal01-s1/src/fpga/apf/mf_datatable.v Line: 100
    Info (12134): Parameter "address_reg_b" = "CLOCK1"
    Info (12134): Parameter "clock_enable_input_a" = "BYPASS"
    Info (12134): Parameter "clock_enable_input_b" = "BYPASS"
    Info (12134): Parameter "clock_enable_output_a" = "BYPASS"
    Info (12134): Parameter "clock_enable_output_b" = "BYPASS"
    Info (12134): Parameter "indata_reg_b" = "CLOCK1"
    Info (12134): Parameter "init_file" = "./apf/build_id.mif"
    Info (12134): Parameter "intended_device_family" = "Cyclone V"
    Info (12134): Parameter "lpm_type" = "altsyncram"
    Info (12134): Parameter "numwords_a" = "256"
    Info (12134): Parameter "numwords_b" = "256"
    Info (12134): Parameter "operation_mode" = "BIDIR_DUAL_PORT"
    Info (12134): Parameter "outdata_aclr_a" = "NONE"
    Info (12134): Parameter "outdata_aclr_b" = "NONE"
    Info (12134): Parameter "outdata_reg_a" = "CLOCK0"
    Info (12134): Parameter "outdata_reg_b" = "CLOCK1"
    Info (12134): Parameter "power_up_uninitialized" = "FALSE"
    Info (12134): Parameter "read_during_write_mode_port_a" = "NEW_DATA_NO_NBE_READ"
    Info (12134): Parameter "read_during_write_mode_port_b" = "NEW_DATA_NO_NBE_READ"
    Info (12134): Parameter "widthad_a" = "8"
    Info (12134): Parameter "widthad_b" = "8"
    Info (12134): Parameter "width_a" = "32"
    Info (12134): Parameter "width_b" = "32"
    Info (12134): Parameter "width_byteena_a" = "1"
    Info (12134): Parameter "width_byteena_b" = "1"
    Info (12134): Parameter "wrcontrol_wraddress_reg_b" = "CLOCK1"
Info (12021): Found 1 design units, including 1 entities, in source file db/altsyncram_ltk2.tdf
    Info (12023): Found entity 1: altsyncram_ltk2 File: /home/taualpha/card-writing-lab/minimal01-s1/src/fpga/db/altsyncram_ltk2.tdf Line: 28
Info (12128): Elaborating entity "altsyncram_ltk2" for hierarchy "core_top:ic|core_bridge_cmd:commands|mf_datatable:idt|altsyncram:altsyncram_component|altsyncram_ltk2:auto_generated" File: /home/taualpha/intelFPGA_lite/25.1std/quartus/libraries/megafunctions/altsyncram.tdf Line: 792
Warning (113028): 253 out of 256 addresses are uninitialized. The Quartus Prime software will initialize them to "0". There are 2 warnings found, and 2 warnings are reported. File: /home/taualpha/card-writing-lab/minimal01-s1/src/fpga/apf/build_id.mif Line: 1
    Warning (113027): Addresses ranging from 0 to 223 are not initialized File: /home/taualpha/card-writing-lab/minimal01-s1/src/fpga/apf/build_id.mif Line: 1
    Warning (113027): Addresses ranging from 227 to 255 are not initialized File: /home/taualpha/card-writing-lab/minimal01-s1/src/fpga/apf/build_id.mif Line: 1
Info (12128): Elaborating entity "lab_probe" for hierarchy "core_top:ic|lab_probe:probe" File: /home/taualpha/card-writing-lab/minimal01-s1/src/fpga/core/core_top.v Line: 370
Warning (10230): Verilog HDL assignment warning at lab_probe.sv(136): truncated value with size 32 to match size of target (4) File: /home/taualpha/card-writing-lab/minimal01-s1/src/fpga/core/lab_probe.sv Line: 136
Info (12128): Elaborating entity "synch_3" for hierarchy "core_top:ic|synch_3:display_sync" File: /home/taualpha/card-writing-lab/minimal01-s1/src/fpga/core/core_top.v Line: 375
Warning (10230): Verilog HDL assignment warning at common.v(74): truncated value with size 135 to match size of target (1) File: /home/taualpha/card-writing-lab/minimal01-s1/src/fpga/apf/common.v Line: 74
Warning (10230): Verilog HDL assignment warning at common.v(75): truncated value with size 135 to match size of target (1) File: /home/taualpha/card-writing-lab/minimal01-s1/src/fpga/apf/common.v Line: 75
Info (12128): Elaborating entity "lab_video" for hierarchy "core_top:ic|lab_video:screen" File: /home/taualpha/card-writing-lab/minimal01-s1/src/fpga/core/core_top.v Line: 383
Warning (10762): Verilog HDL Case Statement warning at lab_video.sv(75): can't check case statement for completeness because the case expression has too many possible states File: /home/taualpha/card-writing-lab/minimal01-s1/src/fpga/core/lab_video.sv Line: 75
Warning (10270): Verilog HDL Case Statement warning at lab_video.sv(75): incomplete case statement has no default case item File: /home/taualpha/card-writing-lab/minimal01-s1/src/fpga/core/lab_video.sv Line: 75
Warning (10230): Verilog HDL assignment warning at lab_video.sv(9): truncated value with size 32 to match size of target (8) File: /home/taualpha/card-writing-lab/minimal01-s1/src/fpga/core/lab_video.sv Line: 9
Warning (10230): Verilog HDL assignment warning at lab_video.sv(115): truncated value with size 32 to match size of target (10) File: /home/taualpha/card-writing-lab/minimal01-s1/src/fpga/core/lab_video.sv Line: 115
Warning (14284): Synthesized away the following node(s):
    Warning (14285): Synthesized away the following PLL node(s):
        Warning (14320): Synthesized away node "core_top:ic|mf_pllbase:mp1|mf_pllbase_0002:mf_pllbase_inst|altera_pll:altera_pll_i|outclk_wire[2]" File: /home/taualpha/intelFPGA_lite/25.1std/quartus/libraries/megafunctions/altera_pll.v Line: 749
        Warning (14320): Synthesized away node "core_top:ic|mf_pllbase:mp1|mf_pllbase_0002:mf_pllbase_inst|altera_pll:altera_pll_i|outclk_wire[3]" File: /home/taualpha/intelFPGA_lite/25.1std/quartus/libraries/megafunctions/altera_pll.v Line: 749
        Warning (14320): Synthesized away node "core_top:ic|mf_pllbase:mp1|mf_pllbase_0002:mf_pllbase_inst|altera_pll:altera_pll_i|outclk_wire[4]" File: /home/taualpha/intelFPGA_lite/25.1std/quartus/libraries/megafunctions/altera_pll.v Line: 749
Info (286030): Timing-Driven Synthesis is running
Info (284007): State machine "|apf_top|core_top:ic|lab_probe:probe|state" will be implemented as a safe state machine. File: /home/taualpha/card-writing-lab/minimal01-s1/src/fpga/core/lab_probe.sv Line: 24
Info (284007): State machine "|apf_top|core_top:ic|core_bridge_cmd:commands|tstate" will be implemented as a safe state machine. File: /home/taualpha/card-writing-lab/minimal01-s1/src/fpga/core/core_bridge_cmd.v Line: 180
Info (284007): State machine "|apf_top|core_top:ic|core_bridge_cmd:commands|hstate" will be implemented as a safe state machine. File: /home/taualpha/card-writing-lab/minimal01-s1/src/fpga/core/core_bridge_cmd.v Line: 157
Info (284007): State machine "|apf_top|io_bridge_peripheral:ibs|rx_latch_idx" will be implemented as a safe state machine. File: /home/taualpha/card-writing-lab/minimal01-s1/src/fpga/apf/io_bridge_peripheral.v Line: 304
Info (284007): State machine "|apf_top|io_bridge_peripheral:ibs|spis" will be implemented as a safe state machine. File: /home/taualpha/card-writing-lab/minimal01-s1/src/fpga/apf/io_bridge_peripheral.v Line: 106
Info (284007): State machine "|apf_top|io_bridge_peripheral:ibs|state" will be implemented as a safe state machine. File: /home/taualpha/card-writing-lab/minimal01-s1/src/fpga/apf/io_bridge_peripheral.v Line: 86
Info (284007): State machine "|apf_top|io_pad_controller:ipm|tr_state" will be implemented as a safe state machine. File: /home/taualpha/card-writing-lab/minimal01-s1/src/fpga/apf/io_pad_controller.v Line: 223
Info (284007): State machine "|apf_top|io_pad_controller:ipm|state" will be implemented as a safe state machine. File: /home/taualpha/card-writing-lab/minimal01-s1/src/fpga/apf/io_pad_controller.v Line: 91
Info (19000): Inferred 1 megafunctions from design logic
    Info (276034): Inferred altshift_taps megafunction from the following design logic: "core_top:ic|synch_3:display_sync|stage_1_rtl_0"
        Info (286033): Parameter NUMBER_OF_TAPS set to 1
        Info (286033): Parameter TAP_DISTANCE set to 3
        Info (286033): Parameter WIDTH set to 135
        Info (286033): Parameter POWER_UP_STATE set to DONT_CARE
Info (278001): Inferred 4 megafunctions from design logic
    Info (278004): Inferred divider/modulo megafunction ("lpm_divide") from the following logic: "core_top:ic|lab_video:screen|Div0" File: /home/taualpha/card-writing-lab/minimal01-s1/src/fpga/core/lab_video.sv Line: 70
    Info (278004): Inferred divider/modulo megafunction ("lpm_divide") from the following logic: "core_top:ic|lab_video:screen|Mod0" File: /home/taualpha/card-writing-lab/minimal01-s1/src/fpga/core/lab_video.sv Line: 72
    Info (278004): Inferred divider/modulo megafunction ("lpm_divide") from the following logic: "core_top:ic|lab_video:screen|Mod1" File: /home/taualpha/card-writing-lab/minimal01-s1/src/fpga/core/lab_video.sv Line: 73
    Info (278004): Inferred divider/modulo megafunction ("lpm_divide") from the following logic: "core_top:ic|lab_video:screen|Div1" File: /home/taualpha/card-writing-lab/minimal01-s1/src/fpga/core/lab_video.sv Line: 71
Info (12130): Elaborated megafunction instantiation "core_top:ic|synch_3:display_sync|altshift_taps:stage_1_rtl_0"
Info (12133): Instantiated megafunction "core_top:ic|synch_3:display_sync|altshift_taps:stage_1_rtl_0" with the following parameter:
    Info (12134): Parameter "NUMBER_OF_TAPS" = "1"
    Info (12134): Parameter "TAP_DISTANCE" = "3"
    Info (12134): Parameter "WIDTH" = "135"
    Info (12134): Parameter "POWER_UP_STATE" = "DONT_CARE"
Info (12021): Found 1 design units, including 1 entities, in source file db/shift_taps_f0v.tdf
    Info (12023): Found entity 1: shift_taps_f0v File: /home/taualpha/card-writing-lab/minimal01-s1/src/fpga/db/shift_taps_f0v.tdf Line: 27
Info (12021): Found 1 design units, including 1 entities, in source file db/altsyncram_nu91.tdf
    Info (12023): Found entity 1: altsyncram_nu91 File: /home/taualpha/card-writing-lab/minimal01-s1/src/fpga/db/altsyncram_nu91.tdf Line: 28
Info (12021): Found 1 design units, including 1 entities, in source file db/cntr_ohf.tdf
    Info (12023): Found entity 1: cntr_ohf File: /home/taualpha/card-writing-lab/minimal01-s1/src/fpga/db/cntr_ohf.tdf Line: 28
Info (12021): Found 1 design units, including 1 entities, in source file db/cmpr_a9c.tdf
    Info (12023): Found entity 1: cmpr_a9c File: /home/taualpha/card-writing-lab/minimal01-s1/src/fpga/db/cmpr_a9c.tdf Line: 23
Info (12130): Elaborated megafunction instantiation "core_top:ic|lab_video:screen|lpm_divide:Div0" File: /home/taualpha/card-writing-lab/minimal01-s1/src/fpga/core/lab_video.sv Line: 70
Info (12133): Instantiated megafunction "core_top:ic|lab_video:screen|lpm_divide:Div0" with the following parameter: File: /home/taualpha/card-writing-lab/minimal01-s1/src/fpga/core/lab_video.sv Line: 70
    Info (12134): Parameter "LPM_WIDTHN" = "32"
    Info (12134): Parameter "LPM_WIDTHD" = "6"
    Info (12134): Parameter "LPM_NREPRESENTATION" = "SIGNED"
    Info (12134): Parameter "LPM_DREPRESENTATION" = "SIGNED"
    Info (12134): Parameter "LPM_HINT" = "LPM_REMAINDERPOSITIVE=FALSE"
Info (12021): Found 1 design units, including 1 entities, in source file db/lpm_divide_cpo.tdf
    Info (12023): Found entity 1: lpm_divide_cpo File: /home/taualpha/card-writing-lab/minimal01-s1/src/fpga/db/lpm_divide_cpo.tdf Line: 25
Info (12021): Found 1 design units, including 1 entities, in source file db/abs_divider_lbg.tdf
    Info (12023): Found entity 1: abs_divider_lbg File: /home/taualpha/card-writing-lab/minimal01-s1/src/fpga/db/abs_divider_lbg.tdf Line: 29
Info (12021): Found 1 design units, including 1 entities, in source file db/alt_u_div_qve.tdf
    Info (12023): Found entity 1: alt_u_div_qve File: /home/taualpha/card-writing-lab/minimal01-s1/src/fpga/db/alt_u_div_qve.tdf Line: 23
Info (12021): Found 1 design units, including 1 entities, in source file db/lpm_abs_ln9.tdf
    Info (12023): Found entity 1: lpm_abs_ln9 File: /home/taualpha/card-writing-lab/minimal01-s1/src/fpga/db/lpm_abs_ln9.tdf Line: 23
Info (12021): Found 1 design units, including 1 entities, in source file db/lpm_abs_4p9.tdf
    Info (12023): Found entity 1: lpm_abs_4p9 File: /home/taualpha/card-writing-lab/minimal01-s1/src/fpga/db/lpm_abs_4p9.tdf Line: 23
Info (12130): Elaborated megafunction instantiation "core_top:ic|lab_video:screen|lpm_divide:Mod0" File: /home/taualpha/card-writing-lab/minimal01-s1/src/fpga/core/lab_video.sv Line: 72
Info (12133): Instantiated megafunction "core_top:ic|lab_video:screen|lpm_divide:Mod0" with the following parameter: File: /home/taualpha/card-writing-lab/minimal01-s1/src/fpga/core/lab_video.sv Line: 72
    Info (12134): Parameter "LPM_WIDTHN" = "32"
    Info (12134): Parameter "LPM_WIDTHD" = "5"
    Info (12134): Parameter "LPM_NREPRESENTATION" = "SIGNED"
    Info (12134): Parameter "LPM_DREPRESENTATION" = "SIGNED"
    Info (12134): Parameter "LPM_HINT" = "LPM_REMAINDERPOSITIVE=FALSE"
Info (12021): Found 1 design units, including 1 entities, in source file db/lpm_divide_eho.tdf
    Info (12023): Found entity 1: lpm_divide_eho File: /home/taualpha/card-writing-lab/minimal01-s1/src/fpga/db/lpm_divide_eho.tdf Line: 25
Info (12021): Found 1 design units, including 1 entities, in source file db/abs_divider_kbg.tdf
    Info (12023): Found entity 1: abs_divider_kbg File: /home/taualpha/card-writing-lab/minimal01-s1/src/fpga/db/abs_divider_kbg.tdf Line: 29
Info (12021): Found 1 design units, including 1 entities, in source file db/alt_u_div_ove.tdf
    Info (12023): Found entity 1: alt_u_div_ove File: /home/taualpha/card-writing-lab/minimal01-s1/src/fpga/db/alt_u_div_ove.tdf Line: 23
Info (12021): Found 1 design units, including 1 entities, in source file db/lpm_abs_kn9.tdf
    Info (12023): Found entity 1: lpm_abs_kn9 File: /home/taualpha/card-writing-lab/minimal01-s1/src/fpga/db/lpm_abs_kn9.tdf Line: 23
Info (12130): Elaborated megafunction instantiation "core_top:ic|lab_video:screen|lpm_divide:Mod1" File: /home/taualpha/card-writing-lab/minimal01-s1/src/fpga/core/lab_video.sv Line: 73
Info (12133): Instantiated megafunction "core_top:ic|lab_video:screen|lpm_divide:Mod1" with the following parameter: File: /home/taualpha/card-writing-lab/minimal01-s1/src/fpga/core/lab_video.sv Line: 73
    Info (12134): Parameter "LPM_WIDTHN" = "32"
    Info (12134): Parameter "LPM_WIDTHD" = "6"
    Info (12134): Parameter "LPM_NREPRESENTATION" = "SIGNED"
    Info (12134): Parameter "LPM_DREPRESENTATION" = "SIGNED"
    Info (12134): Parameter "LPM_HINT" = "LPM_REMAINDERPOSITIVE=FALSE"
Info (12021): Found 1 design units, including 1 entities, in source file db/lpm_divide_fho.tdf
    Info (12023): Found entity 1: lpm_divide_fho File: /home/taualpha/card-writing-lab/minimal01-s1/src/fpga/db/lpm_divide_fho.tdf Line: 25
Info (12130): Elaborated megafunction instantiation "core_top:ic|lab_video:screen|lpm_divide:Div1" File: /home/taualpha/card-writing-lab/minimal01-s1/src/fpga/core/lab_video.sv Line: 71
Info (12133): Instantiated megafunction "core_top:ic|lab_video:screen|lpm_divide:Div1" with the following parameter: File: /home/taualpha/card-writing-lab/minimal01-s1/src/fpga/core/lab_video.sv Line: 71
    Info (12134): Parameter "LPM_WIDTHN" = "32"
    Info (12134): Parameter "LPM_WIDTHD" = "5"
    Info (12134): Parameter "LPM_NREPRESENTATION" = "SIGNED"
    Info (12134): Parameter "LPM_DREPRESENTATION" = "SIGNED"
    Info (12134): Parameter "LPM_HINT" = "LPM_REMAINDERPOSITIVE=FALSE"
Info (12021): Found 1 design units, including 1 entities, in source file db/lpm_divide_bpo.tdf
    Info (12023): Found entity 1: lpm_divide_bpo File: /home/taualpha/card-writing-lab/minimal01-s1/src/fpga/db/lpm_divide_bpo.tdf Line: 25
Warning (12241): 14 hierarchies have connectivity warnings - see the Connectivity Checks report folder
Info (17026): Resynthesizing 0 WYSIWYG logic cells and I/Os using "speed" technology mapper which leaves 0 WYSIWYG logic cells and I/Os untouched
Warning (13039): The following bidirectional pins have no drivers
    Warning (13040): bidirectional pin "aux_sda" has no driver File: /home/taualpha/card-writing-lab/minimal01-s1/src/fpga/apf/apf_top.v Line: 208
Warning (13032): The following tri-state nodes are fed by constants
    Warning (13033): The pin "cart_tran_bank0[4]" is fed by VCC File: /home/taualpha/card-writing-lab/minimal01-s1/src/fpga/apf/apf_top.v Line: 73
    Warning (13033): The pin "cart_tran_bank0[5]" is fed by VCC File: /home/taualpha/card-writing-lab/minimal01-s1/src/fpga/apf/apf_top.v Line: 73
    Warning (13033): The pin "cart_tran_bank0[6]" is fed by VCC File: /home/taualpha/card-writing-lab/minimal01-s1/src/fpga/apf/apf_top.v Line: 73
    Warning (13033): The pin "cart_tran_bank0[7]" is fed by VCC File: /home/taualpha/card-writing-lab/minimal01-s1/src/fpga/apf/apf_top.v Line: 73
    Warning (13033): The pin "cart_tran_pin30" is fed by GND File: /home/taualpha/card-writing-lab/minimal01-s1/src/fpga/apf/apf_top.v Line: 77
Warning (13009): TRI or OPNDRN buffers permanently enabled
    Warning (13010): Node "cart_tran_bank0[4]~synth" File: /home/taualpha/card-writing-lab/minimal01-s1/src/fpga/apf/apf_top.v Line: 73
    Warning (13010): Node "cart_tran_bank0[5]~synth" File: /home/taualpha/card-writing-lab/minimal01-s1/src/fpga/apf/apf_top.v Line: 73
    Warning (13010): Node "cart_tran_bank0[6]~synth" File: /home/taualpha/card-writing-lab/minimal01-s1/src/fpga/apf/apf_top.v Line: 73
    Warning (13010): Node "cart_tran_bank0[7]~synth" File: /home/taualpha/card-writing-lab/minimal01-s1/src/fpga/apf/apf_top.v Line: 73
    Warning (13010): Node "mf_ddio_bidir_12:isco|altddio_bidir:ALTDDIO_BIDIR_component|ddio_bidir_euo:auto_generated|tri_buf1a[0]" File: /home/taualpha/card-writing-lab/minimal01-s1/src/fpga/db/ddio_bidir_euo.tdf Line: 59
    Warning (13010): Node "mf_ddio_bidir_12:isco|altddio_bidir:ALTDDIO_BIDIR_component|ddio_bidir_euo:auto_generated|tri_buf1a[1]" File: /home/taualpha/card-writing-lab/minimal01-s1/src/fpga/db/ddio_bidir_euo.tdf Line: 59
    Warning (13010): Node "mf_ddio_bidir_12:isco|altddio_bidir:ALTDDIO_BIDIR_component|ddio_bidir_euo:auto_generated|tri_buf1a[2]" File: /home/taualpha/card-writing-lab/minimal01-s1/src/fpga/db/ddio_bidir_euo.tdf Line: 59
    Warning (13010): Node "mf_ddio_bidir_12:isco|altddio_bidir:ALTDDIO_BIDIR_component|ddio_bidir_euo:auto_generated|tri_buf1a[3]" File: /home/taualpha/card-writing-lab/minimal01-s1/src/fpga/db/ddio_bidir_euo.tdf Line: 59
    Warning (13010): Node "mf_ddio_bidir_12:isco|altddio_bidir:ALTDDIO_BIDIR_component|ddio_bidir_euo:auto_generated|tri_buf1a[4]" File: /home/taualpha/card-writing-lab/minimal01-s1/src/fpga/db/ddio_bidir_euo.tdf Line: 59
    Warning (13010): Node "mf_ddio_bidir_12:isco|altddio_bidir:ALTDDIO_BIDIR_component|ddio_bidir_euo:auto_generated|tri_buf1a[5]" File: /home/taualpha/card-writing-lab/minimal01-s1/src/fpga/db/ddio_bidir_euo.tdf Line: 59
    Warning (13010): Node "mf_ddio_bidir_12:isco|altddio_bidir:ALTDDIO_BIDIR_component|ddio_bidir_euo:auto_generated|tri_buf1a[6]" File: /home/taualpha/card-writing-lab/minimal01-s1/src/fpga/db/ddio_bidir_euo.tdf Line: 59
    Warning (13010): Node "mf_ddio_bidir_12:isco|altddio_bidir:ALTDDIO_BIDIR_component|ddio_bidir_euo:auto_generated|tri_buf1a[7]" File: /home/taualpha/card-writing-lab/minimal01-s1/src/fpga/db/ddio_bidir_euo.tdf Line: 59
    Warning (13010): Node "mf_ddio_bidir_12:isco|altddio_bidir:ALTDDIO_BIDIR_component|ddio_bidir_euo:auto_generated|tri_buf1a[8]" File: /home/taualpha/card-writing-lab/minimal01-s1/src/fpga/db/ddio_bidir_euo.tdf Line: 59
    Warning (13010): Node "mf_ddio_bidir_12:isco|altddio_bidir:ALTDDIO_BIDIR_component|ddio_bidir_euo:auto_generated|tri_buf1a[9]" File: /home/taualpha/card-writing-lab/minimal01-s1/src/fpga/db/ddio_bidir_euo.tdf Line: 59
    Warning (13010): Node "mf_ddio_bidir_12:isco|altddio_bidir:ALTDDIO_BIDIR_component|ddio_bidir_euo:auto_generated|tri_buf1a[10]" File: /home/taualpha/card-writing-lab/minimal01-s1/src/fpga/db/ddio_bidir_euo.tdf Line: 59
    Warning (13010): Node "mf_ddio_bidir_12:isco|altddio_bidir:ALTDDIO_BIDIR_component|ddio_bidir_euo:auto_generated|tri_buf1a[11]" File: /home/taualpha/card-writing-lab/minimal01-s1/src/fpga/db/ddio_bidir_euo.tdf Line: 59
    Warning (13010): Node "mf_ddio_bidir_12:isclk|altddio_bidir:ALTDDIO_BIDIR_component|ddio_bidir_euo:auto_generated|tri_buf1a[0]" File: /home/taualpha/card-writing-lab/minimal01-s1/src/fpga/db/ddio_bidir_euo.tdf Line: 59
    Warning (13010): Node "mf_ddio_bidir_12:iscc|altddio_bidir:ALTDDIO_BIDIR_component|ddio_bidir_euo:auto_generated|tri_buf1a[1]" File: /home/taualpha/card-writing-lab/minimal01-s1/src/fpga/db/ddio_bidir_euo.tdf Line: 59
    Warning (13010): Node "mf_ddio_bidir_12:iscc|altddio_bidir:ALTDDIO_BIDIR_component|ddio_bidir_euo:auto_generated|tri_buf1a[0]" File: /home/taualpha/card-writing-lab/minimal01-s1/src/fpga/db/ddio_bidir_euo.tdf Line: 59
    Warning (13010): Node "mf_ddio_bidir_12:iscc|altddio_bidir:ALTDDIO_BIDIR_component|ddio_bidir_euo:auto_generated|tri_buf1a[3]" File: /home/taualpha/card-writing-lab/minimal01-s1/src/fpga/db/ddio_bidir_euo.tdf Line: 59
    Warning (13010): Node "mf_ddio_bidir_12:iscc|altddio_bidir:ALTDDIO_BIDIR_component|ddio_bidir_euo:auto_generated|tri_buf1a[2]" File: /home/taualpha/card-writing-lab/minimal01-s1/src/fpga/db/ddio_bidir_euo.tdf Line: 59
Warning (13024): Output pins are stuck at VCC or GND
    Warning (13410): Pin "cart_tran_bank2_dir" is stuck at GND File: /home/taualpha/card-writing-lab/minimal01-s1/src/fpga/apf/apf_top.v Line: 58
    Warning (13410): Pin "cart_tran_bank3_dir" is stuck at GND File: /home/taualpha/card-writing-lab/minimal01-s1/src/fpga/apf/apf_top.v Line: 62
    Warning (13410): Pin "cart_tran_bank1_dir" is stuck at GND File: /home/taualpha/card-writing-lab/minimal01-s1/src/fpga/apf/apf_top.v Line: 66
    Warning (13410): Pin "cart_tran_bank0_dir" is stuck at VCC File: /home/taualpha/card-writing-lab/minimal01-s1/src/fpga/apf/apf_top.v Line: 74
    Warning (13410): Pin "cart_pin30_pwroff_reset" is stuck at GND File: /home/taualpha/card-writing-lab/minimal01-s1/src/fpga/apf/apf_top.v Line: 83
    Warning (13410): Pin "cart_tran_pin31_dir" is stuck at GND File: /home/taualpha/card-writing-lab/minimal01-s1/src/fpga/apf/apf_top.v Line: 87
    Warning (13410): Pin "port_ir_tx" is stuck at GND File: /home/taualpha/card-writing-lab/minimal01-s1/src/fpga/apf/apf_top.v Line: 92
    Warning (13410): Pin "port_ir_rx_disable" is stuck at VCC File: /home/taualpha/card-writing-lab/minimal01-s1/src/fpga/apf/apf_top.v Line: 93
    Warning (13410): Pin "port_tran_si_dir" is stuck at GND File: /home/taualpha/card-writing-lab/minimal01-s1/src/fpga/apf/apf_top.v Line: 97
    Warning (13410): Pin "port_tran_so_dir" is stuck at GND File: /home/taualpha/card-writing-lab/minimal01-s1/src/fpga/apf/apf_top.v Line: 99
    Warning (13410): Pin "port_tran_sck_dir" is stuck at GND File: /home/taualpha/card-writing-lab/minimal01-s1/src/fpga/apf/apf_top.v Line: 101
    Warning (13410): Pin "port_tran_sd_dir" is stuck at GND File: /home/taualpha/card-writing-lab/minimal01-s1/src/fpga/apf/apf_top.v Line: 103
    Warning (13410): Pin "scal_auddac" is stuck at GND File: /home/taualpha/card-writing-lab/minimal01-s1/src/fpga/apf/apf_top.v Line: 117
    Warning (13410): Pin "cram0_a[16]" is stuck at GND File: /home/taualpha/card-writing-lab/minimal01-s1/src/fpga/apf/apf_top.v Line: 133
    Warning (13410): Pin "cram0_a[17]" is stuck at GND File: /home/taualpha/card-writing-lab/minimal01-s1/src/fpga/apf/apf_top.v Line: 133
    Warning (13410): Pin "cram0_a[18]" is stuck at GND File: /home/taualpha/card-writing-lab/minimal01-s1/src/fpga/apf/apf_top.v Line: 133
    Warning (13410): Pin "cram0_a[19]" is stuck at GND File: /home/taualpha/card-writing-lab/minimal01-s1/src/fpga/apf/apf_top.v Line: 133
    Warning (13410): Pin "cram0_a[20]" is stuck at GND File: /home/taualpha/card-writing-lab/minimal01-s1/src/fpga/apf/apf_top.v Line: 133
    Warning (13410): Pin "cram0_a[21]" is stuck at GND File: /home/taualpha/card-writing-lab/minimal01-s1/src/fpga/apf/apf_top.v Line: 133
    Warning (13410): Pin "cram0_clk" is stuck at GND File: /home/taualpha/card-writing-lab/minimal01-s1/src/fpga/apf/apf_top.v Line: 136
    Warning (13410): Pin "cram0_adv_n" is stuck at VCC File: /home/taualpha/card-writing-lab/minimal01-s1/src/fpga/apf/apf_top.v Line: 137
    Warning (13410): Pin "cram0_cre" is stuck at GND File: /home/taualpha/card-writing-lab/minimal01-s1/src/fpga/apf/apf_top.v Line: 138
    Warning (13410): Pin "cram0_ce0_n" is stuck at VCC File: /home/taualpha/card-writing-lab/minimal01-s1/src/fpga/apf/apf_top.v Line: 139
    Warning (13410): Pin "cram0_ce1_n" is stuck at VCC File: /home/taualpha/card-writing-lab/minimal01-s1/src/fpga/apf/apf_top.v Line: 140
    Warning (13410): Pin "cram0_oe_n" is stuck at VCC File: /home/taualpha/card-writing-lab/minimal01-s1/src/fpga/apf/apf_top.v Line: 141
    Warning (13410): Pin "cram0_we_n" is stuck at VCC File: /home/taualpha/card-writing-lab/minimal01-s1/src/fpga/apf/apf_top.v Line: 142
    Warning (13410): Pin "cram0_ub_n" is stuck at VCC File: /home/taualpha/card-writing-lab/minimal01-s1/src/fpga/apf/apf_top.v Line: 143
    Warning (13410): Pin "cram0_lb_n" is stuck at VCC File: /home/taualpha/card-writing-lab/minimal01-s1/src/fpga/apf/apf_top.v Line: 144
    Warning (13410): Pin "cram1_a[16]" is stuck at GND File: /home/taualpha/card-writing-lab/minimal01-s1/src/fpga/apf/apf_top.v Line: 146
    Warning (13410): Pin "cram1_a[17]" is stuck at GND File: /home/taualpha/card-writing-lab/minimal01-s1/src/fpga/apf/apf_top.v Line: 146
    Warning (13410): Pin "cram1_a[18]" is stuck at GND File: /home/taualpha/card-writing-lab/minimal01-s1/src/fpga/apf/apf_top.v Line: 146
    Warning (13410): Pin "cram1_a[19]" is stuck at GND File: /home/taualpha/card-writing-lab/minimal01-s1/src/fpga/apf/apf_top.v Line: 146
    Warning (13410): Pin "cram1_a[20]" is stuck at GND File: /home/taualpha/card-writing-lab/minimal01-s1/src/fpga/apf/apf_top.v Line: 146
    Warning (13410): Pin "cram1_a[21]" is stuck at GND File: /home/taualpha/card-writing-lab/minimal01-s1/src/fpga/apf/apf_top.v Line: 146
    Warning (13410): Pin "cram1_clk" is stuck at GND File: /home/taualpha/card-writing-lab/minimal01-s1/src/fpga/apf/apf_top.v Line: 149
    Warning (13410): Pin "cram1_adv_n" is stuck at VCC File: /home/taualpha/card-writing-lab/minimal01-s1/src/fpga/apf/apf_top.v Line: 150
    Warning (13410): Pin "cram1_cre" is stuck at GND File: /home/taualpha/card-writing-lab/minimal01-s1/src/fpga/apf/apf_top.v Line: 151
    Warning (13410): Pin "cram1_ce0_n" is stuck at VCC File: /home/taualpha/card-writing-lab/minimal01-s1/src/fpga/apf/apf_top.v Line: 152
    Warning (13410): Pin "cram1_ce1_n" is stuck at VCC File: /home/taualpha/card-writing-lab/minimal01-s1/src/fpga/apf/apf_top.v Line: 153
    Warning (13410): Pin "cram1_oe_n" is stuck at VCC File: /home/taualpha/card-writing-lab/minimal01-s1/src/fpga/apf/apf_top.v Line: 154
    Warning (13410): Pin "cram1_we_n" is stuck at VCC File: /home/taualpha/card-writing-lab/minimal01-s1/src/fpga/apf/apf_top.v Line: 155
    Warning (13410): Pin "cram1_ub_n" is stuck at VCC File: /home/taualpha/card-writing-lab/minimal01-s1/src/fpga/apf/apf_top.v Line: 156
    Warning (13410): Pin "cram1_lb_n" is stuck at VCC File: /home/taualpha/card-writing-lab/minimal01-s1/src/fpga/apf/apf_top.v Line: 157
    Warning (13410): Pin "dram_a[0]" is stuck at GND File: /home/taualpha/card-writing-lab/minimal01-s1/src/fpga/apf/apf_top.v Line: 162
    Warning (13410): Pin "dram_a[1]" is stuck at GND File: /home/taualpha/card-writing-lab/minimal01-s1/src/fpga/apf/apf_top.v Line: 162
    Warning (13410): Pin "dram_a[2]" is stuck at GND File: /home/taualpha/card-writing-lab/minimal01-s1/src/fpga/apf/apf_top.v Line: 162
    Warning (13410): Pin "dram_a[3]" is stuck at GND File: /home/taualpha/card-writing-lab/minimal01-s1/src/fpga/apf/apf_top.v Line: 162
    Warning (13410): Pin "dram_a[4]" is stuck at GND File: /home/taualpha/card-writing-lab/minimal01-s1/src/fpga/apf/apf_top.v Line: 162
    Warning (13410): Pin "dram_a[5]" is stuck at GND File: /home/taualpha/card-writing-lab/minimal01-s1/src/fpga/apf/apf_top.v Line: 162
    Warning (13410): Pin "dram_a[6]" is stuck at GND File: /home/taualpha/card-writing-lab/minimal01-s1/src/fpga/apf/apf_top.v Line: 162
    Warning (13410): Pin "dram_a[7]" is stuck at GND File: /home/taualpha/card-writing-lab/minimal01-s1/src/fpga/apf/apf_top.v Line: 162
    Warning (13410): Pin "dram_a[8]" is stuck at GND File: /home/taualpha/card-writing-lab/minimal01-s1/src/fpga/apf/apf_top.v Line: 162
    Warning (13410): Pin "dram_a[9]" is stuck at GND File: /home/taualpha/card-writing-lab/minimal01-s1/src/fpga/apf/apf_top.v Line: 162
    Warning (13410): Pin "dram_a[10]" is stuck at GND File: /home/taualpha/card-writing-lab/minimal01-s1/src/fpga/apf/apf_top.v Line: 162
    Warning (13410): Pin "dram_a[11]" is stuck at GND File: /home/taualpha/card-writing-lab/minimal01-s1/src/fpga/apf/apf_top.v Line: 162
    Warning (13410): Pin "dram_a[12]" is stuck at GND File: /home/taualpha/card-writing-lab/minimal01-s1/src/fpga/apf/apf_top.v Line: 162
    Warning (13410): Pin "dram_ba[0]" is stuck at GND File: /home/taualpha/card-writing-lab/minimal01-s1/src/fpga/apf/apf_top.v Line: 163
    Warning (13410): Pin "dram_ba[1]" is stuck at GND File: /home/taualpha/card-writing-lab/minimal01-s1/src/fpga/apf/apf_top.v Line: 163
    Warning (13410): Pin "dram_dqm[0]" is stuck at GND File: /home/taualpha/card-writing-lab/minimal01-s1/src/fpga/apf/apf_top.v Line: 165
    Warning (13410): Pin "dram_dqm[1]" is stuck at GND File: /home/taualpha/card-writing-lab/minimal01-s1/src/fpga/apf/apf_top.v Line: 165
    Warning (13410): Pin "dram_clk" is stuck at GND File: /home/taualpha/card-writing-lab/minimal01-s1/src/fpga/apf/apf_top.v Line: 166
    Warning (13410): Pin "dram_cke" is stuck at GND File: /home/taualpha/card-writing-lab/minimal01-s1/src/fpga/apf/apf_top.v Line: 167
    Warning (13410): Pin "dram_ras_n" is stuck at VCC File: /home/taualpha/card-writing-lab/minimal01-s1/src/fpga/apf/apf_top.v Line: 168
    Warning (13410): Pin "dram_cas_n" is stuck at VCC File: /home/taualpha/card-writing-lab/minimal01-s1/src/fpga/apf/apf_top.v Line: 169
    Warning (13410): Pin "dram_we_n" is stuck at VCC File: /home/taualpha/card-writing-lab/minimal01-s1/src/fpga/apf/apf_top.v Line: 170
    Warning (13410): Pin "sram_a[0]" is stuck at GND File: /home/taualpha/card-writing-lab/minimal01-s1/src/fpga/apf/apf_top.v Line: 175
    Warning (13410): Pin "sram_a[1]" is stuck at GND File: /home/taualpha/card-writing-lab/minimal01-s1/src/fpga/apf/apf_top.v Line: 175
    Warning (13410): Pin "sram_a[2]" is stuck at GND File: /home/taualpha/card-writing-lab/minimal01-s1/src/fpga/apf/apf_top.v Line: 175
    Warning (13410): Pin "sram_a[3]" is stuck at GND File: /home/taualpha/card-writing-lab/minimal01-s1/src/fpga/apf/apf_top.v Line: 175
    Warning (13410): Pin "sram_a[4]" is stuck at GND File: /home/taualpha/card-writing-lab/minimal01-s1/src/fpga/apf/apf_top.v Line: 175
    Warning (13410): Pin "sram_a[5]" is stuck at GND File: /home/taualpha/card-writing-lab/minimal01-s1/src/fpga/apf/apf_top.v Line: 175
    Warning (13410): Pin "sram_a[6]" is stuck at GND File: /home/taualpha/card-writing-lab/minimal01-s1/src/fpga/apf/apf_top.v Line: 175
    Warning (13410): Pin "sram_a[7]" is stuck at GND File: /home/taualpha/card-writing-lab/minimal01-s1/src/fpga/apf/apf_top.v Line: 175
    Warning (13410): Pin "sram_a[8]" is stuck at GND File: /home/taualpha/card-writing-lab/minimal01-s1/src/fpga/apf/apf_top.v Line: 175
    Warning (13410): Pin "sram_a[9]" is stuck at GND File: /home/taualpha/card-writing-lab/minimal01-s1/src/fpga/apf/apf_top.v Line: 175
    Warning (13410): Pin "sram_a[10]" is stuck at GND File: /home/taualpha/card-writing-lab/minimal01-s1/src/fpga/apf/apf_top.v Line: 175
    Warning (13410): Pin "sram_a[11]" is stuck at GND File: /home/taualpha/card-writing-lab/minimal01-s1/src/fpga/apf/apf_top.v Line: 175
    Warning (13410): Pin "sram_a[12]" is stuck at GND File: /home/taualpha/card-writing-lab/minimal01-s1/src/fpga/apf/apf_top.v Line: 175
    Warning (13410): Pin "sram_a[13]" is stuck at GND File: /home/taualpha/card-writing-lab/minimal01-s1/src/fpga/apf/apf_top.v Line: 175
    Warning (13410): Pin "sram_a[14]" is stuck at GND File: /home/taualpha/card-writing-lab/minimal01-s1/src/fpga/apf/apf_top.v Line: 175
    Warning (13410): Pin "sram_a[15]" is stuck at GND File: /home/taualpha/card-writing-lab/minimal01-s1/src/fpga/apf/apf_top.v Line: 175
    Warning (13410): Pin "sram_a[16]" is stuck at GND File: /home/taualpha/card-writing-lab/minimal01-s1/src/fpga/apf/apf_top.v Line: 175
    Warning (13410): Pin "sram_oe_n" is stuck at VCC File: /home/taualpha/card-writing-lab/minimal01-s1/src/fpga/apf/apf_top.v Line: 177
    Warning (13410): Pin "sram_we_n" is stuck at VCC File: /home/taualpha/card-writing-lab/minimal01-s1/src/fpga/apf/apf_top.v Line: 178
    Warning (13410): Pin "sram_ub_n" is stuck at VCC File: /home/taualpha/card-writing-lab/minimal01-s1/src/fpga/apf/apf_top.v Line: 179
    Warning (13410): Pin "sram_lb_n" is stuck at VCC File: /home/taualpha/card-writing-lab/minimal01-s1/src/fpga/apf/apf_top.v Line: 180
Info (17049): 42 registers lost all their fanouts during netlist optimizations.
Info (16010): Generating hard_block partition "hard_block:auto_generated_inst"
    Info (16011): Adding 74 node(s), including 17 DDIO, 2 PLL, 0 transceiver and 0 LCELL
Warning: RST port on the PLL is not properly connected on instance core_top:ic|mf_pllbase:mp1|mf_pllbase_0002:mf_pllbase_inst|altera_pll:altera_pll_i|general[0].gpll. The reset port on the PLL should be connected. If the PLL loses lock for any reason, you might need to manually reset the PLL in order to re-establish lock to the reference clock. File: /home/taualpha/intelFPGA_lite/25.1std/quartus/libraries/megafunctions/altera_pll.v Line: 749
    Info: Must be connected
Warning: RST port on the PLL is not properly connected on instance core_top:ic|mf_pllbase:mp1|mf_pllbase_0002:mf_pllbase_inst|altera_pll:altera_pll_i|general[1].gpll. The reset port on the PLL should be connected. If the PLL loses lock for any reason, you might need to manually reset the PLL in order to re-establish lock to the reference clock. File: /home/taualpha/intelFPGA_lite/25.1std/quartus/libraries/megafunctions/altera_pll.v Line: 749
    Info: Must be connected
Warning (21074): Design contains 8 input pin(s) that do not drive logic
    Warning (15610): No output dependent on input pin "clk_74b" File: /home/taualpha/card-writing-lab/minimal01-s1/src/fpga/apf/apf_top.v Line: 49
    Warning (15610): No output dependent on input pin "port_ir_rx" File: /home/taualpha/card-writing-lab/minimal01-s1/src/fpga/apf/apf_top.v Line: 91
    Warning (15610): No output dependent on input pin "scal_audadc" File: /home/taualpha/card-writing-lab/minimal01-s1/src/fpga/apf/apf_top.v Line: 116
    Warning (15610): No output dependent on input pin "cram0_wait" File: /home/taualpha/card-writing-lab/minimal01-s1/src/fpga/apf/apf_top.v Line: 135
    Warning (15610): No output dependent on input pin "cram1_wait" File: /home/taualpha/card-writing-lab/minimal01-s1/src/fpga/apf/apf_top.v Line: 148
    Warning (15610): No output dependent on input pin "vblank" File: /home/taualpha/card-writing-lab/minimal01-s1/src/fpga/apf/apf_top.v Line: 185
    Warning (15610): No output dependent on input pin "dbg_rx" File: /home/taualpha/card-writing-lab/minimal01-s1/src/fpga/apf/apf_top.v Line: 191
    Warning (15610): No output dependent on input pin "user2" File: /home/taualpha/card-writing-lab/minimal01-s1/src/fpga/apf/apf_top.v Line: 197
Info (21057): Implemented 5139 device resources after synthesis - the final resource count might be different
    Info (21058): Implemented 10 input pins
    Info (21059): Implemented 93 output pins
    Info (21060): Implemented 121 bidirectional pins
    Info (21061): Implemented 4729 logic cells
    Info (21064): Implemented 167 RAM segments
    Info (21065): Implemented 2 PLLs
Info: Quartus Prime Analysis & Synthesis was successful. 0 errors, 154 warnings
    Info: Peak virtual memory: 495 megabytes
    Info: Processing ended: Sun Oct  4 23:16:41 2026
    Info: Elapsed time: 00:03:06
    Info: Total CPU time (on all processors): 00:04:12


