Timing Analyzer report for ap_core
Mon Oct  5 12:40:26 2026
Quartus Prime Version 25.1std.0 Build 1129 10/21/2025 SC Lite Edition


---------------------
; Table of Contents ;
---------------------
  1. Legal Notice
  2. Timing Analyzer Summary
  3. Parallel Compilation
  4. SDC File List
  5. Clocks
  6. Slow 1100mV 85C Model Fmax Summary
  7. Timing Closure Recommendations
  8. Slow 1100mV 85C Model Setup Summary
  9. Slow 1100mV 85C Model Hold Summary
 10. Slow 1100mV 85C Model Recovery Summary
 11. Slow 1100mV 85C Model Removal Summary
 12. Slow 1100mV 85C Model Minimum Pulse Width Summary
 13. Slow 1100mV 85C Model Metastability Summary
 14. Slow 1100mV 0C Model Fmax Summary
 15. Slow 1100mV 0C Model Setup Summary
 16. Slow 1100mV 0C Model Hold Summary
 17. Slow 1100mV 0C Model Recovery Summary
 18. Slow 1100mV 0C Model Removal Summary
 19. Slow 1100mV 0C Model Minimum Pulse Width Summary
 20. Slow 1100mV 0C Model Metastability Summary
 21. Fast 1100mV 85C Model Setup Summary
 22. Fast 1100mV 85C Model Hold Summary
 23. Fast 1100mV 85C Model Recovery Summary
 24. Fast 1100mV 85C Model Removal Summary
 25. Fast 1100mV 85C Model Minimum Pulse Width Summary
 26. Fast 1100mV 85C Model Metastability Summary
 27. Fast 1100mV 0C Model Setup Summary
 28. Fast 1100mV 0C Model Hold Summary
 29. Fast 1100mV 0C Model Recovery Summary
 30. Fast 1100mV 0C Model Removal Summary
 31. Fast 1100mV 0C Model Minimum Pulse Width Summary
 32. Fast 1100mV 0C Model Metastability Summary
 33. Multicorner Timing Analysis Summary
 34. Board Trace Model Assignments
 35. Input Transition Times
 36. Signal Integrity Metrics (Slow 1100mv 0c Model)
 37. Signal Integrity Metrics (Slow 1100mv 85c Model)
 38. Signal Integrity Metrics (Fast 1100mv 0c Model)
 39. Signal Integrity Metrics (Fast 1100mv 85c Model)
 40. Setup Transfers
 41. Hold Transfers
 42. Recovery Transfers
 43. Removal Transfers
 44. Report TCCS
 45. Report RSKM
 46. Unconstrained Paths Summary
 47. Clock Status Summary
 48. Unconstrained Input Ports
 49. Unconstrained Output Ports
 50. Unconstrained Input Ports
 51. Unconstrained Output Ports
 52. Timing Analyzer Messages



----------------
; Legal Notice ;
----------------
Copyright (C) 2025  Altera Corporation. All rights reserved.
Your use of Altera Corporation's design tools, logic functions 
and other software and tools, and any partner logic 
functions, and any output files from any of the foregoing 
(including device programming or simulation files), and any 
associated documentation or information are expressly subject 
to the terms and conditions of the Altera Program License 
Subscription Agreement, the Altera Quartus Prime License Agreement,
the Altera IP License Agreement, or other applicable license
agreement, including, without limitation, that your use is for
the sole purpose of programming logic devices manufactured by
Altera and sold by Altera or its authorized distributors.  Please
refer to the Altera Software License Subscription Agreements 
on the Quartus Prime software download page.



+---------------------------------------------------------------------------------+
; Timing Analyzer Summary                                                         ;
+-----------------------+---------------------------------------------------------+
; Quartus Prime Version ; Version 25.1std.0 Build 1129 10/21/2025 SC Lite Edition ;
; Timing Analyzer       ; Legacy Timing Analyzer                                  ;
; Revision Name         ; ap_core                                                 ;
; Device Family         ; Cyclone V                                               ;
; Device Name           ; 5CEBA4F23C8                                             ;
; Timing Models         ; Final                                                   ;
; Delay Model           ; Combined                                                ;
; Rise/Fall Delays      ; Enabled                                                 ;
+-----------------------+---------------------------------------------------------+


+------------------------------------------+
; Parallel Compilation                     ;
+----------------------------+-------------+
; Processors                 ; Number      ;
+----------------------------+-------------+
; Number detected on machine ; 4           ;
; Maximum allowed            ; 2           ;
;                            ;             ;
; Average used               ; 1.36        ;
; Maximum used               ; 2           ;
;                            ;             ;
; Usage by Processor         ; % Time Used ;
;     Processor 1            ; 100.0%      ;
;     Processor 2            ;  36.4%      ;
+----------------------------+-------------+


+---------------------------------------------------------------+
; SDC File List                                                 ;
+---------------------------+--------+--------------------------+
; SDC File Path             ; Status ; Read at                  ;
+---------------------------+--------+--------------------------+
; core/core_constraints.sdc ; OK     ; Mon Oct  5 12:36:59 2026 ;
; apf/apf_constraints.sdc   ; OK     ; Mon Oct  5 12:36:59 2026 ;
+---------------------------+--------+--------------------------+


+------------------------------------------------------------------------------------------------------------------------------------------------------------------------------------------------------------------------------------------------------------------------------------------------------------------------------------------------------------------------------------------------------------------------------------------------------------------------------------+
; Clocks                                                                                                                                                                                                                                                                                                                                                                                                                                                                             ;
+-------------------------------------------------------------------------------+-----------+--------+------------+--------+--------+------------+-----------+-------------+-------+--------+-----------+------------+----------+-----------------------------------------------------------------------------+----------------------------------------------------------------------------------+-----------------------------------------------------------------------------------+
; Clock Name                                                                    ; Type      ; Period ; Frequency  ; Rise   ; Fall   ; Duty Cycle ; Divide by ; Multiply by ; Phase ; Offset ; Edge List ; Edge Shift ; Inverted ; Master                                                                      ; Source                                                                           ; Targets                                                                           ;
+-------------------------------------------------------------------------------+-----------+--------+------------+--------+--------+------------+-----------+-------------+-------+--------+-----------+------------+----------+-----------------------------------------------------------------------------+----------------------------------------------------------------------------------+-----------------------------------------------------------------------------------+
; altera_reserved_tck                                                           ; Base      ; 33.333 ; 30.0 MHz   ; 0.000  ; 16.666 ;            ;           ;             ;       ;        ;           ;            ;          ;                                                                             ;                                                                                  ; { altera_reserved_tck }                                                           ;
; bridge_spiclk                                                                 ; Base      ; 13.468 ; 74.25 MHz  ; 0.000  ; 6.734  ;            ;           ;             ;       ;        ;           ;            ;          ;                                                                             ;                                                                                  ; { bridge_spiclk }                                                                 ;
; clk_74a                                                                       ; Base      ; 13.468 ; 74.25 MHz  ; 0.000  ; 6.734  ;            ;           ;             ;       ;        ;           ;            ;          ;                                                                             ;                                                                                  ; { clk_74a }                                                                       ;
; clk_74b                                                                       ; Base      ; 13.468 ; 74.25 MHz  ; 0.000  ; 6.734  ;            ;           ;             ;       ;        ;           ;            ;          ;                                                                             ;                                                                                  ; { clk_74b }                                                                       ;
; ic|mp1|mf_pllbase_inst|altera_pll_i|general[0].gpll~FRACTIONAL_PLL|vcoph[0]   ; Generated ; 1.660  ; 602.41 MHz ; 0.000  ; 0.830  ; 50.00      ; 512       ; 4153        ;       ;        ;           ;            ; false    ; clk_74a                                                                     ; ic|mp1|mf_pllbase_inst|altera_pll_i|general[0].gpll~FRACTIONAL_PLL|refclkin      ; { ic|mp1|mf_pllbase_inst|altera_pll_i|general[0].gpll~FRACTIONAL_PLL|vcoph[0] }   ;
; ic|mp1|mf_pllbase_inst|altera_pll_i|general[0].gpll~PLL_OUTPUT_COUNTER|divclk ; Generated ; 81.359 ; 12.29 MHz  ; 0.000  ; 40.679 ; 50.00      ; 49        ; 1           ;       ;        ;           ;            ; false    ; ic|mp1|mf_pllbase_inst|altera_pll_i|general[0].gpll~FRACTIONAL_PLL|vcoph[0] ; ic|mp1|mf_pllbase_inst|altera_pll_i|general[0].gpll~PLL_OUTPUT_COUNTER|vco0ph[0] ; { ic|mp1|mf_pllbase_inst|altera_pll_i|general[0].gpll~PLL_OUTPUT_COUNTER|divclk } ;
; ic|mp1|mf_pllbase_inst|altera_pll_i|general[1].gpll~PLL_OUTPUT_COUNTER|divclk ; Generated ; 81.359 ; 12.29 MHz  ; 20.339 ; 61.018 ; 50.00      ; 49        ; 1           ; 90.0  ;        ;           ;            ; false    ; ic|mp1|mf_pllbase_inst|altera_pll_i|general[0].gpll~FRACTIONAL_PLL|vcoph[0] ; ic|mp1|mf_pllbase_inst|altera_pll_i|general[1].gpll~PLL_OUTPUT_COUNTER|vco0ph[0] ; { ic|mp1|mf_pllbase_inst|altera_pll_i|general[1].gpll~PLL_OUTPUT_COUNTER|divclk } ;
+-------------------------------------------------------------------------------+-----------+--------+------------+--------+--------+------------+-----------+-------------+-------+--------+-----------+------------+----------+-----------------------------------------------------------------------------+----------------------------------------------------------------------------------+-----------------------------------------------------------------------------------+


+---------------------------------------------------------------------------------------------------------------------+
; Slow 1100mV 85C Model Fmax Summary                                                                                  ;
+------------+-----------------+-------------------------------------------------------------------------------+------+
; Fmax       ; Restricted Fmax ; Clock Name                                                                    ; Note ;
+------------+-----------------+-------------------------------------------------------------------------------+------+
; 20.08 MHz  ; 20.08 MHz       ; ic|mp1|mf_pllbase_inst|altera_pll_i|general[0].gpll~PLL_OUTPUT_COUNTER|divclk ;      ;
; 78.33 MHz  ; 78.33 MHz       ; altera_reserved_tck                                                           ;      ;
; 103.87 MHz ; 103.87 MHz      ; clk_74a                                                                       ;      ;
; 382.7 MHz  ; 382.7 MHz       ; bridge_spiclk                                                                 ;      ;
+------------+-----------------+-------------------------------------------------------------------------------+------+
This panel reports FMAX for every clock in the design, regardless of the user-specified clock periods.  FMAX is only computed for paths where the source and destination registers or ports are driven by the same clock.  Paths of different clocks, including generated clocks, are ignored.  For paths between a clock and its inversion, FMAX is computed as if the rising and falling edges are scaled along with FMAX, such that the duty cycle (in terms of a percentage) is maintained. Altera recommends that you always use clock constraints and other slack reports for sign-off analysis.


----------------------------------
; Timing Closure Recommendations ;
----------------------------------
HTML report is unavailable in plain text report export.


+--------------------------------------------------------------------------------------------------------+
; Slow 1100mV 85C Model Setup Summary                                                                    ;
+-------------------------------------------------------------------------------+--------+---------------+
; Clock                                                                         ; Slack  ; End Point TNS ;
+-------------------------------------------------------------------------------+--------+---------------+
; clk_74a                                                                       ; 3.841  ; 0.000         ;
; altera_reserved_tck                                                           ; 10.283 ; 0.000         ;
; bridge_spiclk                                                                 ; 10.855 ; 0.000         ;
; ic|mp1|mf_pllbase_inst|altera_pll_i|general[0].gpll~PLL_OUTPUT_COUNTER|divclk ; 31.563 ; 0.000         ;
+-------------------------------------------------------------------------------+--------+---------------+


+-------------------------------------------------------------------------------------------------------+
; Slow 1100mV 85C Model Hold Summary                                                                    ;
+-------------------------------------------------------------------------------+-------+---------------+
; Clock                                                                         ; Slack ; End Point TNS ;
+-------------------------------------------------------------------------------+-------+---------------+
; clk_74a                                                                       ; 0.360 ; 0.000         ;
; bridge_spiclk                                                                 ; 0.389 ; 0.000         ;
; ic|mp1|mf_pllbase_inst|altera_pll_i|general[0].gpll~PLL_OUTPUT_COUNTER|divclk ; 0.608 ; 0.000         ;
; altera_reserved_tck                                                           ; 0.776 ; 0.000         ;
+-------------------------------------------------------------------------------+-------+---------------+


+----------------------------------------------+
; Slow 1100mV 85C Model Recovery Summary       ;
+---------------------+--------+---------------+
; Clock               ; Slack  ; End Point TNS ;
+---------------------+--------+---------------+
; altera_reserved_tck ; 27.811 ; 0.000         ;
+---------------------+--------+---------------+


+---------------------------------------------+
; Slow 1100mV 85C Model Removal Summary       ;
+---------------------+-------+---------------+
; Clock               ; Slack ; End Point TNS ;
+---------------------+-------+---------------+
; altera_reserved_tck ; 1.487 ; 0.000         ;
+---------------------+-------+---------------+


+--------------------------------------------------------------------------------------------------------+
; Slow 1100mV 85C Model Minimum Pulse Width Summary                                                      ;
+-------------------------------------------------------------------------------+--------+---------------+
; Clock                                                                         ; Slack  ; End Point TNS ;
+-------------------------------------------------------------------------------+--------+---------------+
; ic|mp1|mf_pllbase_inst|altera_pll_i|general[0].gpll~FRACTIONAL_PLL|vcoph[0]   ; 0.830  ; 0.000         ;
; clk_74a                                                                       ; 5.346  ; 0.000         ;
; bridge_spiclk                                                                 ; 5.931  ; 0.000         ;
; altera_reserved_tck                                                           ; 15.523 ; 0.000         ;
; ic|mp1|mf_pllbase_inst|altera_pll_i|general[0].gpll~PLL_OUTPUT_COUNTER|divclk ; 39.119 ; 0.000         ;
; ic|mp1|mf_pllbase_inst|altera_pll_i|general[1].gpll~PLL_OUTPUT_COUNTER|divclk ; 39.618 ; 0.000         ;
+-------------------------------------------------------------------------------+--------+---------------+


-----------------------------------------------
; Slow 1100mV 85C Model Metastability Summary ;
-----------------------------------------------
The design MTBF is not calculated because there are no specified synchronizers in the design.
Number of Synchronizer Chains Found: 59
Shortest Synchronizer Chain: 2 Registers
Fraction of Chains for which MTBFs Could Not be Calculated: 1.000
Worst Case Available Settling Time: 21.692 ns




+---------------------------------------------------------------------------------------------------------------------+
; Slow 1100mV 0C Model Fmax Summary                                                                                   ;
+------------+-----------------+-------------------------------------------------------------------------------+------+
; Fmax       ; Restricted Fmax ; Clock Name                                                                    ; Note ;
+------------+-----------------+-------------------------------------------------------------------------------+------+
; 19.06 MHz  ; 19.06 MHz       ; ic|mp1|mf_pllbase_inst|altera_pll_i|general[0].gpll~PLL_OUTPUT_COUNTER|divclk ;      ;
; 81.32 MHz  ; 81.32 MHz       ; altera_reserved_tck                                                           ;      ;
; 103.08 MHz ; 103.08 MHz      ; clk_74a                                                                       ;      ;
; 425.17 MHz ; 425.17 MHz      ; bridge_spiclk                                                                 ;      ;
+------------+-----------------+-------------------------------------------------------------------------------+------+
This panel reports FMAX for every clock in the design, regardless of the user-specified clock periods.  FMAX is only computed for paths where the source and destination registers or ports are driven by the same clock.  Paths of different clocks, including generated clocks, are ignored.  For paths between a clock and its inversion, FMAX is computed as if the rising and falling edges are scaled along with FMAX, such that the duty cycle (in terms of a percentage) is maintained. Altera recommends that you always use clock constraints and other slack reports for sign-off analysis.


+--------------------------------------------------------------------------------------------------------+
; Slow 1100mV 0C Model Setup Summary                                                                     ;
+-------------------------------------------------------------------------------+--------+---------------+
; Clock                                                                         ; Slack  ; End Point TNS ;
+-------------------------------------------------------------------------------+--------+---------------+
; clk_74a                                                                       ; 3.767  ; 0.000         ;
; altera_reserved_tck                                                           ; 10.518 ; 0.000         ;
; bridge_spiclk                                                                 ; 11.116 ; 0.000         ;
; ic|mp1|mf_pllbase_inst|altera_pll_i|general[0].gpll~PLL_OUTPUT_COUNTER|divclk ; 28.896 ; 0.000         ;
+-------------------------------------------------------------------------------+--------+---------------+


+-------------------------------------------------------------------------------------------------------+
; Slow 1100mV 0C Model Hold Summary                                                                     ;
+-------------------------------------------------------------------------------+-------+---------------+
; Clock                                                                         ; Slack ; End Point TNS ;
+-------------------------------------------------------------------------------+-------+---------------+
; clk_74a                                                                       ; 0.356 ; 0.000         ;
; bridge_spiclk                                                                 ; 0.377 ; 0.000         ;
; ic|mp1|mf_pllbase_inst|altera_pll_i|general[0].gpll~PLL_OUTPUT_COUNTER|divclk ; 0.627 ; 0.000         ;
; altera_reserved_tck                                                           ; 0.699 ; 0.000         ;
+-------------------------------------------------------------------------------+-------+---------------+


+----------------------------------------------+
; Slow 1100mV 0C Model Recovery Summary        ;
+---------------------+--------+---------------+
; Clock               ; Slack  ; End Point TNS ;
+---------------------+--------+---------------+
; altera_reserved_tck ; 27.873 ; 0.000         ;
+---------------------+--------+---------------+


+---------------------------------------------+
; Slow 1100mV 0C Model Removal Summary        ;
+---------------------+-------+---------------+
; Clock               ; Slack ; End Point TNS ;
+---------------------+-------+---------------+
; altera_reserved_tck ; 1.371 ; 0.000         ;
+---------------------+-------+---------------+


+--------------------------------------------------------------------------------------------------------+
; Slow 1100mV 0C Model Minimum Pulse Width Summary                                                       ;
+-------------------------------------------------------------------------------+--------+---------------+
; Clock                                                                         ; Slack  ; End Point TNS ;
+-------------------------------------------------------------------------------+--------+---------------+
; ic|mp1|mf_pllbase_inst|altera_pll_i|general[0].gpll~FRACTIONAL_PLL|vcoph[0]   ; 0.830  ; 0.000         ;
; clk_74a                                                                       ; 5.274  ; 0.000         ;
; bridge_spiclk                                                                 ; 5.885  ; 0.000         ;
; altera_reserved_tck                                                           ; 15.452 ; 0.000         ;
; ic|mp1|mf_pllbase_inst|altera_pll_i|general[0].gpll~PLL_OUTPUT_COUNTER|divclk ; 39.054 ; 0.000         ;
; ic|mp1|mf_pllbase_inst|altera_pll_i|general[1].gpll~PLL_OUTPUT_COUNTER|divclk ; 39.552 ; 0.000         ;
+-------------------------------------------------------------------------------+--------+---------------+


----------------------------------------------
; Slow 1100mV 0C Model Metastability Summary ;
----------------------------------------------
The design MTBF is not calculated because there are no specified synchronizers in the design.
Number of Synchronizer Chains Found: 59
Shortest Synchronizer Chain: 2 Registers
Fraction of Chains for which MTBFs Could Not be Calculated: 1.000
Worst Case Available Settling Time: 21.704 ns




+--------------------------------------------------------------------------------------------------------+
; Fast 1100mV 85C Model Setup Summary                                                                    ;
+-------------------------------------------------------------------------------+--------+---------------+
; Clock                                                                         ; Slack  ; End Point TNS ;
+-------------------------------------------------------------------------------+--------+---------------+
; clk_74a                                                                       ; 8.821  ; 0.000         ;
; bridge_spiclk                                                                 ; 12.437 ; 0.000         ;
; altera_reserved_tck                                                           ; 14.021 ; 0.000         ;
; ic|mp1|mf_pllbase_inst|altera_pll_i|general[0].gpll~PLL_OUTPUT_COUNTER|divclk ; 61.599 ; 0.000         ;
+-------------------------------------------------------------------------------+--------+---------------+


+-------------------------------------------------------------------------------------------------------+
; Fast 1100mV 85C Model Hold Summary                                                                    ;
+-------------------------------------------------------------------------------+-------+---------------+
; Clock                                                                         ; Slack ; End Point TNS ;
+-------------------------------------------------------------------------------+-------+---------------+
; clk_74a                                                                       ; 0.168 ; 0.000         ;
; bridge_spiclk                                                                 ; 0.175 ; 0.000         ;
; altera_reserved_tck                                                           ; 0.219 ; 0.000         ;
; ic|mp1|mf_pllbase_inst|altera_pll_i|general[0].gpll~PLL_OUTPUT_COUNTER|divclk ; 0.225 ; 0.000         ;
+-------------------------------------------------------------------------------+-------+---------------+


+----------------------------------------------+
; Fast 1100mV 85C Model Recovery Summary       ;
+---------------------+--------+---------------+
; Clock               ; Slack  ; End Point TNS ;
+---------------------+--------+---------------+
; altera_reserved_tck ; 30.244 ; 0.000         ;
+---------------------+--------+---------------+


+---------------------------------------------+
; Fast 1100mV 85C Model Removal Summary       ;
+---------------------+-------+---------------+
; Clock               ; Slack ; End Point TNS ;
+---------------------+-------+---------------+
; altera_reserved_tck ; 0.560 ; 0.000         ;
+---------------------+-------+---------------+


+--------------------------------------------------------------------------------------------------------+
; Fast 1100mV 85C Model Minimum Pulse Width Summary                                                      ;
+-------------------------------------------------------------------------------+--------+---------------+
; Clock                                                                         ; Slack  ; End Point TNS ;
+-------------------------------------------------------------------------------+--------+---------------+
; ic|mp1|mf_pllbase_inst|altera_pll_i|general[0].gpll~FRACTIONAL_PLL|vcoph[0]   ; 0.830  ; 0.000         ;
; clk_74a                                                                       ; 5.202  ; 0.000         ;
; bridge_spiclk                                                                 ; 6.354  ; 0.000         ;
; altera_reserved_tck                                                           ; 15.569 ; 0.000         ;
; ic|mp1|mf_pllbase_inst|altera_pll_i|general[0].gpll~PLL_OUTPUT_COUNTER|divclk ; 39.564 ; 0.000         ;
; ic|mp1|mf_pllbase_inst|altera_pll_i|general[1].gpll~PLL_OUTPUT_COUNTER|divclk ; 40.192 ; 0.000         ;
+-------------------------------------------------------------------------------+--------+---------------+


-----------------------------------------------
; Fast 1100mV 85C Model Metastability Summary ;
-----------------------------------------------
The design MTBF is not calculated because there are no specified synchronizers in the design.
Number of Synchronizer Chains Found: 59
Shortest Synchronizer Chain: 2 Registers
Fraction of Chains for which MTBFs Could Not be Calculated: 1.000
Worst Case Available Settling Time: 24.404 ns




+--------------------------------------------------------------------------------------------------------+
; Fast 1100mV 0C Model Setup Summary                                                                     ;
+-------------------------------------------------------------------------------+--------+---------------+
; Clock                                                                         ; Slack  ; End Point TNS ;
+-------------------------------------------------------------------------------+--------+---------------+
; clk_74a                                                                       ; 9.298  ; 0.000         ;
; bridge_spiclk                                                                 ; 12.544 ; 0.000         ;
; altera_reserved_tck                                                           ; 14.300 ; 0.000         ;
; ic|mp1|mf_pllbase_inst|altera_pll_i|general[0].gpll~PLL_OUTPUT_COUNTER|divclk ; 62.879 ; 0.000         ;
+-------------------------------------------------------------------------------+--------+---------------+


+-------------------------------------------------------------------------------------------------------+
; Fast 1100mV 0C Model Hold Summary                                                                     ;
+-------------------------------------------------------------------------------+-------+---------------+
; Clock                                                                         ; Slack ; End Point TNS ;
+-------------------------------------------------------------------------------+-------+---------------+
; clk_74a                                                                       ; 0.152 ; 0.000         ;
; bridge_spiclk                                                                 ; 0.159 ; 0.000         ;
; altera_reserved_tck                                                           ; 0.201 ; 0.000         ;
; ic|mp1|mf_pllbase_inst|altera_pll_i|general[0].gpll~PLL_OUTPUT_COUNTER|divclk ; 0.220 ; 0.000         ;
+-------------------------------------------------------------------------------+-------+---------------+


+----------------------------------------------+
; Fast 1100mV 0C Model Recovery Summary        ;
+---------------------+--------+---------------+
; Clock               ; Slack  ; End Point TNS ;
+---------------------+--------+---------------+
; altera_reserved_tck ; 30.574 ; 0.000         ;
+---------------------+--------+---------------+


+---------------------------------------------+
; Fast 1100mV 0C Model Removal Summary        ;
+---------------------+-------+---------------+
; Clock               ; Slack ; End Point TNS ;
+---------------------+-------+---------------+
; altera_reserved_tck ; 0.486 ; 0.000         ;
+---------------------+-------+---------------+


+--------------------------------------------------------------------------------------------------------+
; Fast 1100mV 0C Model Minimum Pulse Width Summary                                                       ;
+-------------------------------------------------------------------------------+--------+---------------+
; Clock                                                                         ; Slack  ; End Point TNS ;
+-------------------------------------------------------------------------------+--------+---------------+
; ic|mp1|mf_pllbase_inst|altera_pll_i|general[0].gpll~FRACTIONAL_PLL|vcoph[0]   ; 0.830  ; 0.000         ;
; clk_74a                                                                       ; 5.155  ; 0.000         ;
; bridge_spiclk                                                                 ; 6.370  ; 0.000         ;
; altera_reserved_tck                                                           ; 15.600 ; 0.000         ;
; ic|mp1|mf_pllbase_inst|altera_pll_i|general[0].gpll~PLL_OUTPUT_COUNTER|divclk ; 39.567 ; 0.000         ;
; ic|mp1|mf_pllbase_inst|altera_pll_i|general[1].gpll~PLL_OUTPUT_COUNTER|divclk ; 40.195 ; 0.000         ;
+-------------------------------------------------------------------------------+--------+---------------+


----------------------------------------------
; Fast 1100mV 0C Model Metastability Summary ;
----------------------------------------------
The design MTBF is not calculated because there are no specified synchronizers in the design.
Number of Synchronizer Chains Found: 59
Shortest Synchronizer Chain: 2 Registers
Fraction of Chains for which MTBFs Could Not be Calculated: 1.000
Worst Case Available Settling Time: 24.642 ns




+--------------------------------------------------------------------------------------------------------------------------------------------+
; Multicorner Timing Analysis Summary                                                                                                        ;
+--------------------------------------------------------------------------------+--------+-------+----------+---------+---------------------+
; Clock                                                                          ; Setup  ; Hold  ; Recovery ; Removal ; Minimum Pulse Width ;
+--------------------------------------------------------------------------------+--------+-------+----------+---------+---------------------+
; Worst-case Slack                                                               ; 3.767  ; 0.152 ; 27.811   ; 0.486   ; 0.830               ;
;  altera_reserved_tck                                                           ; 10.283 ; 0.201 ; 27.811   ; 0.486   ; 15.452              ;
;  bridge_spiclk                                                                 ; 10.855 ; 0.159 ; N/A      ; N/A     ; 5.885               ;
;  clk_74a                                                                       ; 3.767  ; 0.152 ; N/A      ; N/A     ; 5.155               ;
;  ic|mp1|mf_pllbase_inst|altera_pll_i|general[0].gpll~FRACTIONAL_PLL|vcoph[0]   ; N/A    ; N/A   ; N/A      ; N/A     ; 0.830               ;
;  ic|mp1|mf_pllbase_inst|altera_pll_i|general[0].gpll~PLL_OUTPUT_COUNTER|divclk ; 28.896 ; 0.220 ; N/A      ; N/A     ; 39.054              ;
;  ic|mp1|mf_pllbase_inst|altera_pll_i|general[1].gpll~PLL_OUTPUT_COUNTER|divclk ; N/A    ; N/A   ; N/A      ; N/A     ; 39.552              ;
; Design-wide TNS                                                                ; 0.0    ; 0.0   ; 0.0      ; 0.0     ; 0.0                 ;
;  altera_reserved_tck                                                           ; 0.000  ; 0.000 ; 0.000    ; 0.000   ; 0.000               ;
;  bridge_spiclk                                                                 ; 0.000  ; 0.000 ; N/A      ; N/A     ; 0.000               ;
;  clk_74a                                                                       ; 0.000  ; 0.000 ; N/A      ; N/A     ; 0.000               ;
;  ic|mp1|mf_pllbase_inst|altera_pll_i|general[0].gpll~FRACTIONAL_PLL|vcoph[0]   ; N/A    ; N/A   ; N/A      ; N/A     ; 0.000               ;
;  ic|mp1|mf_pllbase_inst|altera_pll_i|general[0].gpll~PLL_OUTPUT_COUNTER|divclk ; 0.000  ; 0.000 ; N/A      ; N/A     ; 0.000               ;
;  ic|mp1|mf_pllbase_inst|altera_pll_i|general[1].gpll~PLL_OUTPUT_COUNTER|divclk ; N/A    ; N/A   ; N/A      ; N/A     ; 0.000               ;
+--------------------------------------------------------------------------------+--------+-------+----------+---------+---------------------+


+----------------------------------------------------------------------------------------------------------------------------------------------------------------------------------------------------------------------------------------------------------------------------------------------------------------------------------------------------------------------------------------------------------------------------+
; Board Trace Model Assignments                                                                                                                                                                                                                                                                                                                                                                                              ;
+-------------------------+--------------+-------------------+-------------------------+-------------------------+---------------+---------------------+----------------+------------------+--------+------------------+------------------------+------------------------+--------------+---------------+-----------------+-------+---------------------+--------------------+---------------+-----------------+-------------+
; Pin                     ; I/O Standard ; Near Tline Length ; Near Tline L per Length ; Near Tline C per Length ; Near Series R ; Near Differential R ; Near Pull-up R ; Near Pull-down R ; Near C ; Far Tline Length ; Far Tline L per Length ; Far Tline C per Length ; Far Series R ; Far Pull-up R ; Far Pull-down R ; Far C ; Termination Voltage ; Far Differential R ; EBD File Name ; EBD Signal Name ; EBD Far-end ;
+-------------------------+--------------+-------------------+-------------------------+-------------------------+---------------+---------------------+----------------+------------------+--------+------------------+------------------------+------------------------+--------------+---------------+-----------------+-------+---------------------+--------------------+---------------+-----------------+-------------+
; cart_tran_bank2_dir     ; 3.3-V LVCMOS ; 0 in              ; 0 H/in                  ; 0 F/in                  ; short         ; -                   ; open           ; open             ; open   ; 0 in             ; 0 H/in                 ; 0 F/in                 ; short        ; open          ; open            ; open  ; 0 V                 ; -                  ; n/a           ; n/a             ; n/a         ;
; cart_tran_bank3_dir     ; 3.3-V LVCMOS ; 0 in              ; 0 H/in                  ; 0 F/in                  ; short         ; -                   ; open           ; open             ; open   ; 0 in             ; 0 H/in                 ; 0 F/in                 ; short        ; open          ; open            ; open  ; 0 V                 ; -                  ; n/a           ; n/a             ; n/a         ;
; cart_tran_bank1_dir     ; 3.3-V LVCMOS ; 0 in              ; 0 H/in                  ; 0 F/in                  ; short         ; -                   ; open           ; open             ; open   ; 0 in             ; 0 H/in                 ; 0 F/in                 ; short        ; open          ; open            ; open  ; 0 V                 ; -                  ; n/a           ; n/a             ; n/a         ;
; cart_tran_bank0_dir     ; 3.3-V LVCMOS ; 0 in              ; 0 H/in                  ; 0 F/in                  ; short         ; -                   ; open           ; open             ; open   ; 0 in             ; 0 H/in                 ; 0 F/in                 ; short        ; open          ; open            ; open  ; 0 V                 ; -                  ; n/a           ; n/a             ; n/a         ;
; cart_tran_pin30_dir     ; 3.3-V LVCMOS ; 0 in              ; 0 H/in                  ; 0 F/in                  ; short         ; -                   ; open           ; open             ; open   ; 0 in             ; 0 H/in                 ; 0 F/in                 ; short        ; open          ; open            ; open  ; 0 V                 ; -                  ; n/a           ; n/a             ; n/a         ;
; cart_pin30_pwroff_reset ; 1.8 V        ; 0 in              ; 0 H/in                  ; 0 F/in                  ; short         ; -                   ; open           ; open             ; open   ; 0 in             ; 0 H/in                 ; 0 F/in                 ; short        ; open          ; open            ; open  ; 0 V                 ; -                  ; n/a           ; n/a             ; n/a         ;
; cart_tran_pin31_dir     ; 3.3-V LVCMOS ; 0 in              ; 0 H/in                  ; 0 F/in                  ; short         ; -                   ; open           ; open             ; open   ; 0 in             ; 0 H/in                 ; 0 F/in                 ; short        ; open          ; open            ; open  ; 0 V                 ; -                  ; n/a           ; n/a             ; n/a         ;
; port_ir_tx              ; 1.8 V        ; 0 in              ; 0 H/in                  ; 0 F/in                  ; short         ; -                   ; open           ; open             ; open   ; 0 in             ; 0 H/in                 ; 0 F/in                 ; short        ; open          ; open            ; open  ; 0 V                 ; -                  ; n/a           ; n/a             ; n/a         ;
; port_ir_rx_disable      ; 1.8 V        ; 0 in              ; 0 H/in                  ; 0 F/in                  ; short         ; -                   ; open           ; open             ; open   ; 0 in             ; 0 H/in                 ; 0 F/in                 ; short        ; open          ; open            ; open  ; 0 V                 ; -                  ; n/a           ; n/a             ; n/a         ;
; port_tran_si_dir        ; 3.3-V LVCMOS ; 0 in              ; 0 H/in                  ; 0 F/in                  ; short         ; -                   ; open           ; open             ; open   ; 0 in             ; 0 H/in                 ; 0 F/in                 ; short        ; open          ; open            ; open  ; 0 V                 ; -                  ; n/a           ; n/a             ; n/a         ;
; port_tran_so_dir        ; 3.3-V LVCMOS ; 0 in              ; 0 H/in                  ; 0 F/in                  ; short         ; -                   ; open           ; open             ; open   ; 0 in             ; 0 H/in                 ; 0 F/in                 ; short        ; open          ; open            ; open  ; 0 V                 ; -                  ; n/a           ; n/a             ; n/a         ;
; port_tran_sck_dir       ; 3.3-V LVCMOS ; 0 in              ; 0 H/in                  ; 0 F/in                  ; short         ; -                   ; open           ; open             ; open   ; 0 in             ; 0 H/in                 ; 0 F/in                 ; short        ; open          ; open            ; open  ; 0 V                 ; -                  ; n/a           ; n/a             ; n/a         ;
; port_tran_sd_dir        ; 3.3-V LVCMOS ; 0 in              ; 0 H/in                  ; 0 F/in                  ; short         ; -                   ; open           ; open             ; open   ; 0 in             ; 0 H/in                 ; 0 F/in                 ; short        ; open          ; open            ; open  ; 0 V                 ; -                  ; n/a           ; n/a             ; n/a         ;
; scal_audmclk            ; 1.8 V        ; 0 in              ; 0 H/in                  ; 0 F/in                  ; short         ; -                   ; open           ; open             ; open   ; 0 in             ; 0 H/in                 ; 0 F/in                 ; short        ; open          ; open            ; open  ; 0 V                 ; -                  ; n/a           ; n/a             ; n/a         ;
; scal_auddac             ; 1.8 V        ; 0 in              ; 0 H/in                  ; 0 F/in                  ; short         ; -                   ; open           ; open             ; open   ; 0 in             ; 0 H/in                 ; 0 F/in                 ; short        ; open          ; open            ; open  ; 0 V                 ; -                  ; n/a           ; n/a             ; n/a         ;
; scal_audlrck            ; 1.8 V        ; 0 in              ; 0 H/in                  ; 0 F/in                  ; short         ; -                   ; open           ; open             ; open   ; 0 in             ; 0 H/in                 ; 0 F/in                 ; short        ; open          ; open            ; open  ; 0 V                 ; -                  ; n/a           ; n/a             ; n/a         ;
; cram0_a[16]             ; 1.8 V        ; 0 in              ; 0 H/in                  ; 0 F/in                  ; short         ; -                   ; open           ; open             ; open   ; 0 in             ; 0 H/in                 ; 0 F/in                 ; short        ; open          ; open            ; open  ; 0 V                 ; -                  ; n/a           ; n/a             ; n/a         ;
; cram0_a[17]             ; 1.8 V        ; 0 in              ; 0 H/in                  ; 0 F/in                  ; short         ; -                   ; open           ; open             ; open   ; 0 in             ; 0 H/in                 ; 0 F/in                 ; short        ; open          ; open            ; open  ; 0 V                 ; -                  ; n/a           ; n/a             ; n/a         ;
; cram0_a[18]             ; 1.8 V        ; 0 in              ; 0 H/in                  ; 0 F/in                  ; short         ; -                   ; open           ; open             ; open   ; 0 in             ; 0 H/in                 ; 0 F/in                 ; short        ; open          ; open            ; open  ; 0 V                 ; -                  ; n/a           ; n/a             ; n/a         ;
; cram0_a[19]             ; 1.8 V        ; 0 in              ; 0 H/in                  ; 0 F/in                  ; short         ; -                   ; open           ; open             ; open   ; 0 in             ; 0 H/in                 ; 0 F/in                 ; short        ; open          ; open            ; open  ; 0 V                 ; -                  ; n/a           ; n/a             ; n/a         ;
; cram0_a[20]             ; 1.8 V        ; 0 in              ; 0 H/in                  ; 0 F/in                  ; short         ; -                   ; open           ; open             ; open   ; 0 in             ; 0 H/in                 ; 0 F/in                 ; short        ; open          ; open            ; open  ; 0 V                 ; -                  ; n/a           ; n/a             ; n/a         ;
; cram0_a[21]             ; 1.8 V        ; 0 in              ; 0 H/in                  ; 0 F/in                  ; short         ; -                   ; open           ; open             ; open   ; 0 in             ; 0 H/in                 ; 0 F/in                 ; short        ; open          ; open            ; open  ; 0 V                 ; -                  ; n/a           ; n/a             ; n/a         ;
; cram0_clk               ; 1.8 V        ; 0 in              ; 0 H/in                  ; 0 F/in                  ; short         ; -                   ; open           ; open             ; open   ; 0 in             ; 0 H/in                 ; 0 F/in                 ; short        ; open          ; open            ; open  ; 0 V                 ; -                  ; n/a           ; n/a             ; n/a         ;
; cram0_adv_n             ; 1.8 V        ; 0 in              ; 0 H/in                  ; 0 F/in                  ; short         ; -                   ; open           ; open             ; open   ; 0 in             ; 0 H/in                 ; 0 F/in                 ; short        ; open          ; open            ; open  ; 0 V                 ; -                  ; n/a           ; n/a             ; n/a         ;
; cram0_cre               ; 1.8 V        ; 0 in              ; 0 H/in                  ; 0 F/in                  ; short         ; -                   ; open           ; open             ; open   ; 0 in             ; 0 H/in                 ; 0 F/in                 ; short        ; open          ; open            ; open  ; 0 V                 ; -                  ; n/a           ; n/a             ; n/a         ;
; cram0_ce0_n             ; 1.8 V        ; 0 in              ; 0 H/in                  ; 0 F/in                  ; short         ; -                   ; open           ; open             ; open   ; 0 in             ; 0 H/in                 ; 0 F/in                 ; short        ; open          ; open            ; open  ; 0 V                 ; -                  ; n/a           ; n/a             ; n/a         ;
; cram0_ce1_n             ; 1.8 V        ; 0 in              ; 0 H/in                  ; 0 F/in                  ; short         ; -                   ; open           ; open             ; open   ; 0 in             ; 0 H/in                 ; 0 F/in                 ; short        ; open          ; open            ; open  ; 0 V                 ; -                  ; n/a           ; n/a             ; n/a         ;
; cram0_oe_n              ; 1.8 V        ; 0 in              ; 0 H/in                  ; 0 F/in                  ; short         ; -                   ; open           ; open             ; open   ; 0 in             ; 0 H/in                 ; 0 F/in                 ; short        ; open          ; open            ; open  ; 0 V                 ; -                  ; n/a           ; n/a             ; n/a         ;
; cram0_we_n              ; 1.8 V        ; 0 in              ; 0 H/in                  ; 0 F/in                  ; short         ; -                   ; open           ; open             ; open   ; 0 in             ; 0 H/in                 ; 0 F/in                 ; short        ; open          ; open            ; open  ; 0 V                 ; -                  ; n/a           ; n/a             ; n/a         ;
; cram0_ub_n              ; 1.8 V        ; 0 in              ; 0 H/in                  ; 0 F/in                  ; short         ; -                   ; open           ; open             ; open   ; 0 in             ; 0 H/in                 ; 0 F/in                 ; short        ; open          ; open            ; open  ; 0 V                 ; -                  ; n/a           ; n/a             ; n/a         ;
; cram0_lb_n              ; 1.8 V        ; 0 in              ; 0 H/in                  ; 0 F/in                  ; short         ; -                   ; open           ; open             ; open   ; 0 in             ; 0 H/in                 ; 0 F/in                 ; short        ; open          ; open            ; open  ; 0 V                 ; -                  ; n/a           ; n/a             ; n/a         ;
; cram1_a[16]             ; 1.8 V        ; 0 in              ; 0 H/in                  ; 0 F/in                  ; short         ; -                   ; open           ; open             ; open   ; 0 in             ; 0 H/in                 ; 0 F/in                 ; short        ; open          ; open            ; open  ; 0 V                 ; -                  ; n/a           ; n/a             ; n/a         ;
; cram1_a[17]             ; 1.8 V        ; 0 in              ; 0 H/in                  ; 0 F/in                  ; short         ; -                   ; open           ; open             ; open   ; 0 in             ; 0 H/in                 ; 0 F/in                 ; short        ; open          ; open            ; open  ; 0 V                 ; -                  ; n/a           ; n/a             ; n/a         ;
; cram1_a[18]             ; 1.8 V        ; 0 in              ; 0 H/in                  ; 0 F/in                  ; short         ; -                   ; open           ; open             ; open   ; 0 in             ; 0 H/in                 ; 0 F/in                 ; short        ; open          ; open            ; open  ; 0 V                 ; -                  ; n/a           ; n/a             ; n/a         ;
; cram1_a[19]             ; 1.8 V        ; 0 in              ; 0 H/in                  ; 0 F/in                  ; short         ; -                   ; open           ; open             ; open   ; 0 in             ; 0 H/in                 ; 0 F/in                 ; short        ; open          ; open            ; open  ; 0 V                 ; -                  ; n/a           ; n/a             ; n/a         ;
; cram1_a[20]             ; 1.8 V        ; 0 in              ; 0 H/in                  ; 0 F/in                  ; short         ; -                   ; open           ; open             ; open   ; 0 in             ; 0 H/in                 ; 0 F/in                 ; short        ; open          ; open            ; open  ; 0 V                 ; -                  ; n/a           ; n/a             ; n/a         ;
; cram1_a[21]             ; 1.8 V        ; 0 in              ; 0 H/in                  ; 0 F/in                  ; short         ; -                   ; open           ; open             ; open   ; 0 in             ; 0 H/in                 ; 0 F/in                 ; short        ; open          ; open            ; open  ; 0 V                 ; -                  ; n/a           ; n/a             ; n/a         ;
; cram1_clk               ; 1.8 V        ; 0 in              ; 0 H/in                  ; 0 F/in                  ; short         ; -                   ; open           ; open             ; open   ; 0 in             ; 0 H/in                 ; 0 F/in                 ; short        ; open          ; open            ; open  ; 0 V                 ; -                  ; n/a           ; n/a             ; n/a         ;
; cram1_adv_n             ; 1.8 V        ; 0 in              ; 0 H/in                  ; 0 F/in                  ; short         ; -                   ; open           ; open             ; open   ; 0 in             ; 0 H/in                 ; 0 F/in                 ; short        ; open          ; open            ; open  ; 0 V                 ; -                  ; n/a           ; n/a             ; n/a         ;
; cram1_cre               ; 1.8 V        ; 0 in              ; 0 H/in                  ; 0 F/in                  ; short         ; -                   ; open           ; open             ; open   ; 0 in             ; 0 H/in                 ; 0 F/in                 ; short        ; open          ; open            ; open  ; 0 V                 ; -                  ; n/a           ; n/a             ; n/a         ;
; cram1_ce0_n             ; 1.8 V        ; 0 in              ; 0 H/in                  ; 0 F/in                  ; short         ; -                   ; open           ; open             ; open   ; 0 in             ; 0 H/in                 ; 0 F/in                 ; short        ; open          ; open            ; open  ; 0 V                 ; -                  ; n/a           ; n/a             ; n/a         ;
; cram1_ce1_n             ; 1.8 V        ; 0 in              ; 0 H/in                  ; 0 F/in                  ; short         ; -                   ; open           ; open             ; open   ; 0 in             ; 0 H/in                 ; 0 F/in                 ; short        ; open          ; open            ; open  ; 0 V                 ; -                  ; n/a           ; n/a             ; n/a         ;
; cram1_oe_n              ; 1.8 V        ; 0 in              ; 0 H/in                  ; 0 F/in                  ; short         ; -                   ; open           ; open             ; open   ; 0 in             ; 0 H/in                 ; 0 F/in                 ; short        ; open          ; open            ; open  ; 0 V                 ; -                  ; n/a           ; n/a             ; n/a         ;
; cram1_we_n              ; 1.8 V        ; 0 in              ; 0 H/in                  ; 0 F/in                  ; short         ; -                   ; open           ; open             ; open   ; 0 in             ; 0 H/in                 ; 0 F/in                 ; short        ; open          ; open            ; open  ; 0 V                 ; -                  ; n/a           ; n/a             ; n/a         ;
; cram1_ub_n              ; 1.8 V        ; 0 in              ; 0 H/in                  ; 0 F/in                  ; short         ; -                   ; open           ; open             ; open   ; 0 in             ; 0 H/in                 ; 0 F/in                 ; short        ; open          ; open            ; open  ; 0 V                 ; -                  ; n/a           ; n/a             ; n/a         ;
; cram1_lb_n              ; 1.8 V        ; 0 in              ; 0 H/in                  ; 0 F/in                  ; short         ; -                   ; open           ; open             ; open   ; 0 in             ; 0 H/in                 ; 0 F/in                 ; short        ; open          ; open            ; open  ; 0 V                 ; -                  ; n/a           ; n/a             ; n/a         ;
; dram_a[0]               ; 1.8 V        ; 0 in              ; 0 H/in                  ; 0 F/in                  ; short         ; -                   ; open           ; open             ; open   ; 0 in             ; 0 H/in                 ; 0 F/in                 ; short        ; open          ; open            ; open  ; 0 V                 ; -                  ; n/a           ; n/a             ; n/a         ;
; dram_a[1]               ; 1.8 V        ; 0 in              ; 0 H/in                  ; 0 F/in                  ; short         ; -                   ; open           ; open             ; open   ; 0 in             ; 0 H/in                 ; 0 F/in                 ; short        ; open          ; open            ; open  ; 0 V                 ; -                  ; n/a           ; n/a             ; n/a         ;
; dram_a[2]               ; 1.8 V        ; 0 in              ; 0 H/in                  ; 0 F/in                  ; short         ; -                   ; open           ; open             ; open   ; 0 in             ; 0 H/in                 ; 0 F/in                 ; short        ; open          ; open            ; open  ; 0 V                 ; -                  ; n/a           ; n/a             ; n/a         ;
; dram_a[3]               ; 1.8 V        ; 0 in              ; 0 H/in                  ; 0 F/in                  ; short         ; -                   ; open           ; open             ; open   ; 0 in             ; 0 H/in                 ; 0 F/in                 ; short        ; open          ; open            ; open  ; 0 V                 ; -                  ; n/a           ; n/a             ; n/a         ;
; dram_a[4]               ; 1.8 V        ; 0 in              ; 0 H/in                  ; 0 F/in                  ; short         ; -                   ; open           ; open             ; open   ; 0 in             ; 0 H/in                 ; 0 F/in                 ; short        ; open          ; open            ; open  ; 0 V                 ; -                  ; n/a           ; n/a             ; n/a         ;
; dram_a[5]               ; 1.8 V        ; 0 in              ; 0 H/in                  ; 0 F/in                  ; short         ; -                   ; open           ; open             ; open   ; 0 in             ; 0 H/in                 ; 0 F/in                 ; short        ; open          ; open            ; open  ; 0 V                 ; -                  ; n/a           ; n/a             ; n/a         ;
; dram_a[6]               ; 1.8 V        ; 0 in              ; 0 H/in                  ; 0 F/in                  ; short         ; -                   ; open           ; open             ; open   ; 0 in             ; 0 H/in                 ; 0 F/in                 ; short        ; open          ; open            ; open  ; 0 V                 ; -                  ; n/a           ; n/a             ; n/a         ;
; dram_a[7]               ; 1.8 V        ; 0 in              ; 0 H/in                  ; 0 F/in                  ; short         ; -                   ; open           ; open             ; open   ; 0 in             ; 0 H/in                 ; 0 F/in                 ; short        ; open          ; open            ; open  ; 0 V                 ; -                  ; n/a           ; n/a             ; n/a         ;
; dram_a[8]               ; 1.8 V        ; 0 in              ; 0 H/in                  ; 0 F/in                  ; short         ; -                   ; open           ; open             ; open   ; 0 in             ; 0 H/in                 ; 0 F/in                 ; short        ; open          ; open            ; open  ; 0 V                 ; -                  ; n/a           ; n/a             ; n/a         ;
; dram_a[9]               ; 1.8 V        ; 0 in              ; 0 H/in                  ; 0 F/in                  ; short         ; -                   ; open           ; open             ; open   ; 0 in             ; 0 H/in                 ; 0 F/in                 ; short        ; open          ; open            ; open  ; 0 V                 ; -                  ; n/a           ; n/a             ; n/a         ;
; dram_a[10]              ; 1.8 V        ; 0 in              ; 0 H/in                  ; 0 F/in                  ; short         ; -                   ; open           ; open             ; open   ; 0 in             ; 0 H/in                 ; 0 F/in                 ; short        ; open          ; open            ; open  ; 0 V                 ; -                  ; n/a           ; n/a             ; n/a         ;
; dram_a[11]              ; 1.8 V        ; 0 in              ; 0 H/in                  ; 0 F/in                  ; short         ; -                   ; open           ; open             ; open   ; 0 in             ; 0 H/in                 ; 0 F/in                 ; short        ; open          ; open            ; open  ; 0 V                 ; -                  ; n/a           ; n/a             ; n/a         ;
; dram_a[12]              ; 1.8 V        ; 0 in              ; 0 H/in                  ; 0 F/in                  ; short         ; -                   ; open           ; open             ; open   ; 0 in             ; 0 H/in                 ; 0 F/in                 ; short        ; open          ; open            ; open  ; 0 V                 ; -                  ; n/a           ; n/a             ; n/a         ;
; dram_ba[0]              ; 1.8 V        ; 0 in              ; 0 H/in                  ; 0 F/in                  ; short         ; -                   ; open           ; open             ; open   ; 0 in             ; 0 H/in                 ; 0 F/in                 ; short        ; open          ; open            ; open  ; 0 V                 ; -                  ; n/a           ; n/a             ; n/a         ;
; dram_ba[1]              ; 1.8 V        ; 0 in              ; 0 H/in                  ; 0 F/in                  ; short         ; -                   ; open           ; open             ; open   ; 0 in             ; 0 H/in                 ; 0 F/in                 ; short        ; open          ; open            ; open  ; 0 V                 ; -                  ; n/a           ; n/a             ; n/a         ;
; dram_dqm[0]             ; 1.8 V        ; 0 in              ; 0 H/in                  ; 0 F/in                  ; short         ; -                   ; open           ; open             ; open   ; 0 in             ; 0 H/in                 ; 0 F/in                 ; short        ; open          ; open            ; open  ; 0 V                 ; -                  ; n/a           ; n/a             ; n/a         ;
; dram_dqm[1]             ; 1.8 V        ; 0 in              ; 0 H/in                  ; 0 F/in                  ; short         ; -                   ; open           ; open             ; open   ; 0 in             ; 0 H/in                 ; 0 F/in                 ; short        ; open          ; open            ; open  ; 0 V                 ; -                  ; n/a           ; n/a             ; n/a         ;
; dram_clk                ; 1.8 V        ; 0 in              ; 0 H/in                  ; 0 F/in                  ; short         ; -                   ; open           ; open             ; open   ; 0 in             ; 0 H/in                 ; 0 F/in                 ; short        ; open          ; open            ; open  ; 0 V                 ; -                  ; n/a           ; n/a             ; n/a         ;
; dram_cke                ; 1.8 V        ; 0 in              ; 0 H/in                  ; 0 F/in                  ; short         ; -                   ; open           ; open             ; open   ; 0 in             ; 0 H/in                 ; 0 F/in                 ; short        ; open          ; open            ; open  ; 0 V                 ; -                  ; n/a           ; n/a             ; n/a         ;
; dram_ras_n              ; 1.8 V        ; 0 in              ; 0 H/in                  ; 0 F/in                  ; short         ; -                   ; open           ; open             ; open   ; 0 in             ; 0 H/in                 ; 0 F/in                 ; short        ; open          ; open            ; open  ; 0 V                 ; -                  ; n/a           ; n/a             ; n/a         ;
; dram_cas_n              ; 1.8 V        ; 0 in              ; 0 H/in                  ; 0 F/in                  ; short         ; -                   ; open           ; open             ; open   ; 0 in             ; 0 H/in                 ; 0 F/in                 ; short        ; open          ; open            ; open  ; 0 V                 ; -                  ; n/a           ; n/a             ; n/a         ;
; dram_we_n               ; 1.8 V        ; 0 in              ; 0 H/in                  ; 0 F/in                  ; short         ; -                   ; open           ; open             ; open   ; 0 in             ; 0 H/in                 ; 0 F/in                 ; short        ; open          ; open            ; open  ; 0 V                 ; -                  ; n/a           ; n/a             ; n/a         ;
; sram_a[0]               ; 3.3-V LVCMOS ; 0 in              ; 0 H/in                  ; 0 F/in                  ; short         ; -                   ; open           ; open             ; open   ; 0 in             ; 0 H/in                 ; 0 F/in                 ; short        ; open          ; open            ; open  ; 0 V                 ; -                  ; n/a           ; n/a             ; n/a         ;
; sram_a[1]               ; 3.3-V LVCMOS ; 0 in              ; 0 H/in                  ; 0 F/in                  ; short         ; -                   ; open           ; open             ; open   ; 0 in             ; 0 H/in                 ; 0 F/in                 ; short        ; open          ; open            ; open  ; 0 V                 ; -                  ; n/a           ; n/a             ; n/a         ;
; sram_a[2]               ; 3.3-V LVCMOS ; 0 in              ; 0 H/in                  ; 0 F/in                  ; short         ; -                   ; open           ; open             ; open   ; 0 in             ; 0 H/in                 ; 0 F/in                 ; short        ; open          ; open            ; open  ; 0 V                 ; -                  ; n/a           ; n/a             ; n/a         ;
; sram_a[3]               ; 3.3-V LVCMOS ; 0 in              ; 0 H/in                  ; 0 F/in                  ; short         ; -                   ; open           ; open             ; open   ; 0 in             ; 0 H/in                 ; 0 F/in                 ; short        ; open          ; open            ; open  ; 0 V                 ; -                  ; n/a           ; n/a             ; n/a         ;
; sram_a[4]               ; 3.3-V LVCMOS ; 0 in              ; 0 H/in                  ; 0 F/in                  ; short         ; -                   ; open           ; open             ; open   ; 0 in             ; 0 H/in                 ; 0 F/in                 ; short        ; open          ; open            ; open  ; 0 V                 ; -                  ; n/a           ; n/a             ; n/a         ;
; sram_a[5]               ; 3.3-V LVCMOS ; 0 in              ; 0 H/in                  ; 0 F/in                  ; short         ; -                   ; open           ; open             ; open   ; 0 in             ; 0 H/in                 ; 0 F/in                 ; short        ; open          ; open            ; open  ; 0 V                 ; -                  ; n/a           ; n/a             ; n/a         ;
; sram_a[6]               ; 3.3-V LVCMOS ; 0 in              ; 0 H/in                  ; 0 F/in                  ; short         ; -                   ; open           ; open             ; open   ; 0 in             ; 0 H/in                 ; 0 F/in                 ; short        ; open          ; open            ; open  ; 0 V                 ; -                  ; n/a           ; n/a             ; n/a         ;
; sram_a[7]               ; 3.3-V LVCMOS ; 0 in              ; 0 H/in                  ; 0 F/in                  ; short         ; -                   ; open           ; open             ; open   ; 0 in             ; 0 H/in                 ; 0 F/in                 ; short        ; open          ; open            ; open  ; 0 V                 ; -                  ; n/a           ; n/a             ; n/a         ;
; sram_a[8]               ; 3.3-V LVCMOS ; 0 in              ; 0 H/in                  ; 0 F/in                  ; short         ; -                   ; open           ; open             ; open   ; 0 in             ; 0 H/in                 ; 0 F/in                 ; short        ; open          ; open            ; open  ; 0 V                 ; -                  ; n/a           ; n/a             ; n/a         ;
; sram_a[9]               ; 3.3-V LVCMOS ; 0 in              ; 0 H/in                  ; 0 F/in                  ; short         ; -                   ; open           ; open             ; open   ; 0 in             ; 0 H/in                 ; 0 F/in                 ; short        ; open          ; open            ; open  ; 0 V                 ; -                  ; n/a           ; n/a             ; n/a         ;
; sram_a[10]              ; 3.3-V LVCMOS ; 0 in              ; 0 H/in                  ; 0 F/in                  ; short         ; -                   ; open           ; open             ; open   ; 0 in             ; 0 H/in                 ; 0 F/in                 ; short        ; open          ; open            ; open  ; 0 V                 ; -                  ; n/a           ; n/a             ; n/a         ;
; sram_a[11]              ; 3.3-V LVCMOS ; 0 in              ; 0 H/in                  ; 0 F/in                  ; short         ; -                   ; open           ; open             ; open   ; 0 in             ; 0 H/in                 ; 0 F/in                 ; short        ; open          ; open            ; open  ; 0 V                 ; -                  ; n/a           ; n/a             ; n/a         ;
; sram_a[12]              ; 3.3-V LVCMOS ; 0 in              ; 0 H/in                  ; 0 F/in                  ; short         ; -                   ; open           ; open             ; open   ; 0 in             ; 0 H/in                 ; 0 F/in                 ; short        ; open          ; open            ; open  ; 0 V                 ; -                  ; n/a           ; n/a             ; n/a         ;
; sram_a[13]              ; 3.3-V LVCMOS ; 0 in              ; 0 H/in                  ; 0 F/in                  ; short         ; -                   ; open           ; open             ; open   ; 0 in             ; 0 H/in                 ; 0 F/in                 ; short        ; open          ; open            ; open  ; 0 V                 ; -                  ; n/a           ; n/a             ; n/a         ;
; sram_a[14]              ; 3.3-V LVCMOS ; 0 in              ; 0 H/in                  ; 0 F/in                  ; short         ; -                   ; open           ; open             ; open   ; 0 in             ; 0 H/in                 ; 0 F/in                 ; short        ; open          ; open            ; open  ; 0 V                 ; -                  ; n/a           ; n/a             ; n/a         ;
; sram_a[15]              ; 3.3-V LVCMOS ; 0 in              ; 0 H/in                  ; 0 F/in                  ; short         ; -                   ; open           ; open             ; open   ; 0 in             ; 0 H/in                 ; 0 F/in                 ; short        ; open          ; open            ; open  ; 0 V                 ; -                  ; n/a           ; n/a             ; n/a         ;
; sram_a[16]              ; 3.3-V LVCMOS ; 0 in              ; 0 H/in                  ; 0 F/in                  ; short         ; -                   ; open           ; open             ; open   ; 0 in             ; 0 H/in                 ; 0 F/in                 ; short        ; open          ; open            ; open  ; 0 V                 ; -                  ; n/a           ; n/a             ; n/a         ;
; sram_oe_n               ; 3.3-V LVCMOS ; 0 in              ; 0 H/in                  ; 0 F/in                  ; short         ; -                   ; open           ; open             ; open   ; 0 in             ; 0 H/in                 ; 0 F/in                 ; short        ; open          ; open            ; open  ; 0 V                 ; -                  ; n/a           ; n/a             ; n/a         ;
; sram_we_n               ; 3.3-V LVCMOS ; 0 in              ; 0 H/in                  ; 0 F/in                  ; short         ; -                   ; open           ; open             ; open   ; 0 in             ; 0 H/in                 ; 0 F/in                 ; short        ; open          ; open            ; open  ; 0 V                 ; -                  ; n/a           ; n/a             ; n/a         ;
; sram_ub_n               ; 3.3-V LVCMOS ; 0 in              ; 0 H/in                  ; 0 F/in                  ; short         ; -                   ; open           ; open             ; open   ; 0 in             ; 0 H/in                 ; 0 F/in                 ; short        ; open          ; open            ; open  ; 0 V                 ; -                  ; n/a           ; n/a             ; n/a         ;
; sram_lb_n               ; 3.3-V LVCMOS ; 0 in              ; 0 H/in                  ; 0 F/in                  ; short         ; -                   ; open           ; open             ; open   ; 0 in             ; 0 H/in                 ; 0 F/in                 ; short        ; open          ; open            ; open  ; 0 V                 ; -                  ; n/a           ; n/a             ; n/a         ;
; dbg_tx                  ; 1.8 V        ; 0 in              ; 0 H/in                  ; 0 F/in                  ; short         ; -                   ; open           ; open             ; open   ; 0 in             ; 0 H/in                 ; 0 F/in                 ; short        ; open          ; open            ; open  ; 0 V                 ; -                  ; n/a           ; n/a             ; n/a         ;
; user1                   ; 1.8 V        ; 0 in              ; 0 H/in                  ; 0 F/in                  ; short         ; -                   ; open           ; open             ; open   ; 0 in             ; 0 H/in                 ; 0 F/in                 ; short        ; open          ; open            ; open  ; 0 V                 ; -                  ; n/a           ; n/a             ; n/a         ;
; vpll_feed               ; 1.8 V        ; 0 in              ; 0 H/in                  ; 0 F/in                  ; short         ; -                   ; open           ; open             ; open   ; 0 in             ; 0 H/in                 ; 0 F/in                 ; short        ; open          ; open            ; open  ; 0 V                 ; -                  ; n/a           ; n/a             ; n/a         ;
; aux_scl                 ; 1.8 V        ; 0 in              ; 0 H/in                  ; 0 F/in                  ; short         ; -                   ; open           ; open             ; open   ; 0 in             ; 0 H/in                 ; 0 F/in                 ; short        ; open          ; open            ; open  ; 0 V                 ; -                  ; n/a           ; n/a             ; n/a         ;
; cart_tran_bank2[0]      ; 3.3-V LVCMOS ; 0 in              ; 0 H/in                  ; 0 F/in                  ; short         ; -                   ; open           ; open             ; open   ; 0 in             ; 0 H/in                 ; 0 F/in                 ; short        ; open          ; open            ; open  ; 0 V                 ; -                  ; n/a           ; n/a             ; n/a         ;
; cart_tran_bank2[1]      ; 3.3-V LVCMOS ; 0 in              ; 0 H/in                  ; 0 F/in                  ; short         ; -                   ; open           ; open             ; open   ; 0 in             ; 0 H/in                 ; 0 F/in                 ; short        ; open          ; open            ; open  ; 0 V                 ; -                  ; n/a           ; n/a             ; n/a         ;
; cart_tran_bank2[2]      ; 3.3-V LVCMOS ; 0 in              ; 0 H/in                  ; 0 F/in                  ; short         ; -                   ; open           ; open             ; open   ; 0 in             ; 0 H/in                 ; 0 F/in                 ; short        ; open          ; open            ; open  ; 0 V                 ; -                  ; n/a           ; n/a             ; n/a         ;
; cart_tran_bank2[3]      ; 3.3-V LVCMOS ; 0 in              ; 0 H/in                  ; 0 F/in                  ; short         ; -                   ; open           ; open             ; open   ; 0 in             ; 0 H/in                 ; 0 F/in                 ; short        ; open          ; open            ; open  ; 0 V                 ; -                  ; n/a           ; n/a             ; n/a         ;
; cart_tran_bank2[4]      ; 3.3-V LVCMOS ; 0 in              ; 0 H/in                  ; 0 F/in                  ; short         ; -                   ; open           ; open             ; open   ; 0 in             ; 0 H/in                 ; 0 F/in                 ; short        ; open          ; open            ; open  ; 0 V                 ; -                  ; n/a           ; n/a             ; n/a         ;
; cart_tran_bank2[5]      ; 3.3-V LVCMOS ; 0 in              ; 0 H/in                  ; 0 F/in                  ; short         ; -                   ; open           ; open             ; open   ; 0 in             ; 0 H/in                 ; 0 F/in                 ; short        ; open          ; open            ; open  ; 0 V                 ; -                  ; n/a           ; n/a             ; n/a         ;
; cart_tran_bank2[6]      ; 3.3-V LVCMOS ; 0 in              ; 0 H/in                  ; 0 F/in                  ; short         ; -                   ; open           ; open             ; open   ; 0 in             ; 0 H/in                 ; 0 F/in                 ; short        ; open          ; open            ; open  ; 0 V                 ; -                  ; n/a           ; n/a             ; n/a         ;
; cart_tran_bank2[7]      ; 3.3-V LVCMOS ; 0 in              ; 0 H/in                  ; 0 F/in                  ; short         ; -                   ; open           ; open             ; open   ; 0 in             ; 0 H/in                 ; 0 F/in                 ; short        ; open          ; open            ; open  ; 0 V                 ; -                  ; n/a           ; n/a             ; n/a         ;
; cart_tran_bank3[0]      ; 3.3-V LVCMOS ; 0 in              ; 0 H/in                  ; 0 F/in                  ; short         ; -                   ; open           ; open             ; open   ; 0 in             ; 0 H/in                 ; 0 F/in                 ; short        ; open          ; open            ; open  ; 0 V                 ; -                  ; n/a           ; n/a             ; n/a         ;
; cart_tran_bank3[1]      ; 3.3-V LVCMOS ; 0 in              ; 0 H/in                  ; 0 F/in                  ; short         ; -                   ; open           ; open             ; open   ; 0 in             ; 0 H/in                 ; 0 F/in                 ; short        ; open          ; open            ; open  ; 0 V                 ; -                  ; n/a           ; n/a             ; n/a         ;
; cart_tran_bank3[2]      ; 3.3-V LVCMOS ; 0 in              ; 0 H/in                  ; 0 F/in                  ; short         ; -                   ; open           ; open             ; open   ; 0 in             ; 0 H/in                 ; 0 F/in                 ; short        ; open          ; open            ; open  ; 0 V                 ; -                  ; n/a           ; n/a             ; n/a         ;
; cart_tran_bank3[3]      ; 3.3-V LVCMOS ; 0 in              ; 0 H/in                  ; 0 F/in                  ; short         ; -                   ; open           ; open             ; open   ; 0 in             ; 0 H/in                 ; 0 F/in                 ; short        ; open          ; open            ; open  ; 0 V                 ; -                  ; n/a           ; n/a             ; n/a         ;
; cart_tran_bank3[4]      ; 3.3-V LVCMOS ; 0 in              ; 0 H/in                  ; 0 F/in                  ; short         ; -                   ; open           ; open             ; open   ; 0 in             ; 0 H/in                 ; 0 F/in                 ; short        ; open          ; open            ; open  ; 0 V                 ; -                  ; n/a           ; n/a             ; n/a         ;
; cart_tran_bank3[5]      ; 3.3-V LVCMOS ; 0 in              ; 0 H/in                  ; 0 F/in                  ; short         ; -                   ; open           ; open             ; open   ; 0 in             ; 0 H/in                 ; 0 F/in                 ; short        ; open          ; open            ; open  ; 0 V                 ; -                  ; n/a           ; n/a             ; n/a         ;
; cart_tran_bank3[6]      ; 3.3-V LVCMOS ; 0 in              ; 0 H/in                  ; 0 F/in                  ; short         ; -                   ; open           ; open             ; open   ; 0 in             ; 0 H/in                 ; 0 F/in                 ; short        ; open          ; open            ; open  ; 0 V                 ; -                  ; n/a           ; n/a             ; n/a         ;
; cart_tran_bank3[7]      ; 3.3-V LVCMOS ; 0 in              ; 0 H/in                  ; 0 F/in                  ; short         ; -                   ; open           ; open             ; open   ; 0 in             ; 0 H/in                 ; 0 F/in                 ; short        ; open          ; open            ; open  ; 0 V                 ; -                  ; n/a           ; n/a             ; n/a         ;
; cart_tran_bank1[0]      ; 3.3-V LVCMOS ; 0 in              ; 0 H/in                  ; 0 F/in                  ; short         ; -                   ; open           ; open             ; open   ; 0 in             ; 0 H/in                 ; 0 F/in                 ; short        ; open          ; open            ; open  ; 0 V                 ; -                  ; n/a           ; n/a             ; n/a         ;
; cart_tran_bank1[1]      ; 3.3-V LVCMOS ; 0 in              ; 0 H/in                  ; 0 F/in                  ; short         ; -                   ; open           ; open             ; open   ; 0 in             ; 0 H/in                 ; 0 F/in                 ; short        ; open          ; open            ; open  ; 0 V                 ; -                  ; n/a           ; n/a             ; n/a         ;
; cart_tran_bank1[2]      ; 3.3-V LVCMOS ; 0 in              ; 0 H/in                  ; 0 F/in                  ; short         ; -                   ; open           ; open             ; open   ; 0 in             ; 0 H/in                 ; 0 F/in                 ; short        ; open          ; open            ; open  ; 0 V                 ; -                  ; n/a           ; n/a             ; n/a         ;
; cart_tran_bank1[3]      ; 3.3-V LVCMOS ; 0 in              ; 0 H/in                  ; 0 F/in                  ; short         ; -                   ; open           ; open             ; open   ; 0 in             ; 0 H/in                 ; 0 F/in                 ; short        ; open          ; open            ; open  ; 0 V                 ; -                  ; n/a           ; n/a             ; n/a         ;
; cart_tran_bank1[4]      ; 3.3-V LVCMOS ; 0 in              ; 0 H/in                  ; 0 F/in                  ; short         ; -                   ; open           ; open             ; open   ; 0 in             ; 0 H/in                 ; 0 F/in                 ; short        ; open          ; open            ; open  ; 0 V                 ; -                  ; n/a           ; n/a             ; n/a         ;
; cart_tran_bank1[5]      ; 3.3-V LVCMOS ; 0 in              ; 0 H/in                  ; 0 F/in                  ; short         ; -                   ; open           ; open             ; open   ; 0 in             ; 0 H/in                 ; 0 F/in                 ; short        ; open          ; open            ; open  ; 0 V                 ; -                  ; n/a           ; n/a             ; n/a         ;
; cart_tran_bank1[6]      ; 3.3-V LVCMOS ; 0 in              ; 0 H/in                  ; 0 F/in                  ; short         ; -                   ; open           ; open             ; open   ; 0 in             ; 0 H/in                 ; 0 F/in                 ; short        ; open          ; open            ; open  ; 0 V                 ; -                  ; n/a           ; n/a             ; n/a         ;
; cart_tran_bank1[7]      ; 3.3-V LVCMOS ; 0 in              ; 0 H/in                  ; 0 F/in                  ; short         ; -                   ; open           ; open             ; open   ; 0 in             ; 0 H/in                 ; 0 F/in                 ; short        ; open          ; open            ; open  ; 0 V                 ; -                  ; n/a           ; n/a             ; n/a         ;
; cart_tran_bank0[4]      ; 3.3-V LVCMOS ; 0 in              ; 0 H/in                  ; 0 F/in                  ; short         ; -                   ; open           ; open             ; open   ; 0 in             ; 0 H/in                 ; 0 F/in                 ; short        ; open          ; open            ; open  ; 0 V                 ; -                  ; n/a           ; n/a             ; n/a         ;
; cart_tran_bank0[5]      ; 3.3-V LVCMOS ; 0 in              ; 0 H/in                  ; 0 F/in                  ; short         ; -                   ; open           ; open             ; open   ; 0 in             ; 0 H/in                 ; 0 F/in                 ; short        ; open          ; open            ; open  ; 0 V                 ; -                  ; n/a           ; n/a             ; n/a         ;
; cart_tran_bank0[6]      ; 3.3-V LVCMOS ; 0 in              ; 0 H/in                  ; 0 F/in                  ; short         ; -                   ; open           ; open             ; open   ; 0 in             ; 0 H/in                 ; 0 F/in                 ; short        ; open          ; open            ; open  ; 0 V                 ; -                  ; n/a           ; n/a             ; n/a         ;
; cart_tran_bank0[7]      ; 3.3-V LVCMOS ; 0 in              ; 0 H/in                  ; 0 F/in                  ; short         ; -                   ; open           ; open             ; open   ; 0 in             ; 0 H/in                 ; 0 F/in                 ; short        ; open          ; open            ; open  ; 0 V                 ; -                  ; n/a           ; n/a             ; n/a         ;
; cart_tran_pin30         ; 1.8 V        ; 0 in              ; 0 H/in                  ; 0 F/in                  ; short         ; -                   ; open           ; open             ; open   ; 0 in             ; 0 H/in                 ; 0 F/in                 ; short        ; open          ; open            ; open  ; 0 V                 ; -                  ; n/a           ; n/a             ; n/a         ;
; cart_tran_pin31         ; 1.8 V        ; 0 in              ; 0 H/in                  ; 0 F/in                  ; short         ; -                   ; open           ; open             ; open   ; 0 in             ; 0 H/in                 ; 0 F/in                 ; short        ; open          ; open            ; open  ; 0 V                 ; -                  ; n/a           ; n/a             ; n/a         ;
; port_tran_si            ; 3.3-V LVCMOS ; 0 in              ; 0 H/in                  ; 0 F/in                  ; short         ; -                   ; open           ; open             ; open   ; 0 in             ; 0 H/in                 ; 0 F/in                 ; short        ; open          ; open            ; open  ; 0 V                 ; -                  ; n/a           ; n/a             ; n/a         ;
; port_tran_so            ; 1.8 V        ; 0 in              ; 0 H/in                  ; 0 F/in                  ; short         ; -                   ; open           ; open             ; open   ; 0 in             ; 0 H/in                 ; 0 F/in                 ; short        ; open          ; open            ; open  ; 0 V                 ; -                  ; n/a           ; n/a             ; n/a         ;
; port_tran_sck           ; 3.3-V LVCMOS ; 0 in              ; 0 H/in                  ; 0 F/in                  ; short         ; -                   ; open           ; open             ; open   ; 0 in             ; 0 H/in                 ; 0 F/in                 ; short        ; open          ; open            ; open  ; 0 V                 ; -                  ; n/a           ; n/a             ; n/a         ;
; port_tran_sd            ; 3.3-V LVCMOS ; 0 in              ; 0 H/in                  ; 0 F/in                  ; short         ; -                   ; open           ; open             ; open   ; 0 in             ; 0 H/in                 ; 0 F/in                 ; short        ; open          ; open            ; open  ; 0 V                 ; -                  ; n/a           ; n/a             ; n/a         ;
; scal_vid[0]             ; 1.8 V        ; 0 in              ; 0 H/in                  ; 0 F/in                  ; short         ; -                   ; open           ; open             ; open   ; 0 in             ; 0 H/in                 ; 0 F/in                 ; short        ; open          ; open            ; open  ; 0 V                 ; -                  ; n/a           ; n/a             ; n/a         ;
; scal_vid[1]             ; 1.8 V        ; 0 in              ; 0 H/in                  ; 0 F/in                  ; short         ; -                   ; open           ; open             ; open   ; 0 in             ; 0 H/in                 ; 0 F/in                 ; short        ; open          ; open            ; open  ; 0 V                 ; -                  ; n/a           ; n/a             ; n/a         ;
; scal_vid[2]             ; 1.8 V        ; 0 in              ; 0 H/in                  ; 0 F/in                  ; short         ; -                   ; open           ; open             ; open   ; 0 in             ; 0 H/in                 ; 0 F/in                 ; short        ; open          ; open            ; open  ; 0 V                 ; -                  ; n/a           ; n/a             ; n/a         ;
; scal_vid[3]             ; 1.8 V        ; 0 in              ; 0 H/in                  ; 0 F/in                  ; short         ; -                   ; open           ; open             ; open   ; 0 in             ; 0 H/in                 ; 0 F/in                 ; short        ; open          ; open            ; open  ; 0 V                 ; -                  ; n/a           ; n/a             ; n/a         ;
; scal_vid[4]             ; 1.8 V        ; 0 in              ; 0 H/in                  ; 0 F/in                  ; short         ; -                   ; open           ; open             ; open   ; 0 in             ; 0 H/in                 ; 0 F/in                 ; short        ; open          ; open            ; open  ; 0 V                 ; -                  ; n/a           ; n/a             ; n/a         ;
; scal_vid[5]             ; 1.8 V        ; 0 in              ; 0 H/in                  ; 0 F/in                  ; short         ; -                   ; open           ; open             ; open   ; 0 in             ; 0 H/in                 ; 0 F/in                 ; short        ; open          ; open            ; open  ; 0 V                 ; -                  ; n/a           ; n/a             ; n/a         ;
; scal_vid[6]             ; 1.8 V        ; 0 in              ; 0 H/in                  ; 0 F/in                  ; short         ; -                   ; open           ; open             ; open   ; 0 in             ; 0 H/in                 ; 0 F/in                 ; short        ; open          ; open            ; open  ; 0 V                 ; -                  ; n/a           ; n/a             ; n/a         ;
; scal_vid[7]             ; 1.8 V        ; 0 in              ; 0 H/in                  ; 0 F/in                  ; short         ; -                   ; open           ; open             ; open   ; 0 in             ; 0 H/in                 ; 0 F/in                 ; short        ; open          ; open            ; open  ; 0 V                 ; -                  ; n/a           ; n/a             ; n/a         ;
; scal_vid[8]             ; 1.8 V        ; 0 in              ; 0 H/in                  ; 0 F/in                  ; short         ; -                   ; open           ; open             ; open   ; 0 in             ; 0 H/in                 ; 0 F/in                 ; short        ; open          ; open            ; open  ; 0 V                 ; -                  ; n/a           ; n/a             ; n/a         ;
; scal_vid[9]             ; 1.8 V        ; 0 in              ; 0 H/in                  ; 0 F/in                  ; short         ; -                   ; open           ; open             ; open   ; 0 in             ; 0 H/in                 ; 0 F/in                 ; short        ; open          ; open            ; open  ; 0 V                 ; -                  ; n/a           ; n/a             ; n/a         ;
; scal_vid[10]            ; 1.8 V        ; 0 in              ; 0 H/in                  ; 0 F/in                  ; short         ; -                   ; open           ; open             ; open   ; 0 in             ; 0 H/in                 ; 0 F/in                 ; short        ; open          ; open            ; open  ; 0 V                 ; -                  ; n/a           ; n/a             ; n/a         ;
; scal_vid[11]            ; 1.8 V        ; 0 in              ; 0 H/in                  ; 0 F/in                  ; short         ; -                   ; open           ; open             ; open   ; 0 in             ; 0 H/in                 ; 0 F/in                 ; short        ; open          ; open            ; open  ; 0 V                 ; -                  ; n/a           ; n/a             ; n/a         ;
; scal_clk                ; 1.8 V        ; 0 in              ; 0 H/in                  ; 0 F/in                  ; short         ; -                   ; open           ; open             ; open   ; 0 in             ; 0 H/in                 ; 0 F/in                 ; short        ; open          ; open            ; open  ; 0 V                 ; -                  ; n/a           ; n/a             ; n/a         ;
; scal_de                 ; 1.8 V        ; 0 in              ; 0 H/in                  ; 0 F/in                  ; short         ; -                   ; open           ; open             ; open   ; 0 in             ; 0 H/in                 ; 0 F/in                 ; short        ; open          ; open            ; open  ; 0 V                 ; -                  ; n/a           ; n/a             ; n/a         ;
; scal_skip               ; 1.8 V        ; 0 in              ; 0 H/in                  ; 0 F/in                  ; short         ; -                   ; open           ; open             ; open   ; 0 in             ; 0 H/in                 ; 0 F/in                 ; short        ; open          ; open            ; open  ; 0 V                 ; -                  ; n/a           ; n/a             ; n/a         ;
; scal_vs                 ; 1.8 V        ; 0 in              ; 0 H/in                  ; 0 F/in                  ; short         ; -                   ; open           ; open             ; open   ; 0 in             ; 0 H/in                 ; 0 F/in                 ; short        ; open          ; open            ; open  ; 0 V                 ; -                  ; n/a           ; n/a             ; n/a         ;
; scal_hs                 ; 1.8 V        ; 0 in              ; 0 H/in                  ; 0 F/in                  ; short         ; -                   ; open           ; open             ; open   ; 0 in             ; 0 H/in                 ; 0 F/in                 ; short        ; open          ; open            ; open  ; 0 V                 ; -                  ; n/a           ; n/a             ; n/a         ;
; bridge_spimosi          ; 1.8 V        ; 0 in              ; 0 H/in                  ; 0 F/in                  ; short         ; -                   ; open           ; open             ; open   ; 0 in             ; 0 H/in                 ; 0 F/in                 ; short        ; open          ; open            ; open  ; 0 V                 ; -                  ; n/a           ; n/a             ; n/a         ;
; bridge_spimiso          ; 1.8 V        ; 0 in              ; 0 H/in                  ; 0 F/in                  ; short         ; -                   ; open           ; open             ; open   ; 0 in             ; 0 H/in                 ; 0 F/in                 ; short        ; open          ; open            ; open  ; 0 V                 ; -                  ; n/a           ; n/a             ; n/a         ;
; bridge_spiclk           ; 1.8 V        ; 0 in              ; 0 H/in                  ; 0 F/in                  ; short         ; -                   ; open           ; open             ; open   ; 0 in             ; 0 H/in                 ; 0 F/in                 ; short        ; open          ; open            ; open  ; 0 V                 ; -                  ; n/a           ; n/a             ; n/a         ;
; bridge_1wire            ; 1.8 V        ; 0 in              ; 0 H/in                  ; 0 F/in                  ; short         ; -                   ; open           ; open             ; open   ; 0 in             ; 0 H/in                 ; 0 F/in                 ; short        ; open          ; open            ; open  ; 0 V                 ; -                  ; n/a           ; n/a             ; n/a         ;
; cram0_dq[0]             ; 1.8 V        ; 0 in              ; 0 H/in                  ; 0 F/in                  ; short         ; -                   ; open           ; open             ; open   ; 0 in             ; 0 H/in                 ; 0 F/in                 ; short        ; open          ; open            ; open  ; 0 V                 ; -                  ; n/a           ; n/a             ; n/a         ;
; cram0_dq[1]             ; 1.8 V        ; 0 in              ; 0 H/in                  ; 0 F/in                  ; short         ; -                   ; open           ; open             ; open   ; 0 in             ; 0 H/in                 ; 0 F/in                 ; short        ; open          ; open            ; open  ; 0 V                 ; -                  ; n/a           ; n/a             ; n/a         ;
; cram0_dq[2]             ; 1.8 V        ; 0 in              ; 0 H/in                  ; 0 F/in                  ; short         ; -                   ; open           ; open             ; open   ; 0 in             ; 0 H/in                 ; 0 F/in                 ; short        ; open          ; open            ; open  ; 0 V                 ; -                  ; n/a           ; n/a             ; n/a         ;
; cram0_dq[3]             ; 1.8 V        ; 0 in              ; 0 H/in                  ; 0 F/in                  ; short         ; -                   ; open           ; open             ; open   ; 0 in             ; 0 H/in                 ; 0 F/in                 ; short        ; open          ; open            ; open  ; 0 V                 ; -                  ; n/a           ; n/a             ; n/a         ;
; cram0_dq[4]             ; 1.8 V        ; 0 in              ; 0 H/in                  ; 0 F/in                  ; short         ; -                   ; open           ; open             ; open   ; 0 in             ; 0 H/in                 ; 0 F/in                 ; short        ; open          ; open            ; open  ; 0 V                 ; -                  ; n/a           ; n/a             ; n/a         ;
; cram0_dq[5]             ; 1.8 V        ; 0 in              ; 0 H/in                  ; 0 F/in                  ; short         ; -                   ; open           ; open             ; open   ; 0 in             ; 0 H/in                 ; 0 F/in                 ; short        ; open          ; open            ; open  ; 0 V                 ; -                  ; n/a           ; n/a             ; n/a         ;
; cram0_dq[6]             ; 1.8 V        ; 0 in              ; 0 H/in                  ; 0 F/in                  ; short         ; -                   ; open           ; open             ; open   ; 0 in             ; 0 H/in                 ; 0 F/in                 ; short        ; open          ; open            ; open  ; 0 V                 ; -                  ; n/a           ; n/a             ; n/a         ;
; cram0_dq[7]             ; 1.8 V        ; 0 in              ; 0 H/in                  ; 0 F/in                  ; short         ; -                   ; open           ; open             ; open   ; 0 in             ; 0 H/in                 ; 0 F/in                 ; short        ; open          ; open            ; open  ; 0 V                 ; -                  ; n/a           ; n/a             ; n/a         ;
; cram0_dq[8]             ; 1.8 V        ; 0 in              ; 0 H/in                  ; 0 F/in                  ; short         ; -                   ; open           ; open             ; open   ; 0 in             ; 0 H/in                 ; 0 F/in                 ; short        ; open          ; open            ; open  ; 0 V                 ; -                  ; n/a           ; n/a             ; n/a         ;
; cram0_dq[9]             ; 1.8 V        ; 0 in              ; 0 H/in                  ; 0 F/in                  ; short         ; -                   ; open           ; open             ; open   ; 0 in             ; 0 H/in                 ; 0 F/in                 ; short        ; open          ; open            ; open  ; 0 V                 ; -                  ; n/a           ; n/a             ; n/a         ;
; cram0_dq[10]            ; 1.8 V        ; 0 in              ; 0 H/in                  ; 0 F/in                  ; short         ; -                   ; open           ; open             ; open   ; 0 in             ; 0 H/in                 ; 0 F/in                 ; short        ; open          ; open            ; open  ; 0 V                 ; -                  ; n/a           ; n/a             ; n/a         ;
; cram0_dq[11]            ; 1.8 V        ; 0 in              ; 0 H/in                  ; 0 F/in                  ; short         ; -                   ; open           ; open             ; open   ; 0 in             ; 0 H/in                 ; 0 F/in                 ; short        ; open          ; open            ; open  ; 0 V                 ; -                  ; n/a           ; n/a             ; n/a         ;
; cram0_dq[12]            ; 1.8 V        ; 0 in              ; 0 H/in                  ; 0 F/in                  ; short         ; -                   ; open           ; open             ; open   ; 0 in             ; 0 H/in                 ; 0 F/in                 ; short        ; open          ; open            ; open  ; 0 V                 ; -                  ; n/a           ; n/a             ; n/a         ;
; cram0_dq[13]            ; 1.8 V        ; 0 in              ; 0 H/in                  ; 0 F/in                  ; short         ; -                   ; open           ; open             ; open   ; 0 in             ; 0 H/in                 ; 0 F/in                 ; short        ; open          ; open            ; open  ; 0 V                 ; -                  ; n/a           ; n/a             ; n/a         ;
; cram0_dq[14]            ; 1.8 V        ; 0 in              ; 0 H/in                  ; 0 F/in                  ; short         ; -                   ; open           ; open             ; open   ; 0 in             ; 0 H/in                 ; 0 F/in                 ; short        ; open          ; open            ; open  ; 0 V                 ; -                  ; n/a           ; n/a             ; n/a         ;
; cram0_dq[15]            ; 1.8 V        ; 0 in              ; 0 H/in                  ; 0 F/in                  ; short         ; -                   ; open           ; open             ; open   ; 0 in             ; 0 H/in                 ; 0 F/in                 ; short        ; open          ; open            ; open  ; 0 V                 ; -                  ; n/a           ; n/a             ; n/a         ;
; cram1_dq[0]             ; 1.8 V        ; 0 in              ; 0 H/in                  ; 0 F/in                  ; short         ; -                   ; open           ; open             ; open   ; 0 in             ; 0 H/in                 ; 0 F/in                 ; short        ; open          ; open            ; open  ; 0 V                 ; -                  ; n/a           ; n/a             ; n/a         ;
; cram1_dq[1]             ; 1.8 V        ; 0 in              ; 0 H/in                  ; 0 F/in                  ; short         ; -                   ; open           ; open             ; open   ; 0 in             ; 0 H/in                 ; 0 F/in                 ; short        ; open          ; open            ; open  ; 0 V                 ; -                  ; n/a           ; n/a             ; n/a         ;
; cram1_dq[2]             ; 1.8 V        ; 0 in              ; 0 H/in                  ; 0 F/in                  ; short         ; -                   ; open           ; open             ; open   ; 0 in             ; 0 H/in                 ; 0 F/in                 ; short        ; open          ; open            ; open  ; 0 V                 ; -                  ; n/a           ; n/a             ; n/a         ;
; cram1_dq[3]             ; 1.8 V        ; 0 in              ; 0 H/in                  ; 0 F/in                  ; short         ; -                   ; open           ; open             ; open   ; 0 in             ; 0 H/in                 ; 0 F/in                 ; short        ; open          ; open            ; open  ; 0 V                 ; -                  ; n/a           ; n/a             ; n/a         ;
; cram1_dq[4]             ; 1.8 V        ; 0 in              ; 0 H/in                  ; 0 F/in                  ; short         ; -                   ; open           ; open             ; open   ; 0 in             ; 0 H/in                 ; 0 F/in                 ; short        ; open          ; open            ; open  ; 0 V                 ; -                  ; n/a           ; n/a             ; n/a         ;
; cram1_dq[5]             ; 1.8 V        ; 0 in              ; 0 H/in                  ; 0 F/in                  ; short         ; -                   ; open           ; open             ; open   ; 0 in             ; 0 H/in                 ; 0 F/in                 ; short        ; open          ; open            ; open  ; 0 V                 ; -                  ; n/a           ; n/a             ; n/a         ;
; cram1_dq[6]             ; 1.8 V        ; 0 in              ; 0 H/in                  ; 0 F/in                  ; short         ; -                   ; open           ; open             ; open   ; 0 in             ; 0 H/in                 ; 0 F/in                 ; short        ; open          ; open            ; open  ; 0 V                 ; -                  ; n/a           ; n/a             ; n/a         ;
; cram1_dq[7]             ; 1.8 V        ; 0 in              ; 0 H/in                  ; 0 F/in                  ; short         ; -                   ; open           ; open             ; open   ; 0 in             ; 0 H/in                 ; 0 F/in                 ; short        ; open          ; open            ; open  ; 0 V                 ; -                  ; n/a           ; n/a             ; n/a         ;
; cram1_dq[8]             ; 1.8 V        ; 0 in              ; 0 H/in                  ; 0 F/in                  ; short         ; -                   ; open           ; open             ; open   ; 0 in             ; 0 H/in                 ; 0 F/in                 ; short        ; open          ; open            ; open  ; 0 V                 ; -                  ; n/a           ; n/a             ; n/a         ;
; cram1_dq[9]             ; 1.8 V        ; 0 in              ; 0 H/in                  ; 0 F/in                  ; short         ; -                   ; open           ; open             ; open   ; 0 in             ; 0 H/in                 ; 0 F/in                 ; short        ; open          ; open            ; open  ; 0 V                 ; -                  ; n/a           ; n/a             ; n/a         ;
; cram1_dq[10]            ; 1.8 V        ; 0 in              ; 0 H/in                  ; 0 F/in                  ; short         ; -                   ; open           ; open             ; open   ; 0 in             ; 0 H/in                 ; 0 F/in                 ; short        ; open          ; open            ; open  ; 0 V                 ; -                  ; n/a           ; n/a             ; n/a         ;
; cram1_dq[11]            ; 1.8 V        ; 0 in              ; 0 H/in                  ; 0 F/in                  ; short         ; -                   ; open           ; open             ; open   ; 0 in             ; 0 H/in                 ; 0 F/in                 ; short        ; open          ; open            ; open  ; 0 V                 ; -                  ; n/a           ; n/a             ; n/a         ;
; cram1_dq[12]            ; 1.8 V        ; 0 in              ; 0 H/in                  ; 0 F/in                  ; short         ; -                   ; open           ; open             ; open   ; 0 in             ; 0 H/in                 ; 0 F/in                 ; short        ; open          ; open            ; open  ; 0 V                 ; -                  ; n/a           ; n/a             ; n/a         ;
; cram1_dq[13]            ; 1.8 V        ; 0 in              ; 0 H/in                  ; 0 F/in                  ; short         ; -                   ; open           ; open             ; open   ; 0 in             ; 0 H/in                 ; 0 F/in                 ; short        ; open          ; open            ; open  ; 0 V                 ; -                  ; n/a           ; n/a             ; n/a         ;
; cram1_dq[14]            ; 1.8 V        ; 0 in              ; 0 H/in                  ; 0 F/in                  ; short         ; -                   ; open           ; open             ; open   ; 0 in             ; 0 H/in                 ; 0 F/in                 ; short        ; open          ; open            ; open  ; 0 V                 ; -                  ; n/a           ; n/a             ; n/a         ;
; cram1_dq[15]            ; 1.8 V        ; 0 in              ; 0 H/in                  ; 0 F/in                  ; short         ; -                   ; open           ; open             ; open   ; 0 in             ; 0 H/in                 ; 0 F/in                 ; short        ; open          ; open            ; open  ; 0 V                 ; -                  ; n/a           ; n/a             ; n/a         ;
; dram_dq[0]              ; 1.8 V        ; 0 in              ; 0 H/in                  ; 0 F/in                  ; short         ; -                   ; open           ; open             ; open   ; 0 in             ; 0 H/in                 ; 0 F/in                 ; short        ; open          ; open            ; open  ; 0 V                 ; -                  ; n/a           ; n/a             ; n/a         ;
; dram_dq[1]              ; 1.8 V        ; 0 in              ; 0 H/in                  ; 0 F/in                  ; short         ; -                   ; open           ; open             ; open   ; 0 in             ; 0 H/in                 ; 0 F/in                 ; short        ; open          ; open            ; open  ; 0 V                 ; -                  ; n/a           ; n/a             ; n/a         ;
; dram_dq[2]              ; 1.8 V        ; 0 in              ; 0 H/in                  ; 0 F/in                  ; short         ; -                   ; open           ; open             ; open   ; 0 in             ; 0 H/in                 ; 0 F/in                 ; short        ; open          ; open            ; open  ; 0 V                 ; -                  ; n/a           ; n/a             ; n/a         ;
; dram_dq[3]              ; 1.8 V        ; 0 in              ; 0 H/in                  ; 0 F/in                  ; short         ; -                   ; open           ; open             ; open   ; 0 in             ; 0 H/in                 ; 0 F/in                 ; short        ; open          ; open            ; open  ; 0 V                 ; -                  ; n/a           ; n/a             ; n/a         ;
; dram_dq[4]              ; 1.8 V        ; 0 in              ; 0 H/in                  ; 0 F/in                  ; short         ; -                   ; open           ; open             ; open   ; 0 in             ; 0 H/in                 ; 0 F/in                 ; short        ; open          ; open            ; open  ; 0 V                 ; -                  ; n/a           ; n/a             ; n/a         ;
; dram_dq[5]              ; 1.8 V        ; 0 in              ; 0 H/in                  ; 0 F/in                  ; short         ; -                   ; open           ; open             ; open   ; 0 in             ; 0 H/in                 ; 0 F/in                 ; short        ; open          ; open            ; open  ; 0 V                 ; -                  ; n/a           ; n/a             ; n/a         ;
; dram_dq[6]              ; 1.8 V        ; 0 in              ; 0 H/in                  ; 0 F/in                  ; short         ; -                   ; open           ; open             ; open   ; 0 in             ; 0 H/in                 ; 0 F/in                 ; short        ; open          ; open            ; open  ; 0 V                 ; -                  ; n/a           ; n/a             ; n/a         ;
; dram_dq[7]              ; 1.8 V        ; 0 in              ; 0 H/in                  ; 0 F/in                  ; short         ; -                   ; open           ; open             ; open   ; 0 in             ; 0 H/in                 ; 0 F/in                 ; short        ; open          ; open            ; open  ; 0 V                 ; -                  ; n/a           ; n/a             ; n/a         ;
; dram_dq[8]              ; 1.8 V        ; 0 in              ; 0 H/in                  ; 0 F/in                  ; short         ; -                   ; open           ; open             ; open   ; 0 in             ; 0 H/in                 ; 0 F/in                 ; short        ; open          ; open            ; open  ; 0 V                 ; -                  ; n/a           ; n/a             ; n/a         ;
; dram_dq[9]              ; 1.8 V        ; 0 in              ; 0 H/in                  ; 0 F/in                  ; short         ; -                   ; open           ; open             ; open   ; 0 in             ; 0 H/in                 ; 0 F/in                 ; short        ; open          ; open            ; open  ; 0 V                 ; -                  ; n/a           ; n/a             ; n/a         ;
; dram_dq[10]             ; 1.8 V        ; 0 in              ; 0 H/in                  ; 0 F/in                  ; short         ; -                   ; open           ; open             ; open   ; 0 in             ; 0 H/in                 ; 0 F/in                 ; short        ; open          ; open            ; open  ; 0 V                 ; -                  ; n/a           ; n/a             ; n/a         ;
; dram_dq[11]             ; 1.8 V        ; 0 in              ; 0 H/in                  ; 0 F/in                  ; short         ; -                   ; open           ; open             ; open   ; 0 in             ; 0 H/in                 ; 0 F/in                 ; short        ; open          ; open            ; open  ; 0 V                 ; -                  ; n/a           ; n/a             ; n/a         ;
; dram_dq[12]             ; 1.8 V        ; 0 in              ; 0 H/in                  ; 0 F/in                  ; short         ; -                   ; open           ; open             ; open   ; 0 in             ; 0 H/in                 ; 0 F/in                 ; short        ; open          ; open            ; open  ; 0 V                 ; -                  ; n/a           ; n/a             ; n/a         ;
; dram_dq[13]             ; 1.8 V        ; 0 in              ; 0 H/in                  ; 0 F/in                  ; short         ; -                   ; open           ; open             ; open   ; 0 in             ; 0 H/in                 ; 0 F/in                 ; short        ; open          ; open            ; open  ; 0 V                 ; -                  ; n/a           ; n/a             ; n/a         ;
; dram_dq[14]             ; 1.8 V        ; 0 in              ; 0 H/in                  ; 0 F/in                  ; short         ; -                   ; open           ; open             ; open   ; 0 in             ; 0 H/in                 ; 0 F/in                 ; short        ; open          ; open            ; open  ; 0 V                 ; -                  ; n/a           ; n/a             ; n/a         ;
; dram_dq[15]             ; 1.8 V        ; 0 in              ; 0 H/in                  ; 0 F/in                  ; short         ; -                   ; open           ; open             ; open   ; 0 in             ; 0 H/in                 ; 0 F/in                 ; short        ; open          ; open            ; open  ; 0 V                 ; -                  ; n/a           ; n/a             ; n/a         ;
; sram_dq[0]              ; 3.3-V LVCMOS ; 0 in              ; 0 H/in                  ; 0 F/in                  ; short         ; -                   ; open           ; open             ; open   ; 0 in             ; 0 H/in                 ; 0 F/in                 ; short        ; open          ; open            ; open  ; 0 V                 ; -                  ; n/a           ; n/a             ; n/a         ;
; sram_dq[1]              ; 3.3-V LVCMOS ; 0 in              ; 0 H/in                  ; 0 F/in                  ; short         ; -                   ; open           ; open             ; open   ; 0 in             ; 0 H/in                 ; 0 F/in                 ; short        ; open          ; open            ; open  ; 0 V                 ; -                  ; n/a           ; n/a             ; n/a         ;
; sram_dq[2]              ; 3.3-V LVCMOS ; 0 in              ; 0 H/in                  ; 0 F/in                  ; short         ; -                   ; open           ; open             ; open   ; 0 in             ; 0 H/in                 ; 0 F/in                 ; short        ; open          ; open            ; open  ; 0 V                 ; -                  ; n/a           ; n/a             ; n/a         ;
; sram_dq[3]              ; 3.3-V LVCMOS ; 0 in              ; 0 H/in                  ; 0 F/in                  ; short         ; -                   ; open           ; open             ; open   ; 0 in             ; 0 H/in                 ; 0 F/in                 ; short        ; open          ; open            ; open  ; 0 V                 ; -                  ; n/a           ; n/a             ; n/a         ;
; sram_dq[4]              ; 3.3-V LVCMOS ; 0 in              ; 0 H/in                  ; 0 F/in                  ; short         ; -                   ; open           ; open             ; open   ; 0 in             ; 0 H/in                 ; 0 F/in                 ; short        ; open          ; open            ; open  ; 0 V                 ; -                  ; n/a           ; n/a             ; n/a         ;
; sram_dq[5]              ; 3.3-V LVCMOS ; 0 in              ; 0 H/in                  ; 0 F/in                  ; short         ; -                   ; open           ; open             ; open   ; 0 in             ; 0 H/in                 ; 0 F/in                 ; short        ; open          ; open            ; open  ; 0 V                 ; -                  ; n/a           ; n/a             ; n/a         ;
; sram_dq[6]              ; 3.3-V LVCMOS ; 0 in              ; 0 H/in                  ; 0 F/in                  ; short         ; -                   ; open           ; open             ; open   ; 0 in             ; 0 H/in                 ; 0 F/in                 ; short        ; open          ; open            ; open  ; 0 V                 ; -                  ; n/a           ; n/a             ; n/a         ;
; sram_dq[7]              ; 3.3-V LVCMOS ; 0 in              ; 0 H/in                  ; 0 F/in                  ; short         ; -                   ; open           ; open             ; open   ; 0 in             ; 0 H/in                 ; 0 F/in                 ; short        ; open          ; open            ; open  ; 0 V                 ; -                  ; n/a           ; n/a             ; n/a         ;
; sram_dq[8]              ; 3.3-V LVCMOS ; 0 in              ; 0 H/in                  ; 0 F/in                  ; short         ; -                   ; open           ; open             ; open   ; 0 in             ; 0 H/in                 ; 0 F/in                 ; short        ; open          ; open            ; open  ; 0 V                 ; -                  ; n/a           ; n/a             ; n/a         ;
; sram_dq[9]              ; 3.3-V LVCMOS ; 0 in              ; 0 H/in                  ; 0 F/in                  ; short         ; -                   ; open           ; open             ; open   ; 0 in             ; 0 H/in                 ; 0 F/in                 ; short        ; open          ; open            ; open  ; 0 V                 ; -                  ; n/a           ; n/a             ; n/a         ;
; sram_dq[10]             ; 3.3-V LVCMOS ; 0 in              ; 0 H/in                  ; 0 F/in                  ; short         ; -                   ; open           ; open             ; open   ; 0 in             ; 0 H/in                 ; 0 F/in                 ; short        ; open          ; open            ; open  ; 0 V                 ; -                  ; n/a           ; n/a             ; n/a         ;
; sram_dq[11]             ; 3.3-V LVCMOS ; 0 in              ; 0 H/in                  ; 0 F/in                  ; short         ; -                   ; open           ; open             ; open   ; 0 in             ; 0 H/in                 ; 0 F/in                 ; short        ; open          ; open            ; open  ; 0 V                 ; -                  ; n/a           ; n/a             ; n/a         ;
; sram_dq[12]             ; 3.3-V LVCMOS ; 0 in              ; 0 H/in                  ; 0 F/in                  ; short         ; -                   ; open           ; open             ; open   ; 0 in             ; 0 H/in                 ; 0 F/in                 ; short        ; open          ; open            ; open  ; 0 V                 ; -                  ; n/a           ; n/a             ; n/a         ;
; sram_dq[13]             ; 3.3-V LVCMOS ; 0 in              ; 0 H/in                  ; 0 F/in                  ; short         ; -                   ; open           ; open             ; open   ; 0 in             ; 0 H/in                 ; 0 F/in                 ; short        ; open          ; open            ; open  ; 0 V                 ; -                  ; n/a           ; n/a             ; n/a         ;
; sram_dq[14]             ; 3.3-V LVCMOS ; 0 in              ; 0 H/in                  ; 0 F/in                  ; short         ; -                   ; open           ; open             ; open   ; 0 in             ; 0 H/in                 ; 0 F/in                 ; short        ; open          ; open            ; open  ; 0 V                 ; -                  ; n/a           ; n/a             ; n/a         ;
; sram_dq[15]             ; 3.3-V LVCMOS ; 0 in              ; 0 H/in                  ; 0 F/in                  ; short         ; -                   ; open           ; open             ; open   ; 0 in             ; 0 H/in                 ; 0 F/in                 ; short        ; open          ; open            ; open  ; 0 V                 ; -                  ; n/a           ; n/a             ; n/a         ;
; bist                    ; 3.3-V LVCMOS ; 0 in              ; 0 H/in                  ; 0 F/in                  ; short         ; -                   ; open           ; open             ; open   ; 0 in             ; 0 H/in                 ; 0 F/in                 ; short        ; open          ; open            ; open  ; 0 V                 ; -                  ; n/a           ; n/a             ; n/a         ;
; aux_sda                 ; 1.8 V        ; 0 in              ; 0 H/in                  ; 0 F/in                  ; short         ; -                   ; open           ; open             ; open   ; 0 in             ; 0 H/in                 ; 0 F/in                 ; short        ; open          ; open            ; open  ; 0 V                 ; -                  ; n/a           ; n/a             ; n/a         ;
; altera_reserved_tdo     ; 2.5 V        ; 0 in              ; 0 H/in                  ; 0 F/in                  ; short         ; -                   ; open           ; open             ; open   ; 0 in             ; 0 H/in                 ; 0 F/in                 ; short        ; open          ; open            ; open  ; 0 V                 ; -                  ; n/a           ; n/a             ; n/a         ;
+-------------------------+--------------+-------------------+-------------------------+-------------------------+---------------+---------------------+----------------+------------------+--------+------------------+------------------------+------------------------+--------------+---------------+-----------------+-------+---------------------+--------------------+---------------+-----------------+-------------+


+------------------------------------------------------------------------+
; Input Transition Times                                                 ;
+---------------------+--------------+-----------------+-----------------+
; Pin                 ; I/O Standard ; 10-90 Rise Time ; 90-10 Fall Time ;
+---------------------+--------------+-----------------+-----------------+
; clk_74b             ; 1.8 V        ; 1440 ps         ; 1440 ps         ;
; port_ir_rx          ; 1.8 V        ; 1440 ps         ; 1440 ps         ;
; scal_audadc         ; 1.8 V        ; 1440 ps         ; 1440 ps         ;
; cram0_wait          ; 1.8 V        ; 1440 ps         ; 1440 ps         ;
; cram1_wait          ; 1.8 V        ; 1440 ps         ; 1440 ps         ;
; vblank              ; 1.8 V        ; 1440 ps         ; 1440 ps         ;
; dbg_rx              ; 1.8 V        ; 1440 ps         ; 1440 ps         ;
; user2               ; 1.8 V        ; 1440 ps         ; 1440 ps         ;
; cart_tran_bank2[0]  ; 3.3-V LVCMOS ; 2640 ps         ; 2640 ps         ;
; cart_tran_bank2[1]  ; 3.3-V LVCMOS ; 2640 ps         ; 2640 ps         ;
; cart_tran_bank2[2]  ; 3.3-V LVCMOS ; 2640 ps         ; 2640 ps         ;
; cart_tran_bank2[3]  ; 3.3-V LVCMOS ; 2640 ps         ; 2640 ps         ;
; cart_tran_bank2[4]  ; 3.3-V LVCMOS ; 2640 ps         ; 2640 ps         ;
; cart_tran_bank2[5]  ; 3.3-V LVCMOS ; 2640 ps         ; 2640 ps         ;
; cart_tran_bank2[6]  ; 3.3-V LVCMOS ; 2640 ps         ; 2640 ps         ;
; cart_tran_bank2[7]  ; 3.3-V LVCMOS ; 2640 ps         ; 2640 ps         ;
; cart_tran_bank3[0]  ; 3.3-V LVCMOS ; 2640 ps         ; 2640 ps         ;
; cart_tran_bank3[1]  ; 3.3-V LVCMOS ; 2640 ps         ; 2640 ps         ;
; cart_tran_bank3[2]  ; 3.3-V LVCMOS ; 2640 ps         ; 2640 ps         ;
; cart_tran_bank3[3]  ; 3.3-V LVCMOS ; 2640 ps         ; 2640 ps         ;
; cart_tran_bank3[4]  ; 3.3-V LVCMOS ; 2640 ps         ; 2640 ps         ;
; cart_tran_bank3[5]  ; 3.3-V LVCMOS ; 2640 ps         ; 2640 ps         ;
; cart_tran_bank3[6]  ; 3.3-V LVCMOS ; 2640 ps         ; 2640 ps         ;
; cart_tran_bank3[7]  ; 3.3-V LVCMOS ; 2640 ps         ; 2640 ps         ;
; cart_tran_bank1[0]  ; 3.3-V LVCMOS ; 2640 ps         ; 2640 ps         ;
; cart_tran_bank1[1]  ; 3.3-V LVCMOS ; 2640 ps         ; 2640 ps         ;
; cart_tran_bank1[2]  ; 3.3-V LVCMOS ; 2640 ps         ; 2640 ps         ;
; cart_tran_bank1[3]  ; 3.3-V LVCMOS ; 2640 ps         ; 2640 ps         ;
; cart_tran_bank1[4]  ; 3.3-V LVCMOS ; 2640 ps         ; 2640 ps         ;
; cart_tran_bank1[5]  ; 3.3-V LVCMOS ; 2640 ps         ; 2640 ps         ;
; cart_tran_bank1[6]  ; 3.3-V LVCMOS ; 2640 ps         ; 2640 ps         ;
; cart_tran_bank1[7]  ; 3.3-V LVCMOS ; 2640 ps         ; 2640 ps         ;
; cart_tran_bank0[4]  ; 3.3-V LVCMOS ; 2640 ps         ; 2640 ps         ;
; cart_tran_bank0[5]  ; 3.3-V LVCMOS ; 2640 ps         ; 2640 ps         ;
; cart_tran_bank0[6]  ; 3.3-V LVCMOS ; 2640 ps         ; 2640 ps         ;
; cart_tran_bank0[7]  ; 3.3-V LVCMOS ; 2640 ps         ; 2640 ps         ;
; cart_tran_pin30     ; 1.8 V        ; 1440 ps         ; 1440 ps         ;
; cart_tran_pin31     ; 1.8 V        ; 1440 ps         ; 1440 ps         ;
; port_tran_si        ; 3.3-V LVCMOS ; 2640 ps         ; 2640 ps         ;
; port_tran_so        ; 1.8 V        ; 1440 ps         ; 1440 ps         ;
; port_tran_sck       ; 3.3-V LVCMOS ; 2640 ps         ; 2640 ps         ;
; port_tran_sd        ; 3.3-V LVCMOS ; 2640 ps         ; 2640 ps         ;
; scal_vid[0]         ; 1.8 V        ; 1440 ps         ; 1440 ps         ;
; scal_vid[1]         ; 1.8 V        ; 1440 ps         ; 1440 ps         ;
; scal_vid[2]         ; 1.8 V        ; 1440 ps         ; 1440 ps         ;
; scal_vid[3]         ; 1.8 V        ; 1440 ps         ; 1440 ps         ;
; scal_vid[4]         ; 1.8 V        ; 1440 ps         ; 1440 ps         ;
; scal_vid[5]         ; 1.8 V        ; 1440 ps         ; 1440 ps         ;
; scal_vid[6]         ; 1.8 V        ; 1440 ps         ; 1440 ps         ;
; scal_vid[7]         ; 1.8 V        ; 1440 ps         ; 1440 ps         ;
; scal_vid[8]         ; 1.8 V        ; 1440 ps         ; 1440 ps         ;
; scal_vid[9]         ; 1.8 V        ; 1440 ps         ; 1440 ps         ;
; scal_vid[10]        ; 1.8 V        ; 1440 ps         ; 1440 ps         ;
; scal_vid[11]        ; 1.8 V        ; 1440 ps         ; 1440 ps         ;
; scal_clk            ; 1.8 V        ; 1440 ps         ; 1440 ps         ;
; scal_de             ; 1.8 V        ; 1440 ps         ; 1440 ps         ;
; scal_skip           ; 1.8 V        ; 1440 ps         ; 1440 ps         ;
; scal_vs             ; 1.8 V        ; 1440 ps         ; 1440 ps         ;
; scal_hs             ; 1.8 V        ; 1440 ps         ; 1440 ps         ;
; bridge_spimosi      ; 1.8 V        ; 1440 ps         ; 1440 ps         ;
; bridge_spimiso      ; 1.8 V        ; 1440 ps         ; 1440 ps         ;
; bridge_spiclk       ; 1.8 V        ; 1440 ps         ; 1440 ps         ;
; bridge_1wire        ; 1.8 V        ; 1440 ps         ; 1440 ps         ;
; cram0_dq[0]         ; 1.8 V        ; 1440 ps         ; 1440 ps         ;
; cram0_dq[1]         ; 1.8 V        ; 1440 ps         ; 1440 ps         ;
; cram0_dq[2]         ; 1.8 V        ; 1440 ps         ; 1440 ps         ;
; cram0_dq[3]         ; 1.8 V        ; 1440 ps         ; 1440 ps         ;
; cram0_dq[4]         ; 1.8 V        ; 1440 ps         ; 1440 ps         ;
; cram0_dq[5]         ; 1.8 V        ; 1440 ps         ; 1440 ps         ;
; cram0_dq[6]         ; 1.8 V        ; 1440 ps         ; 1440 ps         ;
; cram0_dq[7]         ; 1.8 V        ; 1440 ps         ; 1440 ps         ;
; cram0_dq[8]         ; 1.8 V        ; 1440 ps         ; 1440 ps         ;
; cram0_dq[9]         ; 1.8 V        ; 1440 ps         ; 1440 ps         ;
; cram0_dq[10]        ; 1.8 V        ; 1440 ps         ; 1440 ps         ;
; cram0_dq[11]        ; 1.8 V        ; 1440 ps         ; 1440 ps         ;
; cram0_dq[12]        ; 1.8 V        ; 1440 ps         ; 1440 ps         ;
; cram0_dq[13]        ; 1.8 V        ; 1440 ps         ; 1440 ps         ;
; cram0_dq[14]        ; 1.8 V        ; 1440 ps         ; 1440 ps         ;
; cram0_dq[15]        ; 1.8 V        ; 1440 ps         ; 1440 ps         ;
; cram1_dq[0]         ; 1.8 V        ; 1440 ps         ; 1440 ps         ;
; cram1_dq[1]         ; 1.8 V        ; 1440 ps         ; 1440 ps         ;
; cram1_dq[2]         ; 1.8 V        ; 1440 ps         ; 1440 ps         ;
; cram1_dq[3]         ; 1.8 V        ; 1440 ps         ; 1440 ps         ;
; cram1_dq[4]         ; 1.8 V        ; 1440 ps         ; 1440 ps         ;
; cram1_dq[5]         ; 1.8 V        ; 1440 ps         ; 1440 ps         ;
; cram1_dq[6]         ; 1.8 V        ; 1440 ps         ; 1440 ps         ;
; cram1_dq[7]         ; 1.8 V        ; 1440 ps         ; 1440 ps         ;
; cram1_dq[8]         ; 1.8 V        ; 1440 ps         ; 1440 ps         ;
; cram1_dq[9]         ; 1.8 V        ; 1440 ps         ; 1440 ps         ;
; cram1_dq[10]        ; 1.8 V        ; 1440 ps         ; 1440 ps         ;
; cram1_dq[11]        ; 1.8 V        ; 1440 ps         ; 1440 ps         ;
; cram1_dq[12]        ; 1.8 V        ; 1440 ps         ; 1440 ps         ;
; cram1_dq[13]        ; 1.8 V        ; 1440 ps         ; 1440 ps         ;
; cram1_dq[14]        ; 1.8 V        ; 1440 ps         ; 1440 ps         ;
; cram1_dq[15]        ; 1.8 V        ; 1440 ps         ; 1440 ps         ;
; dram_dq[0]          ; 1.8 V        ; 1440 ps         ; 1440 ps         ;
; dram_dq[1]          ; 1.8 V        ; 1440 ps         ; 1440 ps         ;
; dram_dq[2]          ; 1.8 V        ; 1440 ps         ; 1440 ps         ;
; dram_dq[3]          ; 1.8 V        ; 1440 ps         ; 1440 ps         ;
; dram_dq[4]          ; 1.8 V        ; 1440 ps         ; 1440 ps         ;
; dram_dq[5]          ; 1.8 V        ; 1440 ps         ; 1440 ps         ;
; dram_dq[6]          ; 1.8 V        ; 1440 ps         ; 1440 ps         ;
; dram_dq[7]          ; 1.8 V        ; 1440 ps         ; 1440 ps         ;
; dram_dq[8]          ; 1.8 V        ; 1440 ps         ; 1440 ps         ;
; dram_dq[9]          ; 1.8 V        ; 1440 ps         ; 1440 ps         ;
; dram_dq[10]         ; 1.8 V        ; 1440 ps         ; 1440 ps         ;
; dram_dq[11]         ; 1.8 V        ; 1440 ps         ; 1440 ps         ;
; dram_dq[12]         ; 1.8 V        ; 1440 ps         ; 1440 ps         ;
; dram_dq[13]         ; 1.8 V        ; 1440 ps         ; 1440 ps         ;
; dram_dq[14]         ; 1.8 V        ; 1440 ps         ; 1440 ps         ;
; dram_dq[15]         ; 1.8 V        ; 1440 ps         ; 1440 ps         ;
; sram_dq[0]          ; 3.3-V LVCMOS ; 2640 ps         ; 2640 ps         ;
; sram_dq[1]          ; 3.3-V LVCMOS ; 2640 ps         ; 2640 ps         ;
; sram_dq[2]          ; 3.3-V LVCMOS ; 2640 ps         ; 2640 ps         ;
; sram_dq[3]          ; 3.3-V LVCMOS ; 2640 ps         ; 2640 ps         ;
; sram_dq[4]          ; 3.3-V LVCMOS ; 2640 ps         ; 2640 ps         ;
; sram_dq[5]          ; 3.3-V LVCMOS ; 2640 ps         ; 2640 ps         ;
; sram_dq[6]          ; 3.3-V LVCMOS ; 2640 ps         ; 2640 ps         ;
; sram_dq[7]          ; 3.3-V LVCMOS ; 2640 ps         ; 2640 ps         ;
; sram_dq[8]          ; 3.3-V LVCMOS ; 2640 ps         ; 2640 ps         ;
; sram_dq[9]          ; 3.3-V LVCMOS ; 2640 ps         ; 2640 ps         ;
; sram_dq[10]         ; 3.3-V LVCMOS ; 2640 ps         ; 2640 ps         ;
; sram_dq[11]         ; 3.3-V LVCMOS ; 2640 ps         ; 2640 ps         ;
; sram_dq[12]         ; 3.3-V LVCMOS ; 2640 ps         ; 2640 ps         ;
; sram_dq[13]         ; 3.3-V LVCMOS ; 2640 ps         ; 2640 ps         ;
; sram_dq[14]         ; 3.3-V LVCMOS ; 2640 ps         ; 2640 ps         ;
; sram_dq[15]         ; 3.3-V LVCMOS ; 2640 ps         ; 2640 ps         ;
; bist                ; 3.3-V LVCMOS ; 2640 ps         ; 2640 ps         ;
; aux_sda             ; 1.8 V        ; 1440 ps         ; 1440 ps         ;
; clk_74a             ; 3.3-V LVCMOS ; 2640 ps         ; 2640 ps         ;
; bridge_spiss        ; 1.8 V        ; 1440 ps         ; 1440 ps         ;
; altera_reserved_tms ; 2.5 V        ; 2000 ps         ; 2000 ps         ;
; altera_reserved_tck ; 2.5 V        ; 2000 ps         ; 2000 ps         ;
; altera_reserved_tdi ; 2.5 V        ; 2000 ps         ; 2000 ps         ;
+---------------------+--------------+-----------------+-----------------+


+------------------------------------------------------------------------------------------------------------------------------------------------------------------------------------------------------------------------------------------------------------------------------------------------------------------------------------------------------------------------------------------------------------------------------------------------------------------------------------------------------------------------------------------------------------------------------------------------------------------------------------------------------------------------------------------------------+
; Signal Integrity Metrics (Slow 1100mv 0c Model)                                                                                                                                                                                                                                                                                                                                                                                                                                                                                                                                                                                                                                                      ;
+-------------------------+--------------+---------------------+---------------------+------------------------------+------------------------------+---------------------+---------------------+--------------------------------------+--------------------------------------+-----------------------------+-----------------------------+----------------------------+----------------------------+-----------------------------+-----------------------------+--------------------+--------------------+-------------------------------------+-------------------------------------+----------------------------+----------------------------+---------------------------+---------------------------+
; Pin                     ; I/O Standard ; Board Delay on Rise ; Board Delay on Fall ; Steady State Voh at FPGA Pin ; Steady State Vol at FPGA Pin ; Voh Max at FPGA Pin ; Vol Min at FPGA Pin ; Ringback Voltage on Rise at FPGA Pin ; Ringback Voltage on Fall at FPGA Pin ; 10-90 Rise Time at FPGA Pin ; 90-10 Fall Time at FPGA Pin ; Monotonic Rise at FPGA Pin ; Monotonic Fall at FPGA Pin ; Steady State Voh at Far-end ; Steady State Vol at Far-end ; Voh Max at Far-end ; Vol Min at Far-end ; Ringback Voltage on Rise at Far-end ; Ringback Voltage on Fall at Far-end ; 10-90 Rise Time at Far-end ; 90-10 Fall Time at Far-end ; Monotonic Rise at Far-end ; Monotonic Fall at Far-end ;
+-------------------------+--------------+---------------------+---------------------+------------------------------+------------------------------+---------------------+---------------------+--------------------------------------+--------------------------------------+-----------------------------+-----------------------------+----------------------------+----------------------------+-----------------------------+-----------------------------+--------------------+--------------------+-------------------------------------+-------------------------------------+----------------------------+----------------------------+---------------------------+---------------------------+
; cart_tran_bank2_dir     ; 3.3-V LVCMOS ; 0 s                 ; 0 s                 ; 3.08 V                       ; 6.13e-08 V                   ; 3.12 V              ; -0.197 V            ; 0.136 V                              ; 0.361 V                              ; 4.46e-10 s                  ; 1.67e-10 s                  ; Yes                        ; No                         ; 3.08 V                      ; 6.13e-08 V                  ; 3.12 V             ; -0.197 V           ; 0.136 V                             ; 0.361 V                             ; 4.46e-10 s                 ; 1.67e-10 s                 ; Yes                       ; No                        ;
; cart_tran_bank3_dir     ; 3.3-V LVCMOS ; 0 s                 ; 0 s                 ; 3.08 V                       ; 6.13e-08 V                   ; 3.12 V              ; -0.199 V            ; 0.137 V                              ; 0.359 V                              ; 4.46e-10 s                  ; 1.67e-10 s                  ; Yes                        ; No                         ; 3.08 V                      ; 6.13e-08 V                  ; 3.12 V             ; -0.199 V           ; 0.137 V                             ; 0.359 V                             ; 4.46e-10 s                 ; 1.67e-10 s                 ; Yes                       ; No                        ;
; cart_tran_bank1_dir     ; 3.3-V LVCMOS ; 0 s                 ; 0 s                 ; 3.08 V                       ; 6.13e-08 V                   ; 3.12 V              ; -0.199 V            ; 0.137 V                              ; 0.359 V                              ; 4.46e-10 s                  ; 1.67e-10 s                  ; Yes                        ; No                         ; 3.08 V                      ; 6.13e-08 V                  ; 3.12 V             ; -0.199 V           ; 0.137 V                             ; 0.359 V                             ; 4.46e-10 s                 ; 1.67e-10 s                 ; Yes                       ; No                        ;
; cart_tran_bank0_dir     ; 3.3-V LVCMOS ; 0 s                 ; 0 s                 ; 3.08 V                       ; 6.13e-08 V                   ; 3.12 V              ; -0.197 V            ; 0.136 V                              ; 0.361 V                              ; 4.46e-10 s                  ; 1.67e-10 s                  ; Yes                        ; No                         ; 3.08 V                      ; 6.13e-08 V                  ; 3.12 V             ; -0.197 V           ; 0.136 V                             ; 0.361 V                             ; 4.46e-10 s                 ; 1.67e-10 s                 ; Yes                       ; No                        ;
; cart_tran_pin30_dir     ; 3.3-V LVCMOS ; 0 s                 ; 0 s                 ; 3.08 V                       ; 6.13e-08 V                   ; 3.12 V              ; -0.199 V            ; 0.137 V                              ; 0.359 V                              ; 4.46e-10 s                  ; 1.67e-10 s                  ; Yes                        ; No                         ; 3.08 V                      ; 6.13e-08 V                  ; 3.12 V             ; -0.199 V           ; 0.137 V                             ; 0.359 V                             ; 4.46e-10 s                 ; 1.67e-10 s                 ; Yes                       ; No                        ;
; cart_pin30_pwroff_reset ; 1.8 V        ; 0 s                 ; 0 s                 ; 1.66 V                       ; 9.41e-08 V                   ; 1.66 V              ; -0.00334 V          ; 0.124 V                              ; 0.143 V                              ; 1.09e-09 s                  ; 9.01e-10 s                  ; Yes                        ; Yes                        ; 1.66 V                      ; 9.41e-08 V                  ; 1.66 V             ; -0.00334 V         ; 0.124 V                             ; 0.143 V                             ; 1.09e-09 s                 ; 9.01e-10 s                 ; Yes                       ; Yes                       ;
; cart_tran_pin31_dir     ; 3.3-V LVCMOS ; 0 s                 ; 0 s                 ; 3.08 V                       ; 6.13e-08 V                   ; 3.12 V              ; -0.197 V            ; 0.136 V                              ; 0.361 V                              ; 4.46e-10 s                  ; 1.67e-10 s                  ; Yes                        ; No                         ; 3.08 V                      ; 6.13e-08 V                  ; 3.12 V             ; -0.197 V           ; 0.136 V                             ; 0.361 V                             ; 4.46e-10 s                 ; 1.67e-10 s                 ; Yes                       ; No                        ;
; port_ir_tx              ; 1.8 V        ; 0 s                 ; 0 s                 ; 1.66 V                       ; 1.01e-07 V                   ; 1.68 V              ; -0.022 V            ; 0.154 V                              ; 0.183 V                              ; 1.11e-09 s                  ; 9.16e-10 s                  ; No                         ; No                         ; 1.66 V                      ; 1.01e-07 V                  ; 1.68 V             ; -0.022 V           ; 0.154 V                             ; 0.183 V                             ; 1.11e-09 s                 ; 9.16e-10 s                 ; No                        ; No                        ;
; port_ir_rx_disable      ; 1.8 V        ; 0 s                 ; 0 s                 ; 1.66 V                       ; 9.41e-08 V                   ; 1.66 V              ; -0.00334 V          ; 0.124 V                              ; 0.143 V                              ; 1.09e-09 s                  ; 9.01e-10 s                  ; Yes                        ; Yes                        ; 1.66 V                      ; 9.41e-08 V                  ; 1.66 V             ; -0.00334 V         ; 0.124 V                             ; 0.143 V                             ; 1.09e-09 s                 ; 9.01e-10 s                 ; Yes                       ; Yes                       ;
; port_tran_si_dir        ; 3.3-V LVCMOS ; 0 s                 ; 0 s                 ; 3.08 V                       ; 4.85e-08 V                   ; 3.09 V              ; -0.11 V             ; 0.011 V                              ; 0.288 V                              ; 4.58e-10 s                  ; 1.8e-10 s                   ; Yes                        ; Yes                        ; 3.08 V                      ; 4.85e-08 V                  ; 3.09 V             ; -0.11 V            ; 0.011 V                             ; 0.288 V                             ; 4.58e-10 s                 ; 1.8e-10 s                  ; Yes                       ; Yes                       ;
; port_tran_so_dir        ; 3.3-V LVCMOS ; 0 s                 ; 0 s                 ; 3.08 V                       ; 6.4e-08 V                    ; 3.11 V              ; -0.146 V            ; 0.178 V                              ; 0.375 V                              ; 4.68e-10 s                  ; 1.91e-10 s                  ; Yes                        ; No                         ; 3.08 V                      ; 6.4e-08 V                   ; 3.11 V             ; -0.146 V           ; 0.178 V                             ; 0.375 V                             ; 4.68e-10 s                 ; 1.91e-10 s                 ; Yes                       ; No                        ;
; port_tran_sck_dir       ; 3.3-V LVCMOS ; 0 s                 ; 0 s                 ; 3.08 V                       ; 6.13e-08 V                   ; 3.12 V              ; -0.199 V            ; 0.137 V                              ; 0.359 V                              ; 4.46e-10 s                  ; 1.67e-10 s                  ; Yes                        ; No                         ; 3.08 V                      ; 6.13e-08 V                  ; 3.12 V             ; -0.199 V           ; 0.137 V                             ; 0.359 V                             ; 4.46e-10 s                 ; 1.67e-10 s                 ; Yes                       ; No                        ;
; port_tran_sd_dir        ; 3.3-V LVCMOS ; 0 s                 ; 0 s                 ; 3.08 V                       ; 4.85e-08 V                   ; 3.09 V              ; -0.11 V             ; 0.011 V                              ; 0.288 V                              ; 4.58e-10 s                  ; 1.8e-10 s                   ; Yes                        ; Yes                        ; 3.08 V                      ; 4.85e-08 V                  ; 3.09 V             ; -0.11 V            ; 0.011 V                             ; 0.288 V                             ; 4.58e-10 s                 ; 1.8e-10 s                  ; Yes                       ; Yes                       ;
; scal_audmclk            ; 1.8 V        ; 0 s                 ; 0 s                 ; 1.66 V                       ; 5.36e-08 V                   ; 1.71 V              ; -0.0641 V           ; 0.156 V                              ; 0.142 V                              ; 4.74e-10 s                  ; 4.55e-10 s                  ; No                         ; No                         ; 1.66 V                      ; 5.36e-08 V                  ; 1.71 V             ; -0.0641 V          ; 0.156 V                             ; 0.142 V                             ; 4.74e-10 s                 ; 4.55e-10 s                 ; No                        ; No                        ;
; scal_auddac             ; 1.8 V        ; 0 s                 ; 0 s                 ; 1.66 V                       ; 4.82e-08 V                   ; 1.67 V              ; -0.023 V            ; 0.152 V                              ; 0.113 V                              ; 4.98e-10 s                  ; 4.58e-10 s                  ; Yes                        ; No                         ; 1.66 V                      ; 4.82e-08 V                  ; 1.67 V             ; -0.023 V           ; 0.152 V                             ; 0.113 V                             ; 4.98e-10 s                 ; 4.58e-10 s                 ; Yes                       ; No                        ;
; scal_audlrck            ; 1.8 V        ; 0 s                 ; 0 s                 ; 1.66 V                       ; 5.46e-08 V                   ; 1.7 V               ; -0.0536 V           ; 0.188 V                              ; 0.163 V                              ; 4.95e-10 s                  ; 4.68e-10 s                  ; No                         ; No                         ; 1.66 V                      ; 5.46e-08 V                  ; 1.7 V              ; -0.0536 V          ; 0.188 V                             ; 0.163 V                             ; 4.95e-10 s                 ; 4.68e-10 s                 ; No                        ; No                        ;
; cram0_a[16]             ; 1.8 V        ; 0 s                 ; 0 s                 ; 1.66 V                       ; 9.41e-08 V                   ; 1.66 V              ; -0.00334 V          ; 0.124 V                              ; 0.143 V                              ; 1.09e-09 s                  ; 9.01e-10 s                  ; Yes                        ; Yes                        ; 1.66 V                      ; 9.41e-08 V                  ; 1.66 V             ; -0.00334 V         ; 0.124 V                             ; 0.143 V                             ; 1.09e-09 s                 ; 9.01e-10 s                 ; Yes                       ; Yes                       ;
; cram0_a[17]             ; 1.8 V        ; 0 s                 ; 0 s                 ; 1.66 V                       ; 9.95e-08 V                   ; 1.68 V              ; -0.0263 V           ; 0.12 V                               ; 0.147 V                              ; 1.07e-09 s                  ; 8.81e-10 s                  ; No                         ; No                         ; 1.66 V                      ; 9.95e-08 V                  ; 1.68 V             ; -0.0263 V          ; 0.12 V                              ; 0.147 V                             ; 1.07e-09 s                 ; 8.81e-10 s                 ; No                        ; No                        ;
; cram0_a[18]             ; 1.8 V        ; 0 s                 ; 0 s                 ; 1.66 V                       ; 9.95e-08 V                   ; 1.68 V              ; -0.0263 V           ; 0.12 V                               ; 0.147 V                              ; 1.07e-09 s                  ; 8.81e-10 s                  ; No                         ; No                         ; 1.66 V                      ; 9.95e-08 V                  ; 1.68 V             ; -0.0263 V          ; 0.12 V                              ; 0.147 V                             ; 1.07e-09 s                 ; 8.81e-10 s                 ; No                        ; No                        ;
; cram0_a[19]             ; 1.8 V        ; 0 s                 ; 0 s                 ; 1.66 V                       ; 9.95e-08 V                   ; 1.68 V              ; -0.027 V            ; 0.12 V                               ; 0.148 V                              ; 1.07e-09 s                  ; 8.8e-10 s                   ; No                         ; No                         ; 1.66 V                      ; 9.95e-08 V                  ; 1.68 V             ; -0.027 V           ; 0.12 V                              ; 0.148 V                             ; 1.07e-09 s                 ; 8.8e-10 s                  ; No                        ; No                        ;
; cram0_a[20]             ; 1.8 V        ; 0 s                 ; 0 s                 ; 1.66 V                       ; 9.41e-08 V                   ; 1.66 V              ; -0.00334 V          ; 0.124 V                              ; 0.143 V                              ; 1.09e-09 s                  ; 9.01e-10 s                  ; Yes                        ; Yes                        ; 1.66 V                      ; 9.41e-08 V                  ; 1.66 V             ; -0.00334 V         ; 0.124 V                             ; 0.143 V                             ; 1.09e-09 s                 ; 9.01e-10 s                 ; Yes                       ; Yes                       ;
; cram0_a[21]             ; 1.8 V        ; 0 s                 ; 0 s                 ; 1.66 V                       ; 9.95e-08 V                   ; 1.68 V              ; -0.0263 V           ; 0.12 V                               ; 0.147 V                              ; 1.07e-09 s                  ; 8.81e-10 s                  ; No                         ; No                         ; 1.66 V                      ; 9.95e-08 V                  ; 1.68 V             ; -0.0263 V          ; 0.12 V                              ; 0.147 V                             ; 1.07e-09 s                 ; 8.81e-10 s                 ; No                        ; No                        ;
; cram0_clk               ; 1.8 V        ; 0 s                 ; 0 s                 ; 1.66 V                       ; 5.46e-08 V                   ; 1.7 V               ; -0.0536 V           ; 0.188 V                              ; 0.163 V                              ; 4.95e-10 s                  ; 4.68e-10 s                  ; No                         ; No                         ; 1.66 V                      ; 5.46e-08 V                  ; 1.7 V              ; -0.0536 V          ; 0.188 V                             ; 0.163 V                             ; 4.95e-10 s                 ; 4.68e-10 s                 ; No                        ; No                        ;
; cram0_adv_n             ; 1.8 V        ; 0 s                 ; 0 s                 ; 1.66 V                       ; 9.41e-08 V                   ; 1.66 V              ; -0.00334 V          ; 0.124 V                              ; 0.143 V                              ; 1.09e-09 s                  ; 9.01e-10 s                  ; Yes                        ; Yes                        ; 1.66 V                      ; 9.41e-08 V                  ; 1.66 V             ; -0.00334 V         ; 0.124 V                             ; 0.143 V                             ; 1.09e-09 s                 ; 9.01e-10 s                 ; Yes                       ; Yes                       ;
; cram0_cre               ; 1.8 V        ; 0 s                 ; 0 s                 ; 1.66 V                       ; 9.95e-08 V                   ; 1.68 V              ; -0.0263 V           ; 0.12 V                               ; 0.147 V                              ; 1.07e-09 s                  ; 8.81e-10 s                  ; No                         ; No                         ; 1.66 V                      ; 9.95e-08 V                  ; 1.68 V             ; -0.0263 V          ; 0.12 V                              ; 0.147 V                             ; 1.07e-09 s                 ; 8.81e-10 s                 ; No                        ; No                        ;
; cram0_ce0_n             ; 1.8 V        ; 0 s                 ; 0 s                 ; 1.66 V                       ; 9.95e-08 V                   ; 1.68 V              ; -0.027 V            ; 0.12 V                               ; 0.148 V                              ; 1.07e-09 s                  ; 8.8e-10 s                   ; No                         ; No                         ; 1.66 V                      ; 9.95e-08 V                  ; 1.68 V             ; -0.027 V           ; 0.12 V                              ; 0.148 V                             ; 1.07e-09 s                 ; 8.8e-10 s                  ; No                        ; No                        ;
; cram0_ce1_n             ; 1.8 V        ; 0 s                 ; 0 s                 ; 1.66 V                       ; 1.01e-07 V                   ; 1.68 V              ; -0.022 V            ; 0.154 V                              ; 0.183 V                              ; 1.11e-09 s                  ; 9.16e-10 s                  ; No                         ; No                         ; 1.66 V                      ; 1.01e-07 V                  ; 1.68 V             ; -0.022 V           ; 0.154 V                             ; 0.183 V                             ; 1.11e-09 s                 ; 9.16e-10 s                 ; No                        ; No                        ;
; cram0_oe_n              ; 1.8 V        ; 0 s                 ; 0 s                 ; 1.66 V                       ; 9.95e-08 V                   ; 1.68 V              ; -0.027 V            ; 0.12 V                               ; 0.148 V                              ; 1.07e-09 s                  ; 8.8e-10 s                   ; No                         ; No                         ; 1.66 V                      ; 9.95e-08 V                  ; 1.68 V             ; -0.027 V           ; 0.12 V                              ; 0.148 V                             ; 1.07e-09 s                 ; 8.8e-10 s                  ; No                        ; No                        ;
; cram0_we_n              ; 1.8 V        ; 0 s                 ; 0 s                 ; 1.66 V                       ; 9.95e-08 V                   ; 1.68 V              ; -0.027 V            ; 0.12 V                               ; 0.148 V                              ; 1.07e-09 s                  ; 8.8e-10 s                   ; No                         ; No                         ; 1.66 V                      ; 9.95e-08 V                  ; 1.68 V             ; -0.027 V           ; 0.12 V                              ; 0.148 V                             ; 1.07e-09 s                 ; 8.8e-10 s                  ; No                        ; No                        ;
; cram0_ub_n              ; 1.8 V        ; 0 s                 ; 0 s                 ; 1.66 V                       ; 9.41e-08 V                   ; 1.66 V              ; -0.00334 V          ; 0.124 V                              ; 0.143 V                              ; 1.09e-09 s                  ; 9.01e-10 s                  ; Yes                        ; Yes                        ; 1.66 V                      ; 9.41e-08 V                  ; 1.66 V             ; -0.00334 V         ; 0.124 V                             ; 0.143 V                             ; 1.09e-09 s                 ; 9.01e-10 s                 ; Yes                       ; Yes                       ;
; cram0_lb_n              ; 1.8 V        ; 0 s                 ; 0 s                 ; 1.66 V                       ; 9.95e-08 V                   ; 1.68 V              ; -0.0263 V           ; 0.12 V                               ; 0.147 V                              ; 1.07e-09 s                  ; 8.81e-10 s                  ; No                         ; No                         ; 1.66 V                      ; 9.95e-08 V                  ; 1.68 V             ; -0.0263 V          ; 0.12 V                              ; 0.147 V                             ; 1.07e-09 s                 ; 8.81e-10 s                 ; No                        ; No                        ;
; cram1_a[16]             ; 1.8 V        ; 0 s                 ; 0 s                 ; 1.66 V                       ; 1.01e-07 V                   ; 1.68 V              ; -0.022 V            ; 0.154 V                              ; 0.183 V                              ; 1.11e-09 s                  ; 9.16e-10 s                  ; No                         ; No                         ; 1.66 V                      ; 1.01e-07 V                  ; 1.68 V             ; -0.022 V           ; 0.154 V                             ; 0.183 V                             ; 1.11e-09 s                 ; 9.16e-10 s                 ; No                        ; No                        ;
; cram1_a[17]             ; 1.8 V        ; 0 s                 ; 0 s                 ; 1.66 V                       ; 9.41e-08 V                   ; 1.66 V              ; -0.00334 V          ; 0.124 V                              ; 0.143 V                              ; 1.09e-09 s                  ; 9.01e-10 s                  ; Yes                        ; Yes                        ; 1.66 V                      ; 9.41e-08 V                  ; 1.66 V             ; -0.00334 V         ; 0.124 V                             ; 0.143 V                             ; 1.09e-09 s                 ; 9.01e-10 s                 ; Yes                       ; Yes                       ;
; cram1_a[18]             ; 1.8 V        ; 0 s                 ; 0 s                 ; 1.66 V                       ; 9.95e-08 V                   ; 1.68 V              ; -0.027 V            ; 0.12 V                               ; 0.148 V                              ; 1.07e-09 s                  ; 8.8e-10 s                   ; No                         ; No                         ; 1.66 V                      ; 9.95e-08 V                  ; 1.68 V             ; -0.027 V           ; 0.12 V                              ; 0.148 V                             ; 1.07e-09 s                 ; 8.8e-10 s                  ; No                        ; No                        ;
; cram1_a[19]             ; 1.8 V        ; 0 s                 ; 0 s                 ; 1.66 V                       ; 9.95e-08 V                   ; 1.68 V              ; -0.0263 V           ; 0.12 V                               ; 0.147 V                              ; 1.07e-09 s                  ; 8.81e-10 s                  ; No                         ; No                         ; 1.66 V                      ; 9.95e-08 V                  ; 1.68 V             ; -0.0263 V          ; 0.12 V                              ; 0.147 V                             ; 1.07e-09 s                 ; 8.81e-10 s                 ; No                        ; No                        ;
; cram1_a[20]             ; 1.8 V        ; 0 s                 ; 0 s                 ; 1.66 V                       ; 9.95e-08 V                   ; 1.68 V              ; -0.0263 V           ; 0.12 V                               ; 0.147 V                              ; 1.07e-09 s                  ; 8.81e-10 s                  ; No                         ; No                         ; 1.66 V                      ; 9.95e-08 V                  ; 1.68 V             ; -0.0263 V          ; 0.12 V                              ; 0.147 V                             ; 1.07e-09 s                 ; 8.81e-10 s                 ; No                        ; No                        ;
; cram1_a[21]             ; 1.8 V        ; 0 s                 ; 0 s                 ; 1.66 V                       ; 1.01e-07 V                   ; 1.68 V              ; -0.022 V            ; 0.154 V                              ; 0.183 V                              ; 1.11e-09 s                  ; 9.16e-10 s                  ; No                         ; No                         ; 1.66 V                      ; 1.01e-07 V                  ; 1.68 V             ; -0.022 V           ; 0.154 V                             ; 0.183 V                             ; 1.11e-09 s                 ; 9.16e-10 s                 ; No                        ; No                        ;
; cram1_clk               ; 1.8 V        ; 0 s                 ; 0 s                 ; 1.66 V                       ; 4.82e-08 V                   ; 1.67 V              ; -0.023 V            ; 0.152 V                              ; 0.113 V                              ; 4.98e-10 s                  ; 4.58e-10 s                  ; Yes                        ; No                         ; 1.66 V                      ; 4.82e-08 V                  ; 1.67 V             ; -0.023 V           ; 0.152 V                             ; 0.113 V                             ; 4.98e-10 s                 ; 4.58e-10 s                 ; Yes                       ; No                        ;
; cram1_adv_n             ; 1.8 V        ; 0 s                 ; 0 s                 ; 1.66 V                       ; 9.95e-08 V                   ; 1.68 V              ; -0.0263 V           ; 0.12 V                               ; 0.147 V                              ; 1.07e-09 s                  ; 8.81e-10 s                  ; No                         ; No                         ; 1.66 V                      ; 9.95e-08 V                  ; 1.68 V             ; -0.0263 V          ; 0.12 V                              ; 0.147 V                             ; 1.07e-09 s                 ; 8.81e-10 s                 ; No                        ; No                        ;
; cram1_cre               ; 1.8 V        ; 0 s                 ; 0 s                 ; 1.66 V                       ; 9.41e-08 V                   ; 1.66 V              ; -0.00334 V          ; 0.124 V                              ; 0.143 V                              ; 1.09e-09 s                  ; 9.01e-10 s                  ; Yes                        ; Yes                        ; 1.66 V                      ; 9.41e-08 V                  ; 1.66 V             ; -0.00334 V         ; 0.124 V                             ; 0.143 V                             ; 1.09e-09 s                 ; 9.01e-10 s                 ; Yes                       ; Yes                       ;
; cram1_ce0_n             ; 1.8 V        ; 0 s                 ; 0 s                 ; 1.66 V                       ; 9.95e-08 V                   ; 1.68 V              ; -0.0263 V           ; 0.12 V                               ; 0.147 V                              ; 1.07e-09 s                  ; 8.81e-10 s                  ; No                         ; No                         ; 1.66 V                      ; 9.95e-08 V                  ; 1.68 V             ; -0.0263 V          ; 0.12 V                              ; 0.147 V                             ; 1.07e-09 s                 ; 8.81e-10 s                 ; No                        ; No                        ;
; cram1_ce1_n             ; 1.8 V        ; 0 s                 ; 0 s                 ; 1.66 V                       ; 1.01e-07 V                   ; 1.68 V              ; -0.022 V            ; 0.154 V                              ; 0.183 V                              ; 1.11e-09 s                  ; 9.16e-10 s                  ; No                         ; No                         ; 1.66 V                      ; 1.01e-07 V                  ; 1.68 V             ; -0.022 V           ; 0.154 V                             ; 0.183 V                             ; 1.11e-09 s                 ; 9.16e-10 s                 ; No                        ; No                        ;
; cram1_oe_n              ; 1.8 V        ; 0 s                 ; 0 s                 ; 1.66 V                       ; 1.01e-07 V                   ; 1.68 V              ; -0.022 V            ; 0.154 V                              ; 0.183 V                              ; 1.11e-09 s                  ; 9.16e-10 s                  ; No                         ; No                         ; 1.66 V                      ; 1.01e-07 V                  ; 1.68 V             ; -0.022 V           ; 0.154 V                             ; 0.183 V                             ; 1.11e-09 s                 ; 9.16e-10 s                 ; No                        ; No                        ;
; cram1_we_n              ; 1.8 V        ; 0 s                 ; 0 s                 ; 1.66 V                       ; 9.95e-08 V                   ; 1.68 V              ; -0.027 V            ; 0.12 V                               ; 0.148 V                              ; 1.07e-09 s                  ; 8.8e-10 s                   ; No                         ; No                         ; 1.66 V                      ; 9.95e-08 V                  ; 1.68 V             ; -0.027 V           ; 0.12 V                              ; 0.148 V                             ; 1.07e-09 s                 ; 8.8e-10 s                  ; No                        ; No                        ;
; cram1_ub_n              ; 1.8 V        ; 0 s                 ; 0 s                 ; 1.66 V                       ; 9.41e-08 V                   ; 1.66 V              ; -0.00334 V          ; 0.124 V                              ; 0.143 V                              ; 1.09e-09 s                  ; 9.01e-10 s                  ; Yes                        ; Yes                        ; 1.66 V                      ; 9.41e-08 V                  ; 1.66 V             ; -0.00334 V         ; 0.124 V                             ; 0.143 V                             ; 1.09e-09 s                 ; 9.01e-10 s                 ; Yes                       ; Yes                       ;
; cram1_lb_n              ; 1.8 V        ; 0 s                 ; 0 s                 ; 1.66 V                       ; 9.95e-08 V                   ; 1.68 V              ; -0.027 V            ; 0.12 V                               ; 0.148 V                              ; 1.07e-09 s                  ; 8.8e-10 s                   ; No                         ; No                         ; 1.66 V                      ; 9.95e-08 V                  ; 1.68 V             ; -0.027 V           ; 0.12 V                              ; 0.148 V                             ; 1.07e-09 s                 ; 8.8e-10 s                  ; No                        ; No                        ;
; dram_a[0]               ; 1.8 V        ; 0 s                 ; 0 s                 ; 1.66 V                       ; 1.01e-07 V                   ; 1.68 V              ; -0.022 V            ; 0.154 V                              ; 0.183 V                              ; 1.11e-09 s                  ; 9.16e-10 s                  ; No                         ; No                         ; 1.66 V                      ; 1.01e-07 V                  ; 1.68 V             ; -0.022 V           ; 0.154 V                             ; 0.183 V                             ; 1.11e-09 s                 ; 9.16e-10 s                 ; No                        ; No                        ;
; dram_a[1]               ; 1.8 V        ; 0 s                 ; 0 s                 ; 1.66 V                       ; 1.01e-07 V                   ; 1.68 V              ; -0.022 V            ; 0.154 V                              ; 0.183 V                              ; 1.11e-09 s                  ; 9.16e-10 s                  ; No                         ; No                         ; 1.66 V                      ; 1.01e-07 V                  ; 1.68 V             ; -0.022 V           ; 0.154 V                             ; 0.183 V                             ; 1.11e-09 s                 ; 9.16e-10 s                 ; No                        ; No                        ;
; dram_a[2]               ; 1.8 V        ; 0 s                 ; 0 s                 ; 1.66 V                       ; 9.95e-08 V                   ; 1.68 V              ; -0.027 V            ; 0.12 V                               ; 0.148 V                              ; 1.07e-09 s                  ; 8.8e-10 s                   ; No                         ; No                         ; 1.66 V                      ; 9.95e-08 V                  ; 1.68 V             ; -0.027 V           ; 0.12 V                              ; 0.148 V                             ; 1.07e-09 s                 ; 8.8e-10 s                  ; No                        ; No                        ;
; dram_a[3]               ; 1.8 V        ; 0 s                 ; 0 s                 ; 1.66 V                       ; 1.01e-07 V                   ; 1.68 V              ; -0.022 V            ; 0.154 V                              ; 0.183 V                              ; 1.11e-09 s                  ; 9.16e-10 s                  ; No                         ; No                         ; 1.66 V                      ; 1.01e-07 V                  ; 1.68 V             ; -0.022 V           ; 0.154 V                             ; 0.183 V                             ; 1.11e-09 s                 ; 9.16e-10 s                 ; No                        ; No                        ;
; dram_a[4]               ; 1.8 V        ; 0 s                 ; 0 s                 ; 1.66 V                       ; 9.41e-08 V                   ; 1.66 V              ; -0.00334 V          ; 0.124 V                              ; 0.143 V                              ; 1.09e-09 s                  ; 9.01e-10 s                  ; Yes                        ; Yes                        ; 1.66 V                      ; 9.41e-08 V                  ; 1.66 V             ; -0.00334 V         ; 0.124 V                             ; 0.143 V                             ; 1.09e-09 s                 ; 9.01e-10 s                 ; Yes                       ; Yes                       ;
; dram_a[5]               ; 1.8 V        ; 0 s                 ; 0 s                 ; 1.66 V                       ; 9.41e-08 V                   ; 1.66 V              ; -0.00334 V          ; 0.124 V                              ; 0.143 V                              ; 1.09e-09 s                  ; 9.01e-10 s                  ; Yes                        ; Yes                        ; 1.66 V                      ; 9.41e-08 V                  ; 1.66 V             ; -0.00334 V         ; 0.124 V                             ; 0.143 V                             ; 1.09e-09 s                 ; 9.01e-10 s                 ; Yes                       ; Yes                       ;
; dram_a[6]               ; 1.8 V        ; 0 s                 ; 0 s                 ; 1.66 V                       ; 1.01e-07 V                   ; 1.68 V              ; -0.022 V            ; 0.154 V                              ; 0.183 V                              ; 1.11e-09 s                  ; 9.16e-10 s                  ; No                         ; No                         ; 1.66 V                      ; 1.01e-07 V                  ; 1.68 V             ; -0.022 V           ; 0.154 V                             ; 0.183 V                             ; 1.11e-09 s                 ; 9.16e-10 s                 ; No                        ; No                        ;
; dram_a[7]               ; 1.8 V        ; 0 s                 ; 0 s                 ; 1.66 V                       ; 9.95e-08 V                   ; 1.68 V              ; -0.027 V            ; 0.12 V                               ; 0.148 V                              ; 1.07e-09 s                  ; 8.8e-10 s                   ; No                         ; No                         ; 1.66 V                      ; 9.95e-08 V                  ; 1.68 V             ; -0.027 V           ; 0.12 V                              ; 0.148 V                             ; 1.07e-09 s                 ; 8.8e-10 s                  ; No                        ; No                        ;
; dram_a[8]               ; 1.8 V        ; 0 s                 ; 0 s                 ; 1.66 V                       ; 9.95e-08 V                   ; 1.68 V              ; -0.027 V            ; 0.12 V                               ; 0.148 V                              ; 1.07e-09 s                  ; 8.8e-10 s                   ; No                         ; No                         ; 1.66 V                      ; 9.95e-08 V                  ; 1.68 V             ; -0.027 V           ; 0.12 V                              ; 0.148 V                             ; 1.07e-09 s                 ; 8.8e-10 s                  ; No                        ; No                        ;
; dram_a[9]               ; 1.8 V        ; 0 s                 ; 0 s                 ; 1.66 V                       ; 9.95e-08 V                   ; 1.68 V              ; -0.0263 V           ; 0.12 V                               ; 0.147 V                              ; 1.07e-09 s                  ; 8.81e-10 s                  ; No                         ; No                         ; 1.66 V                      ; 9.95e-08 V                  ; 1.68 V             ; -0.0263 V          ; 0.12 V                              ; 0.147 V                             ; 1.07e-09 s                 ; 8.81e-10 s                 ; No                        ; No                        ;
; dram_a[10]              ; 1.8 V        ; 0 s                 ; 0 s                 ; 1.66 V                       ; 9.41e-08 V                   ; 1.66 V              ; -0.00334 V          ; 0.124 V                              ; 0.143 V                              ; 1.09e-09 s                  ; 9.01e-10 s                  ; Yes                        ; Yes                        ; 1.66 V                      ; 9.41e-08 V                  ; 1.66 V             ; -0.00334 V         ; 0.124 V                             ; 0.143 V                             ; 1.09e-09 s                 ; 9.01e-10 s                 ; Yes                       ; Yes                       ;
; dram_a[11]              ; 1.8 V        ; 0 s                 ; 0 s                 ; 1.66 V                       ; 9.41e-08 V                   ; 1.66 V              ; -0.00334 V          ; 0.124 V                              ; 0.143 V                              ; 1.09e-09 s                  ; 9.01e-10 s                  ; Yes                        ; Yes                        ; 1.66 V                      ; 9.41e-08 V                  ; 1.66 V             ; -0.00334 V         ; 0.124 V                             ; 0.143 V                             ; 1.09e-09 s                 ; 9.01e-10 s                 ; Yes                       ; Yes                       ;
; dram_a[12]              ; 1.8 V        ; 0 s                 ; 0 s                 ; 1.66 V                       ; 9.95e-08 V                   ; 1.68 V              ; -0.0263 V           ; 0.12 V                               ; 0.147 V                              ; 1.07e-09 s                  ; 8.81e-10 s                  ; No                         ; No                         ; 1.66 V                      ; 9.95e-08 V                  ; 1.68 V             ; -0.0263 V          ; 0.12 V                              ; 0.147 V                             ; 1.07e-09 s                 ; 8.81e-10 s                 ; No                        ; No                        ;
; dram_ba[0]              ; 1.8 V        ; 0 s                 ; 0 s                 ; 1.66 V                       ; 9.95e-08 V                   ; 1.68 V              ; -0.027 V            ; 0.12 V                               ; 0.148 V                              ; 1.07e-09 s                  ; 8.8e-10 s                   ; No                         ; No                         ; 1.66 V                      ; 9.95e-08 V                  ; 1.68 V             ; -0.027 V           ; 0.12 V                              ; 0.148 V                             ; 1.07e-09 s                 ; 8.8e-10 s                  ; No                        ; No                        ;
; dram_ba[1]              ; 1.8 V        ; 0 s                 ; 0 s                 ; 1.66 V                       ; 9.41e-08 V                   ; 1.66 V              ; -0.00334 V          ; 0.124 V                              ; 0.143 V                              ; 1.09e-09 s                  ; 9.01e-10 s                  ; Yes                        ; Yes                        ; 1.66 V                      ; 9.41e-08 V                  ; 1.66 V             ; -0.00334 V         ; 0.124 V                             ; 0.143 V                             ; 1.09e-09 s                 ; 9.01e-10 s                 ; Yes                       ; Yes                       ;
; dram_dqm[0]             ; 1.8 V        ; 0 s                 ; 0 s                 ; 1.66 V                       ; 1.01e-07 V                   ; 1.68 V              ; -0.022 V            ; 0.154 V                              ; 0.183 V                              ; 1.11e-09 s                  ; 9.16e-10 s                  ; No                         ; No                         ; 1.66 V                      ; 1.01e-07 V                  ; 1.68 V             ; -0.022 V           ; 0.154 V                             ; 0.183 V                             ; 1.11e-09 s                 ; 9.16e-10 s                 ; No                        ; No                        ;
; dram_dqm[1]             ; 1.8 V        ; 0 s                 ; 0 s                 ; 1.66 V                       ; 9.41e-08 V                   ; 1.66 V              ; -0.00334 V          ; 0.124 V                              ; 0.143 V                              ; 1.09e-09 s                  ; 9.01e-10 s                  ; Yes                        ; Yes                        ; 1.66 V                      ; 9.41e-08 V                  ; 1.66 V             ; -0.00334 V         ; 0.124 V                             ; 0.143 V                             ; 1.09e-09 s                 ; 9.01e-10 s                 ; Yes                       ; Yes                       ;
; dram_clk                ; 1.8 V        ; 0 s                 ; 0 s                 ; 1.66 V                       ; 4.82e-08 V                   ; 1.67 V              ; -0.023 V            ; 0.152 V                              ; 0.113 V                              ; 4.98e-10 s                  ; 4.58e-10 s                  ; Yes                        ; No                         ; 1.66 V                      ; 4.82e-08 V                  ; 1.67 V             ; -0.023 V           ; 0.152 V                             ; 0.113 V                             ; 4.98e-10 s                 ; 4.58e-10 s                 ; Yes                       ; No                        ;
; dram_cke                ; 1.8 V        ; 0 s                 ; 0 s                 ; 1.66 V                       ; 1.01e-07 V                   ; 1.68 V              ; -0.022 V            ; 0.154 V                              ; 0.183 V                              ; 1.11e-09 s                  ; 9.16e-10 s                  ; No                         ; No                         ; 1.66 V                      ; 1.01e-07 V                  ; 1.68 V             ; -0.022 V           ; 0.154 V                             ; 0.183 V                             ; 1.11e-09 s                 ; 9.16e-10 s                 ; No                        ; No                        ;
; dram_ras_n              ; 1.8 V        ; 0 s                 ; 0 s                 ; 1.66 V                       ; 9.95e-08 V                   ; 1.68 V              ; -0.027 V            ; 0.12 V                               ; 0.148 V                              ; 1.07e-09 s                  ; 8.8e-10 s                   ; No                         ; No                         ; 1.66 V                      ; 9.95e-08 V                  ; 1.68 V             ; -0.027 V           ; 0.12 V                              ; 0.148 V                             ; 1.07e-09 s                 ; 8.8e-10 s                  ; No                        ; No                        ;
; dram_cas_n              ; 1.8 V        ; 0 s                 ; 0 s                 ; 1.66 V                       ; 9.95e-08 V                   ; 1.68 V              ; -0.0263 V           ; 0.12 V                               ; 0.147 V                              ; 1.07e-09 s                  ; 8.81e-10 s                  ; No                         ; No                         ; 1.66 V                      ; 9.95e-08 V                  ; 1.68 V             ; -0.0263 V          ; 0.12 V                              ; 0.147 V                             ; 1.07e-09 s                 ; 8.81e-10 s                 ; No                        ; No                        ;
; dram_we_n               ; 1.8 V        ; 0 s                 ; 0 s                 ; 1.66 V                       ; 9.95e-08 V                   ; 1.68 V              ; -0.0263 V           ; 0.12 V                               ; 0.147 V                              ; 1.07e-09 s                  ; 8.81e-10 s                  ; No                         ; No                         ; 1.66 V                      ; 9.95e-08 V                  ; 1.68 V             ; -0.0263 V          ; 0.12 V                              ; 0.147 V                             ; 1.07e-09 s                 ; 8.81e-10 s                 ; No                        ; No                        ;
; sram_a[0]               ; 3.3-V LVCMOS ; 0 s                 ; 0 s                 ; 3.08 V                       ; 4.85e-08 V                   ; 3.09 V              ; -0.11 V             ; 0.011 V                              ; 0.288 V                              ; 4.58e-10 s                  ; 1.8e-10 s                   ; Yes                        ; Yes                        ; 3.08 V                      ; 4.85e-08 V                  ; 3.09 V             ; -0.11 V            ; 0.011 V                             ; 0.288 V                             ; 4.58e-10 s                 ; 1.8e-10 s                  ; Yes                       ; Yes                       ;
; sram_a[1]               ; 3.3-V LVCMOS ; 0 s                 ; 0 s                 ; 3.08 V                       ; 6.4e-08 V                    ; 3.11 V              ; -0.146 V            ; 0.178 V                              ; 0.375 V                              ; 4.68e-10 s                  ; 1.91e-10 s                  ; Yes                        ; No                         ; 3.08 V                      ; 6.4e-08 V                   ; 3.11 V             ; -0.146 V           ; 0.178 V                             ; 0.375 V                             ; 4.68e-10 s                 ; 1.91e-10 s                 ; Yes                       ; No                        ;
; sram_a[2]               ; 3.3-V LVCMOS ; 0 s                 ; 0 s                 ; 3.08 V                       ; 4.85e-08 V                   ; 3.09 V              ; -0.11 V             ; 0.011 V                              ; 0.288 V                              ; 4.58e-10 s                  ; 1.8e-10 s                   ; Yes                        ; Yes                        ; 3.08 V                      ; 4.85e-08 V                  ; 3.09 V             ; -0.11 V            ; 0.011 V                             ; 0.288 V                             ; 4.58e-10 s                 ; 1.8e-10 s                  ; Yes                       ; Yes                       ;
; sram_a[3]               ; 3.3-V LVCMOS ; 0 s                 ; 0 s                 ; 3.08 V                       ; 6.13e-08 V                   ; 3.12 V              ; -0.197 V            ; 0.136 V                              ; 0.361 V                              ; 4.46e-10 s                  ; 1.67e-10 s                  ; Yes                        ; No                         ; 3.08 V                      ; 6.13e-08 V                  ; 3.12 V             ; -0.197 V           ; 0.136 V                             ; 0.361 V                             ; 4.46e-10 s                 ; 1.67e-10 s                 ; Yes                       ; No                        ;
; sram_a[4]               ; 3.3-V LVCMOS ; 0 s                 ; 0 s                 ; 3.08 V                       ; 6.4e-08 V                    ; 3.11 V              ; -0.146 V            ; 0.178 V                              ; 0.375 V                              ; 4.68e-10 s                  ; 1.91e-10 s                  ; Yes                        ; No                         ; 3.08 V                      ; 6.4e-08 V                   ; 3.11 V             ; -0.146 V           ; 0.178 V                             ; 0.375 V                             ; 4.68e-10 s                 ; 1.91e-10 s                 ; Yes                       ; No                        ;
; sram_a[5]               ; 3.3-V LVCMOS ; 0 s                 ; 0 s                 ; 3.08 V                       ; 4.85e-08 V                   ; 3.09 V              ; -0.11 V             ; 0.011 V                              ; 0.288 V                              ; 4.58e-10 s                  ; 1.8e-10 s                   ; Yes                        ; Yes                        ; 3.08 V                      ; 4.85e-08 V                  ; 3.09 V             ; -0.11 V            ; 0.011 V                             ; 0.288 V                             ; 4.58e-10 s                 ; 1.8e-10 s                  ; Yes                       ; Yes                       ;
; sram_a[6]               ; 3.3-V LVCMOS ; 0 s                 ; 0 s                 ; 3.08 V                       ; 4.85e-08 V                   ; 3.09 V              ; -0.11 V             ; 0.011 V                              ; 0.288 V                              ; 4.58e-10 s                  ; 1.8e-10 s                   ; Yes                        ; Yes                        ; 3.08 V                      ; 4.85e-08 V                  ; 3.09 V             ; -0.11 V            ; 0.011 V                             ; 0.288 V                             ; 4.58e-10 s                 ; 1.8e-10 s                  ; Yes                       ; Yes                       ;
; sram_a[7]               ; 3.3-V LVCMOS ; 0 s                 ; 0 s                 ; 3.08 V                       ; 6.4e-08 V                    ; 3.11 V              ; -0.146 V            ; 0.178 V                              ; 0.375 V                              ; 4.68e-10 s                  ; 1.91e-10 s                  ; Yes                        ; No                         ; 3.08 V                      ; 6.4e-08 V                   ; 3.11 V             ; -0.146 V           ; 0.178 V                             ; 0.375 V                             ; 4.68e-10 s                 ; 1.91e-10 s                 ; Yes                       ; No                        ;
; sram_a[8]               ; 3.3-V LVCMOS ; 0 s                 ; 0 s                 ; 3.08 V                       ; 6.4e-08 V                    ; 3.11 V              ; -0.146 V            ; 0.178 V                              ; 0.375 V                              ; 4.68e-10 s                  ; 1.91e-10 s                  ; Yes                        ; No                         ; 3.08 V                      ; 6.4e-08 V                   ; 3.11 V             ; -0.146 V           ; 0.178 V                             ; 0.375 V                             ; 4.68e-10 s                 ; 1.91e-10 s                 ; Yes                       ; No                        ;
; sram_a[9]               ; 3.3-V LVCMOS ; 0 s                 ; 0 s                 ; 3.08 V                       ; 4.85e-08 V                   ; 3.09 V              ; -0.11 V             ; 0.011 V                              ; 0.288 V                              ; 4.58e-10 s                  ; 1.8e-10 s                   ; Yes                        ; Yes                        ; 3.08 V                      ; 4.85e-08 V                  ; 3.09 V             ; -0.11 V            ; 0.011 V                             ; 0.288 V                             ; 4.58e-10 s                 ; 1.8e-10 s                  ; Yes                       ; Yes                       ;
; sram_a[10]              ; 3.3-V LVCMOS ; 0 s                 ; 0 s                 ; 3.08 V                       ; 4.85e-08 V                   ; 3.09 V              ; -0.11 V             ; 0.011 V                              ; 0.288 V                              ; 4.58e-10 s                  ; 1.8e-10 s                   ; Yes                        ; Yes                        ; 3.08 V                      ; 4.85e-08 V                  ; 3.09 V             ; -0.11 V            ; 0.011 V                             ; 0.288 V                             ; 4.58e-10 s                 ; 1.8e-10 s                  ; Yes                       ; Yes                       ;
; sram_a[11]              ; 3.3-V LVCMOS ; 0 s                 ; 0 s                 ; 3.08 V                       ; 4.85e-08 V                   ; 3.09 V              ; -0.11 V             ; 0.011 V                              ; 0.288 V                              ; 4.58e-10 s                  ; 1.8e-10 s                   ; Yes                        ; Yes                        ; 3.08 V                      ; 4.85e-08 V                  ; 3.09 V             ; -0.11 V            ; 0.011 V                             ; 0.288 V                             ; 4.58e-10 s                 ; 1.8e-10 s                  ; Yes                       ; Yes                       ;
; sram_a[12]              ; 3.3-V LVCMOS ; 0 s                 ; 0 s                 ; 3.08 V                       ; 4.85e-08 V                   ; 3.09 V              ; -0.11 V             ; 0.011 V                              ; 0.288 V                              ; 4.58e-10 s                  ; 1.8e-10 s                   ; Yes                        ; Yes                        ; 3.08 V                      ; 4.85e-08 V                  ; 3.09 V             ; -0.11 V            ; 0.011 V                             ; 0.288 V                             ; 4.58e-10 s                 ; 1.8e-10 s                  ; Yes                       ; Yes                       ;
; sram_a[13]              ; 3.3-V LVCMOS ; 0 s                 ; 0 s                 ; 3.08 V                       ; 4.85e-08 V                   ; 3.09 V              ; -0.11 V             ; 0.011 V                              ; 0.288 V                              ; 4.58e-10 s                  ; 1.8e-10 s                   ; Yes                        ; Yes                        ; 3.08 V                      ; 4.85e-08 V                  ; 3.09 V             ; -0.11 V            ; 0.011 V                             ; 0.288 V                             ; 4.58e-10 s                 ; 1.8e-10 s                  ; Yes                       ; Yes                       ;
; sram_a[14]              ; 3.3-V LVCMOS ; 0 s                 ; 0 s                 ; 3.08 V                       ; 6.4e-08 V                    ; 3.11 V              ; -0.146 V            ; 0.178 V                              ; 0.375 V                              ; 4.68e-10 s                  ; 1.91e-10 s                  ; Yes                        ; No                         ; 3.08 V                      ; 6.4e-08 V                   ; 3.11 V             ; -0.146 V           ; 0.178 V                             ; 0.375 V                             ; 4.68e-10 s                 ; 1.91e-10 s                 ; Yes                       ; No                        ;
; sram_a[15]              ; 3.3-V LVCMOS ; 0 s                 ; 0 s                 ; 3.08 V                       ; 6.4e-08 V                    ; 3.11 V              ; -0.146 V            ; 0.178 V                              ; 0.375 V                              ; 4.68e-10 s                  ; 1.91e-10 s                  ; Yes                        ; No                         ; 3.08 V                      ; 6.4e-08 V                   ; 3.11 V             ; -0.146 V           ; 0.178 V                             ; 0.375 V                             ; 4.68e-10 s                 ; 1.91e-10 s                 ; Yes                       ; No                        ;
; sram_a[16]              ; 3.3-V LVCMOS ; 0 s                 ; 0 s                 ; 3.08 V                       ; 4.85e-08 V                   ; 3.09 V              ; -0.11 V             ; 0.011 V                              ; 0.288 V                              ; 4.58e-10 s                  ; 1.8e-10 s                   ; Yes                        ; Yes                        ; 3.08 V                      ; 4.85e-08 V                  ; 3.09 V             ; -0.11 V            ; 0.011 V                             ; 0.288 V                             ; 4.58e-10 s                 ; 1.8e-10 s                  ; Yes                       ; Yes                       ;
; sram_oe_n               ; 3.3-V LVCMOS ; 0 s                 ; 0 s                 ; 3.08 V                       ; 6.4e-08 V                    ; 3.11 V              ; -0.146 V            ; 0.178 V                              ; 0.375 V                              ; 4.68e-10 s                  ; 1.91e-10 s                  ; Yes                        ; No                         ; 3.08 V                      ; 6.4e-08 V                   ; 3.11 V             ; -0.146 V           ; 0.178 V                             ; 0.375 V                             ; 4.68e-10 s                 ; 1.91e-10 s                 ; Yes                       ; No                        ;
; sram_we_n               ; 3.3-V LVCMOS ; 0 s                 ; 0 s                 ; 3.08 V                       ; 6.4e-08 V                    ; 3.11 V              ; -0.146 V            ; 0.178 V                              ; 0.375 V                              ; 4.68e-10 s                  ; 1.91e-10 s                  ; Yes                        ; No                         ; 3.08 V                      ; 6.4e-08 V                   ; 3.11 V             ; -0.146 V           ; 0.178 V                             ; 0.375 V                             ; 4.68e-10 s                 ; 1.91e-10 s                 ; Yes                       ; No                        ;
; sram_ub_n               ; 3.3-V LVCMOS ; 0 s                 ; 0 s                 ; 3.08 V                       ; 6.4e-08 V                    ; 3.11 V              ; -0.146 V            ; 0.178 V                              ; 0.375 V                              ; 4.68e-10 s                  ; 1.91e-10 s                  ; Yes                        ; No                         ; 3.08 V                      ; 6.4e-08 V                   ; 3.11 V             ; -0.146 V           ; 0.178 V                             ; 0.375 V                             ; 4.68e-10 s                 ; 1.91e-10 s                 ; Yes                       ; No                        ;
; sram_lb_n               ; 3.3-V LVCMOS ; 0 s                 ; 0 s                 ; 3.08 V                       ; 6.13e-08 V                   ; 3.12 V              ; -0.199 V            ; 0.137 V                              ; 0.359 V                              ; 4.46e-10 s                  ; 1.67e-10 s                  ; Yes                        ; No                         ; 3.08 V                      ; 6.13e-08 V                  ; 3.12 V             ; -0.199 V           ; 0.137 V                             ; 0.359 V                             ; 4.46e-10 s                 ; 1.67e-10 s                 ; Yes                       ; No                        ;
; dbg_tx                  ; 1.8 V        ; 0 s                 ; 0 s                 ; 1.66 V                       ; 5.62e-08 V                   ; 1.7 V               ; -0.0614 V           ; 0.185 V                              ; 0.153 V                              ; 4.95e-10 s                  ; 4.61e-10 s                  ; No                         ; No                         ; 1.66 V                      ; 5.62e-08 V                  ; 1.7 V              ; -0.0614 V          ; 0.185 V                             ; 0.153 V                             ; 4.95e-10 s                 ; 4.61e-10 s                 ; No                        ; No                        ;
; user1                   ; 1.8 V        ; 0 s                 ; 0 s                 ; 1.66 V                       ; 5.36e-08 V                   ; 1.71 V              ; -0.0635 V           ; 0.156 V                              ; 0.143 V                              ; 4.74e-10 s                  ; 4.55e-10 s                  ; No                         ; No                         ; 1.66 V                      ; 5.36e-08 V                  ; 1.71 V             ; -0.0635 V          ; 0.156 V                             ; 0.143 V                             ; 4.74e-10 s                 ; 4.55e-10 s                 ; No                        ; No                        ;
; vpll_feed               ; 1.8 V        ; 0 s                 ; 0 s                 ; 1.66 V                       ; 5.46e-08 V                   ; 1.7 V               ; -0.0536 V           ; 0.188 V                              ; 0.163 V                              ; 4.95e-10 s                  ; 4.68e-10 s                  ; No                         ; No                         ; 1.66 V                      ; 5.46e-08 V                  ; 1.7 V              ; -0.0536 V          ; 0.188 V                             ; 0.163 V                             ; 4.95e-10 s                 ; 4.68e-10 s                 ; No                        ; No                        ;
; aux_scl                 ; 1.8 V        ; 0 s                 ; 0 s                 ; 1.66 V                       ; 9.41e-08 V                   ; 1.66 V              ; -0.00334 V          ; 0.124 V                              ; 0.143 V                              ; 1.09e-09 s                  ; 9.01e-10 s                  ; Yes                        ; Yes                        ; 1.66 V                      ; 9.41e-08 V                  ; 1.66 V             ; -0.00334 V         ; 0.124 V                             ; 0.143 V                             ; 1.09e-09 s                 ; 9.01e-10 s                 ; Yes                       ; Yes                       ;
; cart_tran_bank2[0]      ; 3.3-V LVCMOS ; 0 s                 ; 0 s                 ; 3.08 V                       ; 6.13e-08 V                   ; 3.12 V              ; -0.197 V            ; 0.136 V                              ; 0.361 V                              ; 4.46e-10 s                  ; 1.67e-10 s                  ; Yes                        ; No                         ; 3.08 V                      ; 6.13e-08 V                  ; 3.12 V             ; -0.197 V           ; 0.136 V                             ; 0.361 V                             ; 4.46e-10 s                 ; 1.67e-10 s                 ; Yes                       ; No                        ;
; cart_tran_bank2[1]      ; 3.3-V LVCMOS ; 0 s                 ; 0 s                 ; 3.08 V                       ; 6.13e-08 V                   ; 3.12 V              ; -0.197 V            ; 0.136 V                              ; 0.361 V                              ; 4.46e-10 s                  ; 1.67e-10 s                  ; Yes                        ; No                         ; 3.08 V                      ; 6.13e-08 V                  ; 3.12 V             ; -0.197 V           ; 0.136 V                             ; 0.361 V                             ; 4.46e-10 s                 ; 1.67e-10 s                 ; Yes                       ; No                        ;
; cart_tran_bank2[2]      ; 3.3-V LVCMOS ; 0 s                 ; 0 s                 ; 3.08 V                       ; 6.13e-08 V                   ; 3.12 V              ; -0.199 V            ; 0.137 V                              ; 0.359 V                              ; 4.46e-10 s                  ; 1.67e-10 s                  ; Yes                        ; No                         ; 3.08 V                      ; 6.13e-08 V                  ; 3.12 V             ; -0.199 V           ; 0.137 V                             ; 0.359 V                             ; 4.46e-10 s                 ; 1.67e-10 s                 ; Yes                       ; No                        ;
; cart_tran_bank2[3]      ; 3.3-V LVCMOS ; 0 s                 ; 0 s                 ; 3.08 V                       ; 6.13e-08 V                   ; 3.12 V              ; -0.199 V            ; 0.137 V                              ; 0.359 V                              ; 4.46e-10 s                  ; 1.67e-10 s                  ; Yes                        ; No                         ; 3.08 V                      ; 6.13e-08 V                  ; 3.12 V             ; -0.199 V           ; 0.137 V                             ; 0.359 V                             ; 4.46e-10 s                 ; 1.67e-10 s                 ; Yes                       ; No                        ;
; cart_tran_bank2[4]      ; 3.3-V LVCMOS ; 0 s                 ; 0 s                 ; 3.08 V                       ; 6.13e-08 V                   ; 3.12 V              ; -0.197 V            ; 0.136 V                              ; 0.361 V                              ; 4.46e-10 s                  ; 1.67e-10 s                  ; Yes                        ; No                         ; 3.08 V                      ; 6.13e-08 V                  ; 3.12 V             ; -0.197 V           ; 0.136 V                             ; 0.361 V                             ; 4.46e-10 s                 ; 1.67e-10 s                 ; Yes                       ; No                        ;
; cart_tran_bank2[5]      ; 3.3-V LVCMOS ; 0 s                 ; 0 s                 ; 3.08 V                       ; 6.13e-08 V                   ; 3.12 V              ; -0.197 V            ; 0.136 V                              ; 0.361 V                              ; 4.46e-10 s                  ; 1.67e-10 s                  ; Yes                        ; No                         ; 3.08 V                      ; 6.13e-08 V                  ; 3.12 V             ; -0.197 V           ; 0.136 V                             ; 0.361 V                             ; 4.46e-10 s                 ; 1.67e-10 s                 ; Yes                       ; No                        ;
; cart_tran_bank2[6]      ; 3.3-V LVCMOS ; 0 s                 ; 0 s                 ; 3.08 V                       ; 6.13e-08 V                   ; 3.12 V              ; -0.199 V            ; 0.137 V                              ; 0.359 V                              ; 4.46e-10 s                  ; 1.67e-10 s                  ; Yes                        ; No                         ; 3.08 V                      ; 6.13e-08 V                  ; 3.12 V             ; -0.199 V           ; 0.137 V                             ; 0.359 V                             ; 4.46e-10 s                 ; 1.67e-10 s                 ; Yes                       ; No                        ;
; cart_tran_bank2[7]      ; 3.3-V LVCMOS ; 0 s                 ; 0 s                 ; 3.08 V                       ; 6.13e-08 V                   ; 3.12 V              ; -0.197 V            ; 0.136 V                              ; 0.361 V                              ; 4.46e-10 s                  ; 1.67e-10 s                  ; Yes                        ; No                         ; 3.08 V                      ; 6.13e-08 V                  ; 3.12 V             ; -0.197 V           ; 0.136 V                             ; 0.361 V                             ; 4.46e-10 s                 ; 1.67e-10 s                 ; Yes                       ; No                        ;
; cart_tran_bank3[0]      ; 3.3-V LVCMOS ; 0 s                 ; 0 s                 ; 3.08 V                       ; 6.13e-08 V                   ; 3.12 V              ; -0.199 V            ; 0.137 V                              ; 0.359 V                              ; 4.46e-10 s                  ; 1.67e-10 s                  ; Yes                        ; No                         ; 3.08 V                      ; 6.13e-08 V                  ; 3.12 V             ; -0.199 V           ; 0.137 V                             ; 0.359 V                             ; 4.46e-10 s                 ; 1.67e-10 s                 ; Yes                       ; No                        ;
; cart_tran_bank3[1]      ; 3.3-V LVCMOS ; 0 s                 ; 0 s                 ; 3.08 V                       ; 6.13e-08 V                   ; 3.12 V              ; -0.199 V            ; 0.137 V                              ; 0.359 V                              ; 4.46e-10 s                  ; 1.67e-10 s                  ; Yes                        ; No                         ; 3.08 V                      ; 6.13e-08 V                  ; 3.12 V             ; -0.199 V           ; 0.137 V                             ; 0.359 V                             ; 4.46e-10 s                 ; 1.67e-10 s                 ; Yes                       ; No                        ;
; cart_tran_bank3[2]      ; 3.3-V LVCMOS ; 0 s                 ; 0 s                 ; 3.08 V                       ; 6.13e-08 V                   ; 3.12 V              ; -0.197 V            ; 0.136 V                              ; 0.361 V                              ; 4.46e-10 s                  ; 1.67e-10 s                  ; Yes                        ; No                         ; 3.08 V                      ; 6.13e-08 V                  ; 3.12 V             ; -0.197 V           ; 0.136 V                             ; 0.361 V                             ; 4.46e-10 s                 ; 1.67e-10 s                 ; Yes                       ; No                        ;
; cart_tran_bank3[3]      ; 3.3-V LVCMOS ; 0 s                 ; 0 s                 ; 3.08 V                       ; 6.13e-08 V                   ; 3.12 V              ; -0.197 V            ; 0.136 V                              ; 0.361 V                              ; 4.46e-10 s                  ; 1.67e-10 s                  ; Yes                        ; No                         ; 3.08 V                      ; 6.13e-08 V                  ; 3.12 V             ; -0.197 V           ; 0.136 V                             ; 0.361 V                             ; 4.46e-10 s                 ; 1.67e-10 s                 ; Yes                       ; No                        ;
; cart_tran_bank3[4]      ; 3.3-V LVCMOS ; 0 s                 ; 0 s                 ; 3.08 V                       ; 6.13e-08 V                   ; 3.12 V              ; -0.199 V            ; 0.137 V                              ; 0.359 V                              ; 4.46e-10 s                  ; 1.67e-10 s                  ; Yes                        ; No                         ; 3.08 V                      ; 6.13e-08 V                  ; 3.12 V             ; -0.199 V           ; 0.137 V                             ; 0.359 V                             ; 4.46e-10 s                 ; 1.67e-10 s                 ; Yes                       ; No                        ;
; cart_tran_bank3[5]      ; 3.3-V LVCMOS ; 0 s                 ; 0 s                 ; 3.08 V                       ; 6.13e-08 V                   ; 3.12 V              ; -0.197 V            ; 0.136 V                              ; 0.361 V                              ; 4.46e-10 s                  ; 1.67e-10 s                  ; Yes                        ; No                         ; 3.08 V                      ; 6.13e-08 V                  ; 3.12 V             ; -0.197 V           ; 0.136 V                             ; 0.361 V                             ; 4.46e-10 s                 ; 1.67e-10 s                 ; Yes                       ; No                        ;
; cart_tran_bank3[6]      ; 3.3-V LVCMOS ; 0 s                 ; 0 s                 ; 3.08 V                       ; 6.13e-08 V                   ; 3.12 V              ; -0.199 V            ; 0.137 V                              ; 0.359 V                              ; 4.46e-10 s                  ; 1.67e-10 s                  ; Yes                        ; No                         ; 3.08 V                      ; 6.13e-08 V                  ; 3.12 V             ; -0.199 V           ; 0.137 V                             ; 0.359 V                             ; 4.46e-10 s                 ; 1.67e-10 s                 ; Yes                       ; No                        ;
; cart_tran_bank3[7]      ; 3.3-V LVCMOS ; 0 s                 ; 0 s                 ; 3.08 V                       ; 6.13e-08 V                   ; 3.12 V              ; -0.199 V            ; 0.137 V                              ; 0.359 V                              ; 4.46e-10 s                  ; 1.67e-10 s                  ; Yes                        ; No                         ; 3.08 V                      ; 6.13e-08 V                  ; 3.12 V             ; -0.199 V           ; 0.137 V                             ; 0.359 V                             ; 4.46e-10 s                 ; 1.67e-10 s                 ; Yes                       ; No                        ;
; cart_tran_bank1[0]      ; 3.3-V LVCMOS ; 0 s                 ; 0 s                 ; 3.08 V                       ; 6.13e-08 V                   ; 3.12 V              ; -0.197 V            ; 0.136 V                              ; 0.361 V                              ; 4.46e-10 s                  ; 1.67e-10 s                  ; Yes                        ; No                         ; 3.08 V                      ; 6.13e-08 V                  ; 3.12 V             ; -0.197 V           ; 0.136 V                             ; 0.361 V                             ; 4.46e-10 s                 ; 1.67e-10 s                 ; Yes                       ; No                        ;
; cart_tran_bank1[1]      ; 3.3-V LVCMOS ; 0 s                 ; 0 s                 ; 3.08 V                       ; 6.13e-08 V                   ; 3.12 V              ; -0.199 V            ; 0.137 V                              ; 0.359 V                              ; 4.46e-10 s                  ; 1.67e-10 s                  ; Yes                        ; No                         ; 3.08 V                      ; 6.13e-08 V                  ; 3.12 V             ; -0.199 V           ; 0.137 V                             ; 0.359 V                             ; 4.46e-10 s                 ; 1.67e-10 s                 ; Yes                       ; No                        ;
; cart_tran_bank1[2]      ; 3.3-V LVCMOS ; 0 s                 ; 0 s                 ; 3.08 V                       ; 6.13e-08 V                   ; 3.12 V              ; -0.199 V            ; 0.137 V                              ; 0.359 V                              ; 4.46e-10 s                  ; 1.67e-10 s                  ; Yes                        ; No                         ; 3.08 V                      ; 6.13e-08 V                  ; 3.12 V             ; -0.199 V           ; 0.137 V                             ; 0.359 V                             ; 4.46e-10 s                 ; 1.67e-10 s                 ; Yes                       ; No                        ;
; cart_tran_bank1[3]      ; 3.3-V LVCMOS ; 0 s                 ; 0 s                 ; 3.08 V                       ; 6.13e-08 V                   ; 3.12 V              ; -0.197 V            ; 0.136 V                              ; 0.361 V                              ; 4.46e-10 s                  ; 1.67e-10 s                  ; Yes                        ; No                         ; 3.08 V                      ; 6.13e-08 V                  ; 3.12 V             ; -0.197 V           ; 0.136 V                             ; 0.361 V                             ; 4.46e-10 s                 ; 1.67e-10 s                 ; Yes                       ; No                        ;
; cart_tran_bank1[4]      ; 3.3-V LVCMOS ; 0 s                 ; 0 s                 ; 3.08 V                       ; 6.13e-08 V                   ; 3.12 V              ; -0.199 V            ; 0.137 V                              ; 0.359 V                              ; 4.46e-10 s                  ; 1.67e-10 s                  ; Yes                        ; No                         ; 3.08 V                      ; 6.13e-08 V                  ; 3.12 V             ; -0.199 V           ; 0.137 V                             ; 0.359 V                             ; 4.46e-10 s                 ; 1.67e-10 s                 ; Yes                       ; No                        ;
; cart_tran_bank1[5]      ; 3.3-V LVCMOS ; 0 s                 ; 0 s                 ; 3.08 V                       ; 6.13e-08 V                   ; 3.12 V              ; -0.197 V            ; 0.136 V                              ; 0.361 V                              ; 4.46e-10 s                  ; 1.67e-10 s                  ; Yes                        ; No                         ; 3.08 V                      ; 6.13e-08 V                  ; 3.12 V             ; -0.197 V           ; 0.136 V                             ; 0.361 V                             ; 4.46e-10 s                 ; 1.67e-10 s                 ; Yes                       ; No                        ;
; cart_tran_bank1[6]      ; 3.3-V LVCMOS ; 0 s                 ; 0 s                 ; 3.08 V                       ; 6.13e-08 V                   ; 3.12 V              ; -0.197 V            ; 0.136 V                              ; 0.361 V                              ; 4.46e-10 s                  ; 1.67e-10 s                  ; Yes                        ; No                         ; 3.08 V                      ; 6.13e-08 V                  ; 3.12 V             ; -0.197 V           ; 0.136 V                             ; 0.361 V                             ; 4.46e-10 s                 ; 1.67e-10 s                 ; Yes                       ; No                        ;
; cart_tran_bank1[7]      ; 3.3-V LVCMOS ; 0 s                 ; 0 s                 ; 3.08 V                       ; 6.13e-08 V                   ; 3.12 V              ; -0.197 V            ; 0.136 V                              ; 0.361 V                              ; 4.46e-10 s                  ; 1.67e-10 s                  ; Yes                        ; No                         ; 3.08 V                      ; 6.13e-08 V                  ; 3.12 V             ; -0.197 V           ; 0.136 V                             ; 0.361 V                             ; 4.46e-10 s                 ; 1.67e-10 s                 ; Yes                       ; No                        ;
; cart_tran_bank0[4]      ; 3.3-V LVCMOS ; 0 s                 ; 0 s                 ; 3.08 V                       ; 6.13e-08 V                   ; 3.12 V              ; -0.199 V            ; 0.137 V                              ; 0.359 V                              ; 4.46e-10 s                  ; 1.67e-10 s                  ; Yes                        ; No                         ; 3.08 V                      ; 6.13e-08 V                  ; 3.12 V             ; -0.199 V           ; 0.137 V                             ; 0.359 V                             ; 4.46e-10 s                 ; 1.67e-10 s                 ; Yes                       ; No                        ;
; cart_tran_bank0[5]      ; 3.3-V LVCMOS ; 0 s                 ; 0 s                 ; 3.08 V                       ; 6.13e-08 V                   ; 3.12 V              ; -0.197 V            ; 0.136 V                              ; 0.361 V                              ; 4.46e-10 s                  ; 1.67e-10 s                  ; Yes                        ; No                         ; 3.08 V                      ; 6.13e-08 V                  ; 3.12 V             ; -0.197 V           ; 0.136 V                             ; 0.361 V                             ; 4.46e-10 s                 ; 1.67e-10 s                 ; Yes                       ; No                        ;
; cart_tran_bank0[6]      ; 3.3-V LVCMOS ; 0 s                 ; 0 s                 ; 3.08 V                       ; 6.13e-08 V                   ; 3.12 V              ; -0.199 V            ; 0.137 V                              ; 0.359 V                              ; 4.46e-10 s                  ; 1.67e-10 s                  ; Yes                        ; No                         ; 3.08 V                      ; 6.13e-08 V                  ; 3.12 V             ; -0.199 V           ; 0.137 V                             ; 0.359 V                             ; 4.46e-10 s                 ; 1.67e-10 s                 ; Yes                       ; No                        ;
; cart_tran_bank0[7]      ; 3.3-V LVCMOS ; 0 s                 ; 0 s                 ; 3.08 V                       ; 6.13e-08 V                   ; 3.12 V              ; -0.199 V            ; 0.137 V                              ; 0.359 V                              ; 4.46e-10 s                  ; 1.67e-10 s                  ; Yes                        ; No                         ; 3.08 V                      ; 6.13e-08 V                  ; 3.12 V             ; -0.199 V           ; 0.137 V                             ; 0.359 V                             ; 4.46e-10 s                 ; 1.67e-10 s                 ; Yes                       ; No                        ;
; cart_tran_pin30         ; 1.8 V        ; 0 s                 ; 0 s                 ; 1.66 V                       ; 9.95e-08 V                   ; 1.68 V              ; -0.0263 V           ; 0.12 V                               ; 0.147 V                              ; 1.07e-09 s                  ; 8.81e-10 s                  ; No                         ; No                         ; 1.66 V                      ; 9.95e-08 V                  ; 1.68 V             ; -0.0263 V          ; 0.12 V                              ; 0.147 V                             ; 1.07e-09 s                 ; 8.81e-10 s                 ; No                        ; No                        ;
; cart_tran_pin31         ; 1.8 V        ; 0 s                 ; 0 s                 ; 1.66 V                       ; 9.95e-08 V                   ; 1.68 V              ; -0.027 V            ; 0.12 V                               ; 0.148 V                              ; 1.07e-09 s                  ; 8.8e-10 s                   ; No                         ; No                         ; 1.66 V                      ; 9.95e-08 V                  ; 1.68 V             ; -0.027 V           ; 0.12 V                              ; 0.148 V                             ; 1.07e-09 s                 ; 8.8e-10 s                  ; No                        ; No                        ;
; port_tran_si            ; 3.3-V LVCMOS ; 0 s                 ; 0 s                 ; 3.08 V                       ; 6.4e-08 V                    ; 3.11 V              ; -0.146 V            ; 0.178 V                              ; 0.375 V                              ; 4.68e-10 s                  ; 1.91e-10 s                  ; Yes                        ; No                         ; 3.08 V                      ; 6.4e-08 V                   ; 3.11 V             ; -0.146 V           ; 0.178 V                             ; 0.375 V                             ; 4.68e-10 s                 ; 1.91e-10 s                 ; Yes                       ; No                        ;
; port_tran_so            ; 1.8 V        ; 0 s                 ; 0 s                 ; 1.66 V                       ; 9.95e-08 V                   ; 1.68 V              ; -0.0263 V           ; 0.12 V                               ; 0.147 V                              ; 1.07e-09 s                  ; 8.81e-10 s                  ; No                         ; No                         ; 1.66 V                      ; 9.95e-08 V                  ; 1.68 V             ; -0.0263 V          ; 0.12 V                              ; 0.147 V                             ; 1.07e-09 s                 ; 8.81e-10 s                 ; No                        ; No                        ;
; port_tran_sck           ; 3.3-V LVCMOS ; 0 s                 ; 0 s                 ; 3.08 V                       ; 6.13e-08 V                   ; 3.12 V              ; -0.197 V            ; 0.136 V                              ; 0.361 V                              ; 4.46e-10 s                  ; 1.67e-10 s                  ; Yes                        ; No                         ; 3.08 V                      ; 6.13e-08 V                  ; 3.12 V             ; -0.197 V           ; 0.136 V                             ; 0.361 V                             ; 4.46e-10 s                 ; 1.67e-10 s                 ; Yes                       ; No                        ;
; port_tran_sd            ; 3.3-V LVCMOS ; 0 s                 ; 0 s                 ; 3.08 V                       ; 6.4e-08 V                    ; 3.11 V              ; -0.146 V            ; 0.178 V                              ; 0.375 V                              ; 4.68e-10 s                  ; 1.91e-10 s                  ; Yes                        ; No                         ; 3.08 V                      ; 6.4e-08 V                   ; 3.11 V             ; -0.146 V           ; 0.178 V                             ; 0.375 V                             ; 4.68e-10 s                 ; 1.91e-10 s                 ; Yes                       ; No                        ;
; scal_vid[0]             ; 1.8 V        ; 0 s                 ; 0 s                 ; 1.66 V                       ; 5.36e-08 V                   ; 1.71 V              ; -0.0635 V           ; 0.156 V                              ; 0.143 V                              ; 4.74e-10 s                  ; 4.55e-10 s                  ; No                         ; No                         ; 1.66 V                      ; 5.36e-08 V                  ; 1.71 V             ; -0.0635 V          ; 0.156 V                             ; 0.143 V                             ; 4.74e-10 s                 ; 4.55e-10 s                 ; No                        ; No                        ;
; scal_vid[1]             ; 1.8 V        ; 0 s                 ; 0 s                 ; 1.66 V                       ; 5.36e-08 V                   ; 1.71 V              ; -0.0641 V           ; 0.156 V                              ; 0.142 V                              ; 4.74e-10 s                  ; 4.55e-10 s                  ; No                         ; No                         ; 1.66 V                      ; 5.36e-08 V                  ; 1.71 V             ; -0.0641 V          ; 0.156 V                             ; 0.142 V                             ; 4.74e-10 s                 ; 4.55e-10 s                 ; No                        ; No                        ;
; scal_vid[2]             ; 1.8 V        ; 0 s                 ; 0 s                 ; 1.66 V                       ; 5.46e-08 V                   ; 1.7 V               ; -0.0536 V           ; 0.188 V                              ; 0.163 V                              ; 4.95e-10 s                  ; 4.68e-10 s                  ; No                         ; No                         ; 1.66 V                      ; 5.46e-08 V                  ; 1.7 V              ; -0.0536 V          ; 0.188 V                             ; 0.163 V                             ; 4.95e-10 s                 ; 4.68e-10 s                 ; No                        ; No                        ;
; scal_vid[3]             ; 1.8 V        ; 0 s                 ; 0 s                 ; 1.66 V                       ; 5.36e-08 V                   ; 1.71 V              ; -0.0641 V           ; 0.156 V                              ; 0.142 V                              ; 4.74e-10 s                  ; 4.55e-10 s                  ; No                         ; No                         ; 1.66 V                      ; 5.36e-08 V                  ; 1.71 V             ; -0.0641 V          ; 0.156 V                             ; 0.142 V                             ; 4.74e-10 s                 ; 4.55e-10 s                 ; No                        ; No                        ;
; scal_vid[4]             ; 1.8 V        ; 0 s                 ; 0 s                 ; 1.66 V                       ; 5.36e-08 V                   ; 1.71 V              ; -0.0635 V           ; 0.156 V                              ; 0.143 V                              ; 4.74e-10 s                  ; 4.55e-10 s                  ; No                         ; No                         ; 1.66 V                      ; 5.36e-08 V                  ; 1.71 V             ; -0.0635 V          ; 0.156 V                             ; 0.143 V                             ; 4.74e-10 s                 ; 4.55e-10 s                 ; No                        ; No                        ;
; scal_vid[5]             ; 1.8 V        ; 0 s                 ; 0 s                 ; 1.66 V                       ; 5.36e-08 V                   ; 1.71 V              ; -0.0641 V           ; 0.156 V                              ; 0.142 V                              ; 4.74e-10 s                  ; 4.55e-10 s                  ; No                         ; No                         ; 1.66 V                      ; 5.36e-08 V                  ; 1.71 V             ; -0.0641 V          ; 0.156 V                             ; 0.142 V                             ; 4.74e-10 s                 ; 4.55e-10 s                 ; No                        ; No                        ;
; scal_vid[6]             ; 1.8 V        ; 0 s                 ; 0 s                 ; 1.66 V                       ; 5.36e-08 V                   ; 1.71 V              ; -0.0635 V           ; 0.156 V                              ; 0.143 V                              ; 4.74e-10 s                  ; 4.55e-10 s                  ; No                         ; No                         ; 1.66 V                      ; 5.36e-08 V                  ; 1.71 V             ; -0.0635 V          ; 0.156 V                             ; 0.143 V                             ; 4.74e-10 s                 ; 4.55e-10 s                 ; No                        ; No                        ;
; scal_vid[7]             ; 1.8 V        ; 0 s                 ; 0 s                 ; 1.66 V                       ; 5.46e-08 V                   ; 1.7 V               ; -0.0536 V           ; 0.188 V                              ; 0.163 V                              ; 4.95e-10 s                  ; 4.68e-10 s                  ; No                         ; No                         ; 1.66 V                      ; 5.46e-08 V                  ; 1.7 V              ; -0.0536 V          ; 0.188 V                             ; 0.163 V                             ; 4.95e-10 s                 ; 4.68e-10 s                 ; No                        ; No                        ;
; scal_vid[8]             ; 1.8 V        ; 0 s                 ; 0 s                 ; 1.66 V                       ; 5.36e-08 V                   ; 1.71 V              ; -0.0635 V           ; 0.156 V                              ; 0.143 V                              ; 4.74e-10 s                  ; 4.55e-10 s                  ; No                         ; No                         ; 1.66 V                      ; 5.36e-08 V                  ; 1.71 V             ; -0.0635 V          ; 0.156 V                             ; 0.143 V                             ; 4.74e-10 s                 ; 4.55e-10 s                 ; No                        ; No                        ;
; scal_vid[9]             ; 1.8 V        ; 0 s                 ; 0 s                 ; 1.66 V                       ; 5.36e-08 V                   ; 1.71 V              ; -0.0641 V           ; 0.156 V                              ; 0.142 V                              ; 4.74e-10 s                  ; 4.55e-10 s                  ; No                         ; No                         ; 1.66 V                      ; 5.36e-08 V                  ; 1.71 V             ; -0.0641 V          ; 0.156 V                             ; 0.142 V                             ; 4.74e-10 s                 ; 4.55e-10 s                 ; No                        ; No                        ;
; scal_vid[10]            ; 1.8 V        ; 0 s                 ; 0 s                 ; 1.66 V                       ; 4.82e-08 V                   ; 1.67 V              ; -0.023 V            ; 0.152 V                              ; 0.113 V                              ; 4.98e-10 s                  ; 4.58e-10 s                  ; Yes                        ; No                         ; 1.66 V                      ; 4.82e-08 V                  ; 1.67 V             ; -0.023 V           ; 0.152 V                             ; 0.113 V                             ; 4.98e-10 s                 ; 4.58e-10 s                 ; Yes                       ; No                        ;
; scal_vid[11]            ; 1.8 V        ; 0 s                 ; 0 s                 ; 1.66 V                       ; 5.46e-08 V                   ; 1.7 V               ; -0.0536 V           ; 0.188 V                              ; 0.163 V                              ; 4.95e-10 s                  ; 4.68e-10 s                  ; No                         ; No                         ; 1.66 V                      ; 5.46e-08 V                  ; 1.7 V              ; -0.0536 V          ; 0.188 V                             ; 0.163 V                             ; 4.95e-10 s                 ; 4.68e-10 s                 ; No                        ; No                        ;
; scal_clk                ; 1.8 V        ; 0 s                 ; 0 s                 ; 1.66 V                       ; 4.82e-08 V                   ; 1.67 V              ; -0.023 V            ; 0.152 V                              ; 0.113 V                              ; 4.98e-10 s                  ; 4.58e-10 s                  ; Yes                        ; No                         ; 1.66 V                      ; 4.82e-08 V                  ; 1.67 V             ; -0.023 V           ; 0.152 V                             ; 0.113 V                             ; 4.98e-10 s                 ; 4.58e-10 s                 ; Yes                       ; No                        ;
; scal_de                 ; 1.8 V        ; 0 s                 ; 0 s                 ; 1.66 V                       ; 5.36e-08 V                   ; 1.71 V              ; -0.0635 V           ; 0.156 V                              ; 0.143 V                              ; 4.74e-10 s                  ; 4.55e-10 s                  ; No                         ; No                         ; 1.66 V                      ; 5.36e-08 V                  ; 1.71 V             ; -0.0635 V          ; 0.156 V                             ; 0.143 V                             ; 4.74e-10 s                 ; 4.55e-10 s                 ; No                        ; No                        ;
; scal_skip               ; 1.8 V        ; 0 s                 ; 0 s                 ; 1.66 V                       ; 5.36e-08 V                   ; 1.71 V              ; -0.0641 V           ; 0.156 V                              ; 0.142 V                              ; 4.74e-10 s                  ; 4.55e-10 s                  ; No                         ; No                         ; 1.66 V                      ; 5.36e-08 V                  ; 1.71 V             ; -0.0641 V          ; 0.156 V                             ; 0.142 V                             ; 4.74e-10 s                 ; 4.55e-10 s                 ; No                        ; No                        ;
; scal_vs                 ; 1.8 V        ; 0 s                 ; 0 s                 ; 1.66 V                       ; 5.46e-08 V                   ; 1.7 V               ; -0.0536 V           ; 0.188 V                              ; 0.163 V                              ; 4.95e-10 s                  ; 4.68e-10 s                  ; No                         ; No                         ; 1.66 V                      ; 5.46e-08 V                  ; 1.7 V              ; -0.0536 V          ; 0.188 V                             ; 0.163 V                             ; 4.95e-10 s                 ; 4.68e-10 s                 ; No                        ; No                        ;
; scal_hs                 ; 1.8 V        ; 0 s                 ; 0 s                 ; 1.66 V                       ; 4.82e-08 V                   ; 1.67 V              ; -0.023 V            ; 0.152 V                              ; 0.113 V                              ; 4.98e-10 s                  ; 4.58e-10 s                  ; Yes                        ; No                         ; 1.66 V                      ; 4.82e-08 V                  ; 1.67 V             ; -0.023 V           ; 0.152 V                             ; 0.113 V                             ; 4.98e-10 s                 ; 4.58e-10 s                 ; Yes                       ; No                        ;
; bridge_spimosi          ; 1.8 V        ; 0 s                 ; 0 s                 ; 1.66 V                       ; 5.62e-08 V                   ; 1.7 V               ; -0.0614 V           ; 0.185 V                              ; 0.153 V                              ; 4.95e-10 s                  ; 4.61e-10 s                  ; No                         ; No                         ; 1.66 V                      ; 5.62e-08 V                  ; 1.7 V              ; -0.0614 V          ; 0.185 V                             ; 0.153 V                             ; 4.95e-10 s                 ; 4.61e-10 s                 ; No                        ; No                        ;
; bridge_spimiso          ; 1.8 V        ; 0 s                 ; 0 s                 ; 1.66 V                       ; 5.62e-08 V                   ; 1.7 V               ; -0.0613 V           ; 0.185 V                              ; 0.154 V                              ; 4.95e-10 s                  ; 4.61e-10 s                  ; No                         ; No                         ; 1.66 V                      ; 5.62e-08 V                  ; 1.7 V              ; -0.0613 V          ; 0.185 V                             ; 0.154 V                             ; 4.95e-10 s                 ; 4.61e-10 s                 ; No                        ; No                        ;
; bridge_spiclk           ; 1.8 V        ; 0 s                 ; 0 s                 ; 1.66 V                       ; 5.08e-08 V                   ; 1.67 V              ; -0.019 V            ; 0.078 V                              ; 0.129 V                              ; 6.31e-10 s                  ; 4.67e-10 s                  ; No                         ; No                         ; 1.66 V                      ; 5.08e-08 V                  ; 1.67 V             ; -0.019 V           ; 0.078 V                             ; 0.129 V                             ; 6.31e-10 s                 ; 4.67e-10 s                 ; No                        ; No                        ;
; bridge_1wire            ; 1.8 V        ; 0 s                 ; 0 s                 ; 1.66 V                       ; 5.72e-08 V                   ; 1.69 V              ; -0.0507 V           ; 0.114 V                              ; 0.179 V                              ; 6.58e-10 s                  ; 4.76e-10 s                  ; No                         ; No                         ; 1.66 V                      ; 5.72e-08 V                  ; 1.69 V             ; -0.0507 V          ; 0.114 V                             ; 0.179 V                             ; 6.58e-10 s                 ; 4.76e-10 s                 ; No                        ; No                        ;
; cram0_dq[0]             ; 1.8 V        ; 0 s                 ; 0 s                 ; 1.66 V                       ; 1.01e-07 V                   ; 1.68 V              ; -0.022 V            ; 0.154 V                              ; 0.183 V                              ; 1.11e-09 s                  ; 9.16e-10 s                  ; No                         ; No                         ; 1.66 V                      ; 1.01e-07 V                  ; 1.68 V             ; -0.022 V           ; 0.154 V                             ; 0.183 V                             ; 1.11e-09 s                 ; 9.16e-10 s                 ; No                        ; No                        ;
; cram0_dq[1]             ; 1.8 V        ; 0 s                 ; 0 s                 ; 1.66 V                       ; 9.95e-08 V                   ; 1.68 V              ; -0.027 V            ; 0.12 V                               ; 0.148 V                              ; 1.07e-09 s                  ; 8.8e-10 s                   ; No                         ; No                         ; 1.66 V                      ; 9.95e-08 V                  ; 1.68 V             ; -0.027 V           ; 0.12 V                              ; 0.148 V                             ; 1.07e-09 s                 ; 8.8e-10 s                  ; No                        ; No                        ;
; cram0_dq[2]             ; 1.8 V        ; 0 s                 ; 0 s                 ; 1.66 V                       ; 9.95e-08 V                   ; 1.68 V              ; -0.027 V            ; 0.12 V                               ; 0.148 V                              ; 1.07e-09 s                  ; 8.8e-10 s                   ; No                         ; No                         ; 1.66 V                      ; 9.95e-08 V                  ; 1.68 V             ; -0.027 V           ; 0.12 V                              ; 0.148 V                             ; 1.07e-09 s                 ; 8.8e-10 s                  ; No                        ; No                        ;
; cram0_dq[3]             ; 1.8 V        ; 0 s                 ; 0 s                 ; 1.66 V                       ; 9.95e-08 V                   ; 1.68 V              ; -0.0263 V           ; 0.12 V                               ; 0.147 V                              ; 1.07e-09 s                  ; 8.81e-10 s                  ; No                         ; No                         ; 1.66 V                      ; 9.95e-08 V                  ; 1.68 V             ; -0.0263 V          ; 0.12 V                              ; 0.147 V                             ; 1.07e-09 s                 ; 8.81e-10 s                 ; No                        ; No                        ;
; cram0_dq[4]             ; 1.8 V        ; 0 s                 ; 0 s                 ; 1.66 V                       ; 1.01e-07 V                   ; 1.68 V              ; -0.022 V            ; 0.154 V                              ; 0.183 V                              ; 1.11e-09 s                  ; 9.16e-10 s                  ; No                         ; No                         ; 1.66 V                      ; 1.01e-07 V                  ; 1.68 V             ; -0.022 V           ; 0.154 V                             ; 0.183 V                             ; 1.11e-09 s                 ; 9.16e-10 s                 ; No                        ; No                        ;
; cram0_dq[5]             ; 1.8 V        ; 0 s                 ; 0 s                 ; 1.66 V                       ; 9.41e-08 V                   ; 1.66 V              ; -0.00334 V          ; 0.124 V                              ; 0.143 V                              ; 1.09e-09 s                  ; 9.01e-10 s                  ; Yes                        ; Yes                        ; 1.66 V                      ; 9.41e-08 V                  ; 1.66 V             ; -0.00334 V         ; 0.124 V                             ; 0.143 V                             ; 1.09e-09 s                 ; 9.01e-10 s                 ; Yes                       ; Yes                       ;
; cram0_dq[6]             ; 1.8 V        ; 0 s                 ; 0 s                 ; 1.66 V                       ; 1.01e-07 V                   ; 1.68 V              ; -0.022 V            ; 0.154 V                              ; 0.183 V                              ; 1.11e-09 s                  ; 9.16e-10 s                  ; No                         ; No                         ; 1.66 V                      ; 1.01e-07 V                  ; 1.68 V             ; -0.022 V           ; 0.154 V                             ; 0.183 V                             ; 1.11e-09 s                 ; 9.16e-10 s                 ; No                        ; No                        ;
; cram0_dq[7]             ; 1.8 V        ; 0 s                 ; 0 s                 ; 1.66 V                       ; 1.01e-07 V                   ; 1.68 V              ; -0.022 V            ; 0.154 V                              ; 0.183 V                              ; 1.11e-09 s                  ; 9.16e-10 s                  ; No                         ; No                         ; 1.66 V                      ; 1.01e-07 V                  ; 1.68 V             ; -0.022 V           ; 0.154 V                             ; 0.183 V                             ; 1.11e-09 s                 ; 9.16e-10 s                 ; No                        ; No                        ;
; cram0_dq[8]             ; 1.8 V        ; 0 s                 ; 0 s                 ; 1.66 V                       ; 9.41e-08 V                   ; 1.66 V              ; -0.00334 V          ; 0.124 V                              ; 0.143 V                              ; 1.09e-09 s                  ; 9.01e-10 s                  ; Yes                        ; Yes                        ; 1.66 V                      ; 9.41e-08 V                  ; 1.66 V             ; -0.00334 V         ; 0.124 V                             ; 0.143 V                             ; 1.09e-09 s                 ; 9.01e-10 s                 ; Yes                       ; Yes                       ;
; cram0_dq[9]             ; 1.8 V        ; 0 s                 ; 0 s                 ; 1.66 V                       ; 9.95e-08 V                   ; 1.68 V              ; -0.0263 V           ; 0.12 V                               ; 0.147 V                              ; 1.07e-09 s                  ; 8.81e-10 s                  ; No                         ; No                         ; 1.66 V                      ; 9.95e-08 V                  ; 1.68 V             ; -0.0263 V          ; 0.12 V                              ; 0.147 V                             ; 1.07e-09 s                 ; 8.81e-10 s                 ; No                        ; No                        ;
; cram0_dq[10]            ; 1.8 V        ; 0 s                 ; 0 s                 ; 1.66 V                       ; 9.41e-08 V                   ; 1.66 V              ; -0.00334 V          ; 0.124 V                              ; 0.143 V                              ; 1.09e-09 s                  ; 9.01e-10 s                  ; Yes                        ; Yes                        ; 1.66 V                      ; 9.41e-08 V                  ; 1.66 V             ; -0.00334 V         ; 0.124 V                             ; 0.143 V                             ; 1.09e-09 s                 ; 9.01e-10 s                 ; Yes                       ; Yes                       ;
; cram0_dq[11]            ; 1.8 V        ; 0 s                 ; 0 s                 ; 1.66 V                       ; 1.01e-07 V                   ; 1.68 V              ; -0.022 V            ; 0.154 V                              ; 0.183 V                              ; 1.11e-09 s                  ; 9.16e-10 s                  ; No                         ; No                         ; 1.66 V                      ; 1.01e-07 V                  ; 1.68 V             ; -0.022 V           ; 0.154 V                             ; 0.183 V                             ; 1.11e-09 s                 ; 9.16e-10 s                 ; No                        ; No                        ;
; cram0_dq[12]            ; 1.8 V        ; 0 s                 ; 0 s                 ; 1.66 V                       ; 9.95e-08 V                   ; 1.68 V              ; -0.027 V            ; 0.12 V                               ; 0.148 V                              ; 1.07e-09 s                  ; 8.8e-10 s                   ; No                         ; No                         ; 1.66 V                      ; 9.95e-08 V                  ; 1.68 V             ; -0.027 V           ; 0.12 V                              ; 0.148 V                             ; 1.07e-09 s                 ; 8.8e-10 s                  ; No                        ; No                        ;
; cram0_dq[13]            ; 1.8 V        ; 0 s                 ; 0 s                 ; 1.66 V                       ; 9.41e-08 V                   ; 1.66 V              ; -0.00334 V          ; 0.124 V                              ; 0.143 V                              ; 1.09e-09 s                  ; 9.01e-10 s                  ; Yes                        ; Yes                        ; 1.66 V                      ; 9.41e-08 V                  ; 1.66 V             ; -0.00334 V         ; 0.124 V                             ; 0.143 V                             ; 1.09e-09 s                 ; 9.01e-10 s                 ; Yes                       ; Yes                       ;
; cram0_dq[14]            ; 1.8 V        ; 0 s                 ; 0 s                 ; 1.66 V                       ; 9.95e-08 V                   ; 1.68 V              ; -0.0263 V           ; 0.12 V                               ; 0.147 V                              ; 1.07e-09 s                  ; 8.81e-10 s                  ; No                         ; No                         ; 1.66 V                      ; 9.95e-08 V                  ; 1.68 V             ; -0.0263 V          ; 0.12 V                              ; 0.147 V                             ; 1.07e-09 s                 ; 8.81e-10 s                 ; No                        ; No                        ;
; cram0_dq[15]            ; 1.8 V        ; 0 s                 ; 0 s                 ; 1.66 V                       ; 1.01e-07 V                   ; 1.68 V              ; -0.022 V            ; 0.154 V                              ; 0.183 V                              ; 1.11e-09 s                  ; 9.16e-10 s                  ; No                         ; No                         ; 1.66 V                      ; 1.01e-07 V                  ; 1.68 V             ; -0.022 V           ; 0.154 V                             ; 0.183 V                             ; 1.11e-09 s                 ; 9.16e-10 s                 ; No                        ; No                        ;
; cram1_dq[0]             ; 1.8 V        ; 0 s                 ; 0 s                 ; 1.66 V                       ; 9.95e-08 V                   ; 1.68 V              ; -0.027 V            ; 0.12 V                               ; 0.148 V                              ; 1.07e-09 s                  ; 8.8e-10 s                   ; No                         ; No                         ; 1.66 V                      ; 9.95e-08 V                  ; 1.68 V             ; -0.027 V           ; 0.12 V                              ; 0.148 V                             ; 1.07e-09 s                 ; 8.8e-10 s                  ; No                        ; No                        ;
; cram1_dq[1]             ; 1.8 V        ; 0 s                 ; 0 s                 ; 1.66 V                       ; 1.01e-07 V                   ; 1.68 V              ; -0.022 V            ; 0.154 V                              ; 0.183 V                              ; 1.11e-09 s                  ; 9.16e-10 s                  ; No                         ; No                         ; 1.66 V                      ; 1.01e-07 V                  ; 1.68 V             ; -0.022 V           ; 0.154 V                             ; 0.183 V                             ; 1.11e-09 s                 ; 9.16e-10 s                 ; No                        ; No                        ;
; cram1_dq[2]             ; 1.8 V        ; 0 s                 ; 0 s                 ; 1.66 V                       ; 9.41e-08 V                   ; 1.66 V              ; -0.00334 V          ; 0.124 V                              ; 0.143 V                              ; 1.09e-09 s                  ; 9.01e-10 s                  ; Yes                        ; Yes                        ; 1.66 V                      ; 9.41e-08 V                  ; 1.66 V             ; -0.00334 V         ; 0.124 V                             ; 0.143 V                             ; 1.09e-09 s                 ; 9.01e-10 s                 ; Yes                       ; Yes                       ;
; cram1_dq[3]             ; 1.8 V        ; 0 s                 ; 0 s                 ; 1.66 V                       ; 9.41e-08 V                   ; 1.66 V              ; -0.00334 V          ; 0.124 V                              ; 0.143 V                              ; 1.09e-09 s                  ; 9.01e-10 s                  ; Yes                        ; Yes                        ; 1.66 V                      ; 9.41e-08 V                  ; 1.66 V             ; -0.00334 V         ; 0.124 V                             ; 0.143 V                             ; 1.09e-09 s                 ; 9.01e-10 s                 ; Yes                       ; Yes                       ;
; cram1_dq[4]             ; 1.8 V        ; 0 s                 ; 0 s                 ; 1.66 V                       ; 1.01e-07 V                   ; 1.68 V              ; -0.022 V            ; 0.154 V                              ; 0.183 V                              ; 1.11e-09 s                  ; 9.16e-10 s                  ; No                         ; No                         ; 1.66 V                      ; 1.01e-07 V                  ; 1.68 V             ; -0.022 V           ; 0.154 V                             ; 0.183 V                             ; 1.11e-09 s                 ; 9.16e-10 s                 ; No                        ; No                        ;
; cram1_dq[5]             ; 1.8 V        ; 0 s                 ; 0 s                 ; 1.66 V                       ; 9.41e-08 V                   ; 1.66 V              ; -0.00334 V          ; 0.124 V                              ; 0.143 V                              ; 1.09e-09 s                  ; 9.01e-10 s                  ; Yes                        ; Yes                        ; 1.66 V                      ; 9.41e-08 V                  ; 1.66 V             ; -0.00334 V         ; 0.124 V                             ; 0.143 V                             ; 1.09e-09 s                 ; 9.01e-10 s                 ; Yes                       ; Yes                       ;
; cram1_dq[6]             ; 1.8 V        ; 0 s                 ; 0 s                 ; 1.66 V                       ; 9.95e-08 V                   ; 1.68 V              ; -0.027 V            ; 0.12 V                               ; 0.148 V                              ; 1.07e-09 s                  ; 8.8e-10 s                   ; No                         ; No                         ; 1.66 V                      ; 9.95e-08 V                  ; 1.68 V             ; -0.027 V           ; 0.12 V                              ; 0.148 V                             ; 1.07e-09 s                 ; 8.8e-10 s                  ; No                        ; No                        ;
; cram1_dq[7]             ; 1.8 V        ; 0 s                 ; 0 s                 ; 1.66 V                       ; 9.95e-08 V                   ; 1.68 V              ; -0.0263 V           ; 0.12 V                               ; 0.147 V                              ; 1.07e-09 s                  ; 8.81e-10 s                  ; No                         ; No                         ; 1.66 V                      ; 9.95e-08 V                  ; 1.68 V             ; -0.0263 V          ; 0.12 V                              ; 0.147 V                             ; 1.07e-09 s                 ; 8.81e-10 s                 ; No                        ; No                        ;
; cram1_dq[8]             ; 1.8 V        ; 0 s                 ; 0 s                 ; 1.66 V                       ; 1.01e-07 V                   ; 1.68 V              ; -0.022 V            ; 0.154 V                              ; 0.183 V                              ; 1.11e-09 s                  ; 9.16e-10 s                  ; No                         ; No                         ; 1.66 V                      ; 1.01e-07 V                  ; 1.68 V             ; -0.022 V           ; 0.154 V                             ; 0.183 V                             ; 1.11e-09 s                 ; 9.16e-10 s                 ; No                        ; No                        ;
; cram1_dq[9]             ; 1.8 V        ; 0 s                 ; 0 s                 ; 1.66 V                       ; 9.95e-08 V                   ; 1.68 V              ; -0.0263 V           ; 0.12 V                               ; 0.147 V                              ; 1.07e-09 s                  ; 8.81e-10 s                  ; No                         ; No                         ; 1.66 V                      ; 9.95e-08 V                  ; 1.68 V             ; -0.0263 V          ; 0.12 V                              ; 0.147 V                             ; 1.07e-09 s                 ; 8.81e-10 s                 ; No                        ; No                        ;
; cram1_dq[10]            ; 1.8 V        ; 0 s                 ; 0 s                 ; 1.66 V                       ; 1.01e-07 V                   ; 1.68 V              ; -0.022 V            ; 0.154 V                              ; 0.183 V                              ; 1.11e-09 s                  ; 9.16e-10 s                  ; No                         ; No                         ; 1.66 V                      ; 1.01e-07 V                  ; 1.68 V             ; -0.022 V           ; 0.154 V                             ; 0.183 V                             ; 1.11e-09 s                 ; 9.16e-10 s                 ; No                        ; No                        ;
; cram1_dq[11]            ; 1.8 V        ; 0 s                 ; 0 s                 ; 1.66 V                       ; 9.95e-08 V                   ; 1.68 V              ; -0.0263 V           ; 0.12 V                               ; 0.147 V                              ; 1.07e-09 s                  ; 8.81e-10 s                  ; No                         ; No                         ; 1.66 V                      ; 9.95e-08 V                  ; 1.68 V             ; -0.0263 V          ; 0.12 V                              ; 0.147 V                             ; 1.07e-09 s                 ; 8.81e-10 s                 ; No                        ; No                        ;
; cram1_dq[12]            ; 1.8 V        ; 0 s                 ; 0 s                 ; 1.66 V                       ; 9.41e-08 V                   ; 1.66 V              ; -0.00334 V          ; 0.124 V                              ; 0.143 V                              ; 1.09e-09 s                  ; 9.01e-10 s                  ; Yes                        ; Yes                        ; 1.66 V                      ; 9.41e-08 V                  ; 1.66 V             ; -0.00334 V         ; 0.124 V                             ; 0.143 V                             ; 1.09e-09 s                 ; 9.01e-10 s                 ; Yes                       ; Yes                       ;
; cram1_dq[13]            ; 1.8 V        ; 0 s                 ; 0 s                 ; 1.66 V                       ; 9.95e-08 V                   ; 1.68 V              ; -0.027 V            ; 0.12 V                               ; 0.148 V                              ; 1.07e-09 s                  ; 8.8e-10 s                   ; No                         ; No                         ; 1.66 V                      ; 9.95e-08 V                  ; 1.68 V             ; -0.027 V           ; 0.12 V                              ; 0.148 V                             ; 1.07e-09 s                 ; 8.8e-10 s                  ; No                        ; No                        ;
; cram1_dq[14]            ; 1.8 V        ; 0 s                 ; 0 s                 ; 1.66 V                       ; 9.95e-08 V                   ; 1.68 V              ; -0.027 V            ; 0.12 V                               ; 0.148 V                              ; 1.07e-09 s                  ; 8.8e-10 s                   ; No                         ; No                         ; 1.66 V                      ; 9.95e-08 V                  ; 1.68 V             ; -0.027 V           ; 0.12 V                              ; 0.148 V                             ; 1.07e-09 s                 ; 8.8e-10 s                  ; No                        ; No                        ;
; cram1_dq[15]            ; 1.8 V        ; 0 s                 ; 0 s                 ; 1.66 V                       ; 9.95e-08 V                   ; 1.68 V              ; -0.027 V            ; 0.12 V                               ; 0.148 V                              ; 1.07e-09 s                  ; 8.8e-10 s                   ; No                         ; No                         ; 1.66 V                      ; 9.95e-08 V                  ; 1.68 V             ; -0.027 V           ; 0.12 V                              ; 0.148 V                             ; 1.07e-09 s                 ; 8.8e-10 s                  ; No                        ; No                        ;
; dram_dq[0]              ; 1.8 V        ; 0 s                 ; 0 s                 ; 1.66 V                       ; 1.01e-07 V                   ; 1.68 V              ; -0.022 V            ; 0.154 V                              ; 0.183 V                              ; 1.11e-09 s                  ; 9.16e-10 s                  ; No                         ; No                         ; 1.66 V                      ; 1.01e-07 V                  ; 1.68 V             ; -0.022 V           ; 0.154 V                             ; 0.183 V                             ; 1.11e-09 s                 ; 9.16e-10 s                 ; No                        ; No                        ;
; dram_dq[1]              ; 1.8 V        ; 0 s                 ; 0 s                 ; 1.66 V                       ; 9.41e-08 V                   ; 1.66 V              ; -0.00334 V          ; 0.124 V                              ; 0.143 V                              ; 1.09e-09 s                  ; 9.01e-10 s                  ; Yes                        ; Yes                        ; 1.66 V                      ; 9.41e-08 V                  ; 1.66 V             ; -0.00334 V         ; 0.124 V                             ; 0.143 V                             ; 1.09e-09 s                 ; 9.01e-10 s                 ; Yes                       ; Yes                       ;
; dram_dq[2]              ; 1.8 V        ; 0 s                 ; 0 s                 ; 1.66 V                       ; 9.95e-08 V                   ; 1.68 V              ; -0.0263 V           ; 0.12 V                               ; 0.147 V                              ; 1.07e-09 s                  ; 8.81e-10 s                  ; No                         ; No                         ; 1.66 V                      ; 9.95e-08 V                  ; 1.68 V             ; -0.0263 V          ; 0.12 V                              ; 0.147 V                             ; 1.07e-09 s                 ; 8.81e-10 s                 ; No                        ; No                        ;
; dram_dq[3]              ; 1.8 V        ; 0 s                 ; 0 s                 ; 1.66 V                       ; 9.95e-08 V                   ; 1.68 V              ; -0.0263 V           ; 0.12 V                               ; 0.147 V                              ; 1.07e-09 s                  ; 8.81e-10 s                  ; No                         ; No                         ; 1.66 V                      ; 9.95e-08 V                  ; 1.68 V             ; -0.0263 V          ; 0.12 V                              ; 0.147 V                             ; 1.07e-09 s                 ; 8.81e-10 s                 ; No                        ; No                        ;
; dram_dq[4]              ; 1.8 V        ; 0 s                 ; 0 s                 ; 1.66 V                       ; 9.95e-08 V                   ; 1.68 V              ; -0.027 V            ; 0.12 V                               ; 0.148 V                              ; 1.07e-09 s                  ; 8.8e-10 s                   ; No                         ; No                         ; 1.66 V                      ; 9.95e-08 V                  ; 1.68 V             ; -0.027 V           ; 0.12 V                              ; 0.148 V                             ; 1.07e-09 s                 ; 8.8e-10 s                  ; No                        ; No                        ;
; dram_dq[5]              ; 1.8 V        ; 0 s                 ; 0 s                 ; 1.66 V                       ; 9.95e-08 V                   ; 1.68 V              ; -0.0263 V           ; 0.12 V                               ; 0.147 V                              ; 1.07e-09 s                  ; 8.81e-10 s                  ; No                         ; No                         ; 1.66 V                      ; 9.95e-08 V                  ; 1.68 V             ; -0.0263 V          ; 0.12 V                              ; 0.147 V                             ; 1.07e-09 s                 ; 8.81e-10 s                 ; No                        ; No                        ;
; dram_dq[6]              ; 1.8 V        ; 0 s                 ; 0 s                 ; 1.66 V                       ; 9.95e-08 V                   ; 1.68 V              ; -0.027 V            ; 0.12 V                               ; 0.148 V                              ; 1.07e-09 s                  ; 8.8e-10 s                   ; No                         ; No                         ; 1.66 V                      ; 9.95e-08 V                  ; 1.68 V             ; -0.027 V           ; 0.12 V                              ; 0.148 V                             ; 1.07e-09 s                 ; 8.8e-10 s                  ; No                        ; No                        ;
; dram_dq[7]              ; 1.8 V        ; 0 s                 ; 0 s                 ; 1.66 V                       ; 9.95e-08 V                   ; 1.68 V              ; -0.027 V            ; 0.12 V                               ; 0.148 V                              ; 1.07e-09 s                  ; 8.8e-10 s                   ; No                         ; No                         ; 1.66 V                      ; 9.95e-08 V                  ; 1.68 V             ; -0.027 V           ; 0.12 V                              ; 0.148 V                             ; 1.07e-09 s                 ; 8.8e-10 s                  ; No                        ; No                        ;
; dram_dq[8]              ; 1.8 V        ; 0 s                 ; 0 s                 ; 1.66 V                       ; 9.41e-08 V                   ; 1.66 V              ; -0.00334 V          ; 0.124 V                              ; 0.143 V                              ; 1.09e-09 s                  ; 9.01e-10 s                  ; Yes                        ; Yes                        ; 1.66 V                      ; 9.41e-08 V                  ; 1.66 V             ; -0.00334 V         ; 0.124 V                             ; 0.143 V                             ; 1.09e-09 s                 ; 9.01e-10 s                 ; Yes                       ; Yes                       ;
; dram_dq[9]              ; 1.8 V        ; 0 s                 ; 0 s                 ; 1.66 V                       ; 9.95e-08 V                   ; 1.68 V              ; -0.0263 V           ; 0.12 V                               ; 0.147 V                              ; 1.07e-09 s                  ; 8.81e-10 s                  ; No                         ; No                         ; 1.66 V                      ; 9.95e-08 V                  ; 1.68 V             ; -0.0263 V          ; 0.12 V                              ; 0.147 V                             ; 1.07e-09 s                 ; 8.81e-10 s                 ; No                        ; No                        ;
; dram_dq[10]             ; 1.8 V        ; 0 s                 ; 0 s                 ; 1.66 V                       ; 9.95e-08 V                   ; 1.68 V              ; -0.027 V            ; 0.12 V                               ; 0.148 V                              ; 1.07e-09 s                  ; 8.8e-10 s                   ; No                         ; No                         ; 1.66 V                      ; 9.95e-08 V                  ; 1.68 V             ; -0.027 V           ; 0.12 V                              ; 0.148 V                             ; 1.07e-09 s                 ; 8.8e-10 s                  ; No                        ; No                        ;
; dram_dq[11]             ; 1.8 V        ; 0 s                 ; 0 s                 ; 1.66 V                       ; 9.41e-08 V                   ; 1.66 V              ; -0.00334 V          ; 0.124 V                              ; 0.143 V                              ; 1.09e-09 s                  ; 9.01e-10 s                  ; Yes                        ; Yes                        ; 1.66 V                      ; 9.41e-08 V                  ; 1.66 V             ; -0.00334 V         ; 0.124 V                             ; 0.143 V                             ; 1.09e-09 s                 ; 9.01e-10 s                 ; Yes                       ; Yes                       ;
; dram_dq[12]             ; 1.8 V        ; 0 s                 ; 0 s                 ; 1.66 V                       ; 1.01e-07 V                   ; 1.68 V              ; -0.022 V            ; 0.154 V                              ; 0.183 V                              ; 1.11e-09 s                  ; 9.16e-10 s                  ; No                         ; No                         ; 1.66 V                      ; 1.01e-07 V                  ; 1.68 V             ; -0.022 V           ; 0.154 V                             ; 0.183 V                             ; 1.11e-09 s                 ; 9.16e-10 s                 ; No                        ; No                        ;
; dram_dq[13]             ; 1.8 V        ; 0 s                 ; 0 s                 ; 1.66 V                       ; 9.95e-08 V                   ; 1.68 V              ; -0.0263 V           ; 0.12 V                               ; 0.147 V                              ; 1.07e-09 s                  ; 8.81e-10 s                  ; No                         ; No                         ; 1.66 V                      ; 9.95e-08 V                  ; 1.68 V             ; -0.0263 V          ; 0.12 V                              ; 0.147 V                             ; 1.07e-09 s                 ; 8.81e-10 s                 ; No                        ; No                        ;
; dram_dq[14]             ; 1.8 V        ; 0 s                 ; 0 s                 ; 1.66 V                       ; 9.95e-08 V                   ; 1.68 V              ; -0.0263 V           ; 0.12 V                               ; 0.147 V                              ; 1.07e-09 s                  ; 8.81e-10 s                  ; No                         ; No                         ; 1.66 V                      ; 9.95e-08 V                  ; 1.68 V             ; -0.0263 V          ; 0.12 V                              ; 0.147 V                             ; 1.07e-09 s                 ; 8.81e-10 s                 ; No                        ; No                        ;
; dram_dq[15]             ; 1.8 V        ; 0 s                 ; 0 s                 ; 1.66 V                       ; 1.01e-07 V                   ; 1.68 V              ; -0.022 V            ; 0.154 V                              ; 0.183 V                              ; 1.11e-09 s                  ; 9.16e-10 s                  ; No                         ; No                         ; 1.66 V                      ; 1.01e-07 V                  ; 1.68 V             ; -0.022 V           ; 0.154 V                             ; 0.183 V                             ; 1.11e-09 s                 ; 9.16e-10 s                 ; No                        ; No                        ;
; sram_dq[0]              ; 3.3-V LVCMOS ; 0 s                 ; 0 s                 ; 3.08 V                       ; 6.4e-08 V                    ; 3.11 V              ; -0.146 V            ; 0.178 V                              ; 0.375 V                              ; 4.68e-10 s                  ; 1.91e-10 s                  ; Yes                        ; No                         ; 3.08 V                      ; 6.4e-08 V                   ; 3.11 V             ; -0.146 V           ; 0.178 V                             ; 0.375 V                             ; 4.68e-10 s                 ; 1.91e-10 s                 ; Yes                       ; No                        ;
; sram_dq[1]              ; 3.3-V LVCMOS ; 0 s                 ; 0 s                 ; 3.08 V                       ; 4.85e-08 V                   ; 3.09 V              ; -0.11 V             ; 0.011 V                              ; 0.288 V                              ; 4.58e-10 s                  ; 1.8e-10 s                   ; Yes                        ; Yes                        ; 3.08 V                      ; 4.85e-08 V                  ; 3.09 V             ; -0.11 V            ; 0.011 V                             ; 0.288 V                             ; 4.58e-10 s                 ; 1.8e-10 s                  ; Yes                       ; Yes                       ;
; sram_dq[2]              ; 3.3-V LVCMOS ; 0 s                 ; 0 s                 ; 3.08 V                       ; 4.85e-08 V                   ; 3.09 V              ; -0.11 V             ; 0.011 V                              ; 0.288 V                              ; 4.58e-10 s                  ; 1.8e-10 s                   ; Yes                        ; Yes                        ; 3.08 V                      ; 4.85e-08 V                  ; 3.09 V             ; -0.11 V            ; 0.011 V                             ; 0.288 V                             ; 4.58e-10 s                 ; 1.8e-10 s                  ; Yes                       ; Yes                       ;
; sram_dq[3]              ; 3.3-V LVCMOS ; 0 s                 ; 0 s                 ; 3.08 V                       ; 4.85e-08 V                   ; 3.09 V              ; -0.11 V             ; 0.011 V                              ; 0.288 V                              ; 4.58e-10 s                  ; 1.8e-10 s                   ; Yes                        ; Yes                        ; 3.08 V                      ; 4.85e-08 V                  ; 3.09 V             ; -0.11 V            ; 0.011 V                             ; 0.288 V                             ; 4.58e-10 s                 ; 1.8e-10 s                  ; Yes                       ; Yes                       ;
; sram_dq[4]              ; 3.3-V LVCMOS ; 0 s                 ; 0 s                 ; 3.08 V                       ; 6.4e-08 V                    ; 3.11 V              ; -0.146 V            ; 0.178 V                              ; 0.375 V                              ; 4.68e-10 s                  ; 1.91e-10 s                  ; Yes                        ; No                         ; 3.08 V                      ; 6.4e-08 V                   ; 3.11 V             ; -0.146 V           ; 0.178 V                             ; 0.375 V                             ; 4.68e-10 s                 ; 1.91e-10 s                 ; Yes                       ; No                        ;
; sram_dq[5]              ; 3.3-V LVCMOS ; 0 s                 ; 0 s                 ; 3.08 V                       ; 4.85e-08 V                   ; 3.09 V              ; -0.11 V             ; 0.011 V                              ; 0.288 V                              ; 4.58e-10 s                  ; 1.8e-10 s                   ; Yes                        ; Yes                        ; 3.08 V                      ; 4.85e-08 V                  ; 3.09 V             ; -0.11 V            ; 0.011 V                             ; 0.288 V                             ; 4.58e-10 s                 ; 1.8e-10 s                  ; Yes                       ; Yes                       ;
; sram_dq[6]              ; 3.3-V LVCMOS ; 0 s                 ; 0 s                 ; 3.08 V                       ; 4.85e-08 V                   ; 3.09 V              ; -0.11 V             ; 0.011 V                              ; 0.288 V                              ; 4.58e-10 s                  ; 1.8e-10 s                   ; Yes                        ; Yes                        ; 3.08 V                      ; 4.85e-08 V                  ; 3.09 V             ; -0.11 V            ; 0.011 V                             ; 0.288 V                             ; 4.58e-10 s                 ; 1.8e-10 s                  ; Yes                       ; Yes                       ;
; sram_dq[7]              ; 3.3-V LVCMOS ; 0 s                 ; 0 s                 ; 3.08 V                       ; 6.13e-08 V                   ; 3.12 V              ; -0.197 V            ; 0.136 V                              ; 0.361 V                              ; 4.46e-10 s                  ; 1.67e-10 s                  ; Yes                        ; No                         ; 3.08 V                      ; 6.13e-08 V                  ; 3.12 V             ; -0.197 V           ; 0.136 V                             ; 0.361 V                             ; 4.46e-10 s                 ; 1.67e-10 s                 ; Yes                       ; No                        ;
; sram_dq[8]              ; 3.3-V LVCMOS ; 0 s                 ; 0 s                 ; 3.08 V                       ; 4.85e-08 V                   ; 3.09 V              ; -0.11 V             ; 0.011 V                              ; 0.288 V                              ; 4.58e-10 s                  ; 1.8e-10 s                   ; Yes                        ; Yes                        ; 3.08 V                      ; 4.85e-08 V                  ; 3.09 V             ; -0.11 V            ; 0.011 V                             ; 0.288 V                             ; 4.58e-10 s                 ; 1.8e-10 s                  ; Yes                       ; Yes                       ;
; sram_dq[9]              ; 3.3-V LVCMOS ; 0 s                 ; 0 s                 ; 3.08 V                       ; 6.13e-08 V                   ; 3.12 V              ; -0.199 V            ; 0.137 V                              ; 0.359 V                              ; 4.46e-10 s                  ; 1.67e-10 s                  ; Yes                        ; No                         ; 3.08 V                      ; 6.13e-08 V                  ; 3.12 V             ; -0.199 V           ; 0.137 V                             ; 0.359 V                             ; 4.46e-10 s                 ; 1.67e-10 s                 ; Yes                       ; No                        ;
; sram_dq[10]             ; 3.3-V LVCMOS ; 0 s                 ; 0 s                 ; 3.08 V                       ; 6.4e-08 V                    ; 3.11 V              ; -0.146 V            ; 0.178 V                              ; 0.375 V                              ; 4.68e-10 s                  ; 1.91e-10 s                  ; Yes                        ; No                         ; 3.08 V                      ; 6.4e-08 V                   ; 3.11 V             ; -0.146 V           ; 0.178 V                             ; 0.375 V                             ; 4.68e-10 s                 ; 1.91e-10 s                 ; Yes                       ; No                        ;
; sram_dq[11]             ; 3.3-V LVCMOS ; 0 s                 ; 0 s                 ; 3.08 V                       ; 4.85e-08 V                   ; 3.09 V              ; -0.11 V             ; 0.011 V                              ; 0.288 V                              ; 4.58e-10 s                  ; 1.8e-10 s                   ; Yes                        ; Yes                        ; 3.08 V                      ; 4.85e-08 V                  ; 3.09 V             ; -0.11 V            ; 0.011 V                             ; 0.288 V                             ; 4.58e-10 s                 ; 1.8e-10 s                  ; Yes                       ; Yes                       ;
; sram_dq[12]             ; 3.3-V LVCMOS ; 0 s                 ; 0 s                 ; 3.08 V                       ; 6.4e-08 V                    ; 3.11 V              ; -0.146 V            ; 0.178 V                              ; 0.375 V                              ; 4.68e-10 s                  ; 1.91e-10 s                  ; Yes                        ; No                         ; 3.08 V                      ; 6.4e-08 V                   ; 3.11 V             ; -0.146 V           ; 0.178 V                             ; 0.375 V                             ; 4.68e-10 s                 ; 1.91e-10 s                 ; Yes                       ; No                        ;
; sram_dq[13]             ; 3.3-V LVCMOS ; 0 s                 ; 0 s                 ; 3.08 V                       ; 4.85e-08 V                   ; 3.09 V              ; -0.11 V             ; 0.011 V                              ; 0.288 V                              ; 4.58e-10 s                  ; 1.8e-10 s                   ; Yes                        ; Yes                        ; 3.08 V                      ; 4.85e-08 V                  ; 3.09 V             ; -0.11 V            ; 0.011 V                             ; 0.288 V                             ; 4.58e-10 s                 ; 1.8e-10 s                  ; Yes                       ; Yes                       ;
; sram_dq[14]             ; 3.3-V LVCMOS ; 0 s                 ; 0 s                 ; 3.08 V                       ; 6.4e-08 V                    ; 3.11 V              ; -0.146 V            ; 0.178 V                              ; 0.375 V                              ; 4.68e-10 s                  ; 1.91e-10 s                  ; Yes                        ; No                         ; 3.08 V                      ; 6.4e-08 V                   ; 3.11 V             ; -0.146 V           ; 0.178 V                             ; 0.375 V                             ; 4.68e-10 s                 ; 1.91e-10 s                 ; Yes                       ; No                        ;
; sram_dq[15]             ; 3.3-V LVCMOS ; 0 s                 ; 0 s                 ; 3.08 V                       ; 6.4e-08 V                    ; 3.11 V              ; -0.146 V            ; 0.178 V                              ; 0.375 V                              ; 4.68e-10 s                  ; 1.91e-10 s                  ; Yes                        ; No                         ; 3.08 V                      ; 6.4e-08 V                   ; 3.11 V             ; -0.146 V           ; 0.178 V                             ; 0.375 V                             ; 4.68e-10 s                 ; 1.91e-10 s                 ; Yes                       ; No                        ;
; bist                    ; 3.3-V LVCMOS ; 0 s                 ; 0 s                 ; 3.08 V                       ; 6.4e-08 V                    ; 3.11 V              ; -0.146 V            ; 0.178 V                              ; 0.375 V                              ; 4.68e-10 s                  ; 1.91e-10 s                  ; Yes                        ; No                         ; 3.08 V                      ; 6.4e-08 V                   ; 3.11 V             ; -0.146 V           ; 0.178 V                             ; 0.375 V                             ; 4.68e-10 s                 ; 1.91e-10 s                 ; Yes                       ; No                        ;
; aux_sda                 ; 1.8 V        ; 0 s                 ; 0 s                 ; 1.66 V                       ; 9.41e-08 V                   ; 1.66 V              ; -0.00334 V          ; 0.124 V                              ; 0.143 V                              ; 1.09e-09 s                  ; 9.01e-10 s                  ; Yes                        ; Yes                        ; 1.66 V                      ; 9.41e-08 V                  ; 1.66 V             ; -0.00334 V         ; 0.124 V                             ; 0.143 V                             ; 1.09e-09 s                 ; 9.01e-10 s                 ; Yes                       ; Yes                       ;
; altera_reserved_tdo     ; 2.5 V        ; 0 s                 ; 0 s                 ; 2.32 V                       ; 6.09e-08 V                   ; 2.39 V              ; -0.048 V            ; 0.168 V                              ; 0.119 V                              ; 4.62e-10 s                  ; 4.45e-10 s                  ; No                         ; Yes                        ; 2.32 V                      ; 6.09e-08 V                  ; 2.39 V             ; -0.048 V           ; 0.168 V                             ; 0.119 V                             ; 4.62e-10 s                 ; 4.45e-10 s                 ; No                        ; Yes                       ;
+-------------------------+--------------+---------------------+---------------------+------------------------------+------------------------------+---------------------+---------------------+--------------------------------------+--------------------------------------+-----------------------------+-----------------------------+----------------------------+----------------------------+-----------------------------+-----------------------------+--------------------+--------------------+-------------------------------------+-------------------------------------+----------------------------+----------------------------+---------------------------+---------------------------+


+------------------------------------------------------------------------------------------------------------------------------------------------------------------------------------------------------------------------------------------------------------------------------------------------------------------------------------------------------------------------------------------------------------------------------------------------------------------------------------------------------------------------------------------------------------------------------------------------------------------------------------------------------------------------------------------------------+
; Signal Integrity Metrics (Slow 1100mv 85c Model)                                                                                                                                                                                                                                                                                                                                                                                                                                                                                                                                                                                                                                                     ;
+-------------------------+--------------+---------------------+---------------------+------------------------------+------------------------------+---------------------+---------------------+--------------------------------------+--------------------------------------+-----------------------------+-----------------------------+----------------------------+----------------------------+-----------------------------+-----------------------------+--------------------+--------------------+-------------------------------------+-------------------------------------+----------------------------+----------------------------+---------------------------+---------------------------+
; Pin                     ; I/O Standard ; Board Delay on Rise ; Board Delay on Fall ; Steady State Voh at FPGA Pin ; Steady State Vol at FPGA Pin ; Voh Max at FPGA Pin ; Vol Min at FPGA Pin ; Ringback Voltage on Rise at FPGA Pin ; Ringback Voltage on Fall at FPGA Pin ; 10-90 Rise Time at FPGA Pin ; 90-10 Fall Time at FPGA Pin ; Monotonic Rise at FPGA Pin ; Monotonic Fall at FPGA Pin ; Steady State Voh at Far-end ; Steady State Vol at Far-end ; Voh Max at Far-end ; Vol Min at Far-end ; Ringback Voltage on Rise at Far-end ; Ringback Voltage on Fall at Far-end ; 10-90 Rise Time at Far-end ; 90-10 Fall Time at Far-end ; Monotonic Rise at Far-end ; Monotonic Fall at Far-end ;
+-------------------------+--------------+---------------------+---------------------+------------------------------+------------------------------+---------------------+---------------------+--------------------------------------+--------------------------------------+-----------------------------+-----------------------------+----------------------------+----------------------------+-----------------------------+-----------------------------+--------------------+--------------------+-------------------------------------+-------------------------------------+----------------------------+----------------------------+---------------------------+---------------------------+
; cart_tran_bank2_dir     ; 3.3-V LVCMOS ; 0 s                 ; 0 s                 ; 3.08 V                       ; 8.03e-06 V                   ; 3.12 V              ; -0.0954 V           ; 0.11 V                               ; 0.13 V                               ; 5.67e-10 s                  ; 3.16e-10 s                  ; Yes                        ; Yes                        ; 3.08 V                      ; 8.03e-06 V                  ; 3.12 V             ; -0.0954 V          ; 0.11 V                              ; 0.13 V                              ; 5.67e-10 s                 ; 3.16e-10 s                 ; Yes                       ; Yes                       ;
; cart_tran_bank3_dir     ; 3.3-V LVCMOS ; 0 s                 ; 0 s                 ; 3.08 V                       ; 8.03e-06 V                   ; 3.12 V              ; -0.0981 V           ; 0.11 V                               ; 0.132 V                              ; 5.67e-10 s                  ; 3.15e-10 s                  ; Yes                        ; Yes                        ; 3.08 V                      ; 8.03e-06 V                  ; 3.12 V             ; -0.0981 V          ; 0.11 V                              ; 0.132 V                             ; 5.67e-10 s                 ; 3.15e-10 s                 ; Yes                       ; Yes                       ;
; cart_tran_bank1_dir     ; 3.3-V LVCMOS ; 0 s                 ; 0 s                 ; 3.08 V                       ; 8.03e-06 V                   ; 3.12 V              ; -0.0981 V           ; 0.11 V                               ; 0.132 V                              ; 5.67e-10 s                  ; 3.15e-10 s                  ; Yes                        ; Yes                        ; 3.08 V                      ; 8.03e-06 V                  ; 3.12 V             ; -0.0981 V          ; 0.11 V                              ; 0.132 V                             ; 5.67e-10 s                 ; 3.15e-10 s                 ; Yes                       ; Yes                       ;
; cart_tran_bank0_dir     ; 3.3-V LVCMOS ; 0 s                 ; 0 s                 ; 3.08 V                       ; 8.03e-06 V                   ; 3.12 V              ; -0.0954 V           ; 0.11 V                               ; 0.13 V                               ; 5.67e-10 s                  ; 3.16e-10 s                  ; Yes                        ; Yes                        ; 3.08 V                      ; 8.03e-06 V                  ; 3.12 V             ; -0.0954 V          ; 0.11 V                              ; 0.13 V                              ; 5.67e-10 s                 ; 3.16e-10 s                 ; Yes                       ; Yes                       ;
; cart_tran_pin30_dir     ; 3.3-V LVCMOS ; 0 s                 ; 0 s                 ; 3.08 V                       ; 8.03e-06 V                   ; 3.12 V              ; -0.0981 V           ; 0.11 V                               ; 0.132 V                              ; 5.67e-10 s                  ; 3.15e-10 s                  ; Yes                        ; Yes                        ; 3.08 V                      ; 8.03e-06 V                  ; 3.12 V             ; -0.0981 V          ; 0.11 V                              ; 0.132 V                             ; 5.67e-10 s                 ; 3.15e-10 s                 ; Yes                       ; Yes                       ;
; cart_pin30_pwroff_reset ; 1.8 V        ; 0 s                 ; 0 s                 ; 1.66 V                       ; 1.6e-05 V                    ; 1.66 V              ; -0.00136 V          ; 0.037 V                              ; 0.079 V                              ; 1.26e-09 s                  ; 1.11e-09 s                  ; Yes                        ; Yes                        ; 1.66 V                      ; 1.6e-05 V                   ; 1.66 V             ; -0.00136 V         ; 0.037 V                             ; 0.079 V                             ; 1.26e-09 s                 ; 1.11e-09 s                 ; Yes                       ; Yes                       ;
; cart_tran_pin31_dir     ; 3.3-V LVCMOS ; 0 s                 ; 0 s                 ; 3.08 V                       ; 8.03e-06 V                   ; 3.12 V              ; -0.0954 V           ; 0.11 V                               ; 0.13 V                               ; 5.67e-10 s                  ; 3.16e-10 s                  ; Yes                        ; Yes                        ; 3.08 V                      ; 8.03e-06 V                  ; 3.12 V             ; -0.0954 V          ; 0.11 V                              ; 0.13 V                              ; 5.67e-10 s                 ; 3.16e-10 s                 ; Yes                       ; Yes                       ;
; port_ir_tx              ; 1.8 V        ; 0 s                 ; 0 s                 ; 1.66 V                       ; 1.68e-05 V                   ; 1.67 V              ; -0.0137 V           ; 0.133 V                              ; 0.173 V                              ; 1.31e-09 s                  ; 1.13e-09 s                  ; No                         ; No                         ; 1.66 V                      ; 1.68e-05 V                  ; 1.67 V             ; -0.0137 V          ; 0.133 V                             ; 0.173 V                             ; 1.31e-09 s                 ; 1.13e-09 s                 ; No                        ; No                        ;
; port_ir_rx_disable      ; 1.8 V        ; 0 s                 ; 0 s                 ; 1.66 V                       ; 1.6e-05 V                    ; 1.66 V              ; -0.00136 V          ; 0.037 V                              ; 0.079 V                              ; 1.26e-09 s                  ; 1.11e-09 s                  ; Yes                        ; Yes                        ; 1.66 V                      ; 1.6e-05 V                   ; 1.66 V             ; -0.00136 V         ; 0.037 V                             ; 0.079 V                             ; 1.26e-09 s                 ; 1.11e-09 s                 ; Yes                       ; Yes                       ;
; port_tran_si_dir        ; 3.3-V LVCMOS ; 0 s                 ; 0 s                 ; 3.08 V                       ; 6.64e-06 V                   ; 3.09 V              ; -0.0421 V           ; 0.049 V                              ; 0.079 V                              ; 5.57e-10 s                  ; 3.05e-10 s                  ; Yes                        ; Yes                        ; 3.08 V                      ; 6.64e-06 V                  ; 3.09 V             ; -0.0421 V          ; 0.049 V                             ; 0.079 V                             ; 5.57e-10 s                 ; 3.05e-10 s                 ; Yes                       ; Yes                       ;
; port_tran_so_dir        ; 3.3-V LVCMOS ; 0 s                 ; 0 s                 ; 3.08 V                       ; 8.33e-06 V                   ; 3.11 V              ; -0.074 V            ; 0.14 V                               ; 0.128 V                              ; 5.98e-10 s                  ; 3.2e-10 s                   ; Yes                        ; Yes                        ; 3.08 V                      ; 8.33e-06 V                  ; 3.11 V             ; -0.074 V           ; 0.14 V                              ; 0.128 V                             ; 5.98e-10 s                 ; 3.2e-10 s                  ; Yes                       ; Yes                       ;
; port_tran_sck_dir       ; 3.3-V LVCMOS ; 0 s                 ; 0 s                 ; 3.08 V                       ; 8.03e-06 V                   ; 3.12 V              ; -0.0981 V           ; 0.11 V                               ; 0.132 V                              ; 5.67e-10 s                  ; 3.15e-10 s                  ; Yes                        ; Yes                        ; 3.08 V                      ; 8.03e-06 V                  ; 3.12 V             ; -0.0981 V          ; 0.11 V                              ; 0.132 V                             ; 5.67e-10 s                 ; 3.15e-10 s                 ; Yes                       ; Yes                       ;
; port_tran_sd_dir        ; 3.3-V LVCMOS ; 0 s                 ; 0 s                 ; 3.08 V                       ; 6.64e-06 V                   ; 3.09 V              ; -0.0421 V           ; 0.049 V                              ; 0.079 V                              ; 5.57e-10 s                  ; 3.05e-10 s                  ; Yes                        ; Yes                        ; 3.08 V                      ; 6.64e-06 V                  ; 3.09 V             ; -0.0421 V          ; 0.049 V                             ; 0.079 V                             ; 5.57e-10 s                 ; 3.05e-10 s                 ; Yes                       ; Yes                       ;
; scal_audmclk            ; 1.8 V        ; 0 s                 ; 0 s                 ; 1.66 V                       ; 8.91e-06 V                   ; 1.69 V              ; -0.0449 V           ; 0.193 V                              ; 0.187 V                              ; 5.3e-10 s                   ; 4.85e-10 s                  ; No                         ; No                         ; 1.66 V                      ; 8.91e-06 V                  ; 1.69 V             ; -0.0449 V          ; 0.193 V                             ; 0.187 V                             ; 5.3e-10 s                  ; 4.85e-10 s                 ; No                        ; No                        ;
; scal_auddac             ; 1.8 V        ; 0 s                 ; 0 s                 ; 1.66 V                       ; 8.21e-06 V                   ; 1.67 V              ; -0.0107 V           ; 0.086 V                              ; 0.076 V                              ; 6.44e-10 s                  ; 6.17e-10 s                  ; Yes                        ; No                         ; 1.66 V                      ; 8.21e-06 V                  ; 1.67 V             ; -0.0107 V          ; 0.086 V                             ; 0.076 V                             ; 6.44e-10 s                 ; 6.17e-10 s                 ; Yes                       ; No                        ;
; scal_audlrck            ; 1.8 V        ; 0 s                 ; 0 s                 ; 1.66 V                       ; 9.05e-06 V                   ; 1.69 V              ; -0.0378 V           ; 0.116 V                              ; 0.114 V                              ; 6.66e-10 s                  ; 6.52e-10 s                  ; No                         ; No                         ; 1.66 V                      ; 9.05e-06 V                  ; 1.69 V             ; -0.0378 V          ; 0.116 V                             ; 0.114 V                             ; 6.66e-10 s                 ; 6.52e-10 s                 ; No                        ; No                        ;
; cram0_a[16]             ; 1.8 V        ; 0 s                 ; 0 s                 ; 1.66 V                       ; 1.6e-05 V                    ; 1.66 V              ; -0.00136 V          ; 0.037 V                              ; 0.079 V                              ; 1.26e-09 s                  ; 1.11e-09 s                  ; Yes                        ; Yes                        ; 1.66 V                      ; 1.6e-05 V                   ; 1.66 V             ; -0.00136 V         ; 0.037 V                             ; 0.079 V                             ; 1.26e-09 s                 ; 1.11e-09 s                 ; Yes                       ; Yes                       ;
; cram0_a[17]             ; 1.8 V        ; 0 s                 ; 0 s                 ; 1.66 V                       ; 1.67e-05 V                   ; 1.67 V              ; -0.018 V            ; 0.166 V                              ; 0.139 V                              ; 1.13e-09 s                  ; 1.09e-09 s                  ; No                         ; No                         ; 1.66 V                      ; 1.67e-05 V                  ; 1.67 V             ; -0.018 V           ; 0.166 V                             ; 0.139 V                             ; 1.13e-09 s                 ; 1.09e-09 s                 ; No                        ; No                        ;
; cram0_a[18]             ; 1.8 V        ; 0 s                 ; 0 s                 ; 1.66 V                       ; 1.67e-05 V                   ; 1.67 V              ; -0.018 V            ; 0.166 V                              ; 0.139 V                              ; 1.13e-09 s                  ; 1.09e-09 s                  ; No                         ; No                         ; 1.66 V                      ; 1.67e-05 V                  ; 1.67 V             ; -0.018 V           ; 0.166 V                             ; 0.139 V                             ; 1.13e-09 s                 ; 1.09e-09 s                 ; No                        ; No                        ;
; cram0_a[19]             ; 1.8 V        ; 0 s                 ; 0 s                 ; 1.66 V                       ; 1.67e-05 V                   ; 1.67 V              ; -0.0179 V           ; 0.166 V                              ; 0.139 V                              ; 1.13e-09 s                  ; 1.09e-09 s                  ; No                         ; No                         ; 1.66 V                      ; 1.67e-05 V                  ; 1.67 V             ; -0.0179 V          ; 0.166 V                             ; 0.139 V                             ; 1.13e-09 s                 ; 1.09e-09 s                 ; No                        ; No                        ;
; cram0_a[20]             ; 1.8 V        ; 0 s                 ; 0 s                 ; 1.66 V                       ; 1.6e-05 V                    ; 1.66 V              ; -0.00136 V          ; 0.037 V                              ; 0.079 V                              ; 1.26e-09 s                  ; 1.11e-09 s                  ; Yes                        ; Yes                        ; 1.66 V                      ; 1.6e-05 V                   ; 1.66 V             ; -0.00136 V         ; 0.037 V                             ; 0.079 V                             ; 1.26e-09 s                 ; 1.11e-09 s                 ; Yes                       ; Yes                       ;
; cram0_a[21]             ; 1.8 V        ; 0 s                 ; 0 s                 ; 1.66 V                       ; 1.67e-05 V                   ; 1.67 V              ; -0.018 V            ; 0.166 V                              ; 0.139 V                              ; 1.13e-09 s                  ; 1.09e-09 s                  ; No                         ; No                         ; 1.66 V                      ; 1.67e-05 V                  ; 1.67 V             ; -0.018 V           ; 0.166 V                             ; 0.139 V                             ; 1.13e-09 s                 ; 1.09e-09 s                 ; No                        ; No                        ;
; cram0_clk               ; 1.8 V        ; 0 s                 ; 0 s                 ; 1.66 V                       ; 9.05e-06 V                   ; 1.69 V              ; -0.0378 V           ; 0.116 V                              ; 0.114 V                              ; 6.66e-10 s                  ; 6.52e-10 s                  ; No                         ; No                         ; 1.66 V                      ; 9.05e-06 V                  ; 1.69 V             ; -0.0378 V          ; 0.116 V                             ; 0.114 V                             ; 6.66e-10 s                 ; 6.52e-10 s                 ; No                        ; No                        ;
; cram0_adv_n             ; 1.8 V        ; 0 s                 ; 0 s                 ; 1.66 V                       ; 1.6e-05 V                    ; 1.66 V              ; -0.00136 V          ; 0.037 V                              ; 0.079 V                              ; 1.26e-09 s                  ; 1.11e-09 s                  ; Yes                        ; Yes                        ; 1.66 V                      ; 1.6e-05 V                   ; 1.66 V             ; -0.00136 V         ; 0.037 V                             ; 0.079 V                             ; 1.26e-09 s                 ; 1.11e-09 s                 ; Yes                       ; Yes                       ;
; cram0_cre               ; 1.8 V        ; 0 s                 ; 0 s                 ; 1.66 V                       ; 1.67e-05 V                   ; 1.67 V              ; -0.018 V            ; 0.166 V                              ; 0.139 V                              ; 1.13e-09 s                  ; 1.09e-09 s                  ; No                         ; No                         ; 1.66 V                      ; 1.67e-05 V                  ; 1.67 V             ; -0.018 V           ; 0.166 V                             ; 0.139 V                             ; 1.13e-09 s                 ; 1.09e-09 s                 ; No                        ; No                        ;
; cram0_ce0_n             ; 1.8 V        ; 0 s                 ; 0 s                 ; 1.66 V                       ; 1.67e-05 V                   ; 1.67 V              ; -0.0179 V           ; 0.166 V                              ; 0.139 V                              ; 1.13e-09 s                  ; 1.09e-09 s                  ; No                         ; No                         ; 1.66 V                      ; 1.67e-05 V                  ; 1.67 V             ; -0.0179 V          ; 0.166 V                             ; 0.139 V                             ; 1.13e-09 s                 ; 1.09e-09 s                 ; No                        ; No                        ;
; cram0_ce1_n             ; 1.8 V        ; 0 s                 ; 0 s                 ; 1.66 V                       ; 1.68e-05 V                   ; 1.67 V              ; -0.0137 V           ; 0.133 V                              ; 0.173 V                              ; 1.31e-09 s                  ; 1.13e-09 s                  ; No                         ; No                         ; 1.66 V                      ; 1.68e-05 V                  ; 1.67 V             ; -0.0137 V          ; 0.133 V                             ; 0.173 V                             ; 1.31e-09 s                 ; 1.13e-09 s                 ; No                        ; No                        ;
; cram0_oe_n              ; 1.8 V        ; 0 s                 ; 0 s                 ; 1.66 V                       ; 1.67e-05 V                   ; 1.67 V              ; -0.0179 V           ; 0.166 V                              ; 0.139 V                              ; 1.13e-09 s                  ; 1.09e-09 s                  ; No                         ; No                         ; 1.66 V                      ; 1.67e-05 V                  ; 1.67 V             ; -0.0179 V          ; 0.166 V                             ; 0.139 V                             ; 1.13e-09 s                 ; 1.09e-09 s                 ; No                        ; No                        ;
; cram0_we_n              ; 1.8 V        ; 0 s                 ; 0 s                 ; 1.66 V                       ; 1.67e-05 V                   ; 1.67 V              ; -0.0179 V           ; 0.166 V                              ; 0.139 V                              ; 1.13e-09 s                  ; 1.09e-09 s                  ; No                         ; No                         ; 1.66 V                      ; 1.67e-05 V                  ; 1.67 V             ; -0.0179 V          ; 0.166 V                             ; 0.139 V                             ; 1.13e-09 s                 ; 1.09e-09 s                 ; No                        ; No                        ;
; cram0_ub_n              ; 1.8 V        ; 0 s                 ; 0 s                 ; 1.66 V                       ; 1.6e-05 V                    ; 1.66 V              ; -0.00136 V          ; 0.037 V                              ; 0.079 V                              ; 1.26e-09 s                  ; 1.11e-09 s                  ; Yes                        ; Yes                        ; 1.66 V                      ; 1.6e-05 V                   ; 1.66 V             ; -0.00136 V         ; 0.037 V                             ; 0.079 V                             ; 1.26e-09 s                 ; 1.11e-09 s                 ; Yes                       ; Yes                       ;
; cram0_lb_n              ; 1.8 V        ; 0 s                 ; 0 s                 ; 1.66 V                       ; 1.67e-05 V                   ; 1.67 V              ; -0.018 V            ; 0.166 V                              ; 0.139 V                              ; 1.13e-09 s                  ; 1.09e-09 s                  ; No                         ; No                         ; 1.66 V                      ; 1.67e-05 V                  ; 1.67 V             ; -0.018 V           ; 0.166 V                             ; 0.139 V                             ; 1.13e-09 s                 ; 1.09e-09 s                 ; No                        ; No                        ;
; cram1_a[16]             ; 1.8 V        ; 0 s                 ; 0 s                 ; 1.66 V                       ; 1.68e-05 V                   ; 1.67 V              ; -0.0137 V           ; 0.133 V                              ; 0.173 V                              ; 1.31e-09 s                  ; 1.13e-09 s                  ; No                         ; No                         ; 1.66 V                      ; 1.68e-05 V                  ; 1.67 V             ; -0.0137 V          ; 0.133 V                             ; 0.173 V                             ; 1.31e-09 s                 ; 1.13e-09 s                 ; No                        ; No                        ;
; cram1_a[17]             ; 1.8 V        ; 0 s                 ; 0 s                 ; 1.66 V                       ; 1.6e-05 V                    ; 1.66 V              ; -0.00136 V          ; 0.037 V                              ; 0.079 V                              ; 1.26e-09 s                  ; 1.11e-09 s                  ; Yes                        ; Yes                        ; 1.66 V                      ; 1.6e-05 V                   ; 1.66 V             ; -0.00136 V         ; 0.037 V                             ; 0.079 V                             ; 1.26e-09 s                 ; 1.11e-09 s                 ; Yes                       ; Yes                       ;
; cram1_a[18]             ; 1.8 V        ; 0 s                 ; 0 s                 ; 1.66 V                       ; 1.67e-05 V                   ; 1.67 V              ; -0.0179 V           ; 0.166 V                              ; 0.139 V                              ; 1.13e-09 s                  ; 1.09e-09 s                  ; No                         ; No                         ; 1.66 V                      ; 1.67e-05 V                  ; 1.67 V             ; -0.0179 V          ; 0.166 V                             ; 0.139 V                             ; 1.13e-09 s                 ; 1.09e-09 s                 ; No                        ; No                        ;
; cram1_a[19]             ; 1.8 V        ; 0 s                 ; 0 s                 ; 1.66 V                       ; 1.67e-05 V                   ; 1.67 V              ; -0.018 V            ; 0.166 V                              ; 0.139 V                              ; 1.13e-09 s                  ; 1.09e-09 s                  ; No                         ; No                         ; 1.66 V                      ; 1.67e-05 V                  ; 1.67 V             ; -0.018 V           ; 0.166 V                             ; 0.139 V                             ; 1.13e-09 s                 ; 1.09e-09 s                 ; No                        ; No                        ;
; cram1_a[20]             ; 1.8 V        ; 0 s                 ; 0 s                 ; 1.66 V                       ; 1.67e-05 V                   ; 1.67 V              ; -0.018 V            ; 0.166 V                              ; 0.139 V                              ; 1.13e-09 s                  ; 1.09e-09 s                  ; No                         ; No                         ; 1.66 V                      ; 1.67e-05 V                  ; 1.67 V             ; -0.018 V           ; 0.166 V                             ; 0.139 V                             ; 1.13e-09 s                 ; 1.09e-09 s                 ; No                        ; No                        ;
; cram1_a[21]             ; 1.8 V        ; 0 s                 ; 0 s                 ; 1.66 V                       ; 1.68e-05 V                   ; 1.67 V              ; -0.0137 V           ; 0.133 V                              ; 0.173 V                              ; 1.31e-09 s                  ; 1.13e-09 s                  ; No                         ; No                         ; 1.66 V                      ; 1.68e-05 V                  ; 1.67 V             ; -0.0137 V          ; 0.133 V                             ; 0.173 V                             ; 1.31e-09 s                 ; 1.13e-09 s                 ; No                        ; No                        ;
; cram1_clk               ; 1.8 V        ; 0 s                 ; 0 s                 ; 1.66 V                       ; 8.21e-06 V                   ; 1.67 V              ; -0.0107 V           ; 0.086 V                              ; 0.076 V                              ; 6.44e-10 s                  ; 6.17e-10 s                  ; Yes                        ; No                         ; 1.66 V                      ; 8.21e-06 V                  ; 1.67 V             ; -0.0107 V          ; 0.086 V                             ; 0.076 V                             ; 6.44e-10 s                 ; 6.17e-10 s                 ; Yes                       ; No                        ;
; cram1_adv_n             ; 1.8 V        ; 0 s                 ; 0 s                 ; 1.66 V                       ; 1.67e-05 V                   ; 1.67 V              ; -0.018 V            ; 0.166 V                              ; 0.139 V                              ; 1.13e-09 s                  ; 1.09e-09 s                  ; No                         ; No                         ; 1.66 V                      ; 1.67e-05 V                  ; 1.67 V             ; -0.018 V           ; 0.166 V                             ; 0.139 V                             ; 1.13e-09 s                 ; 1.09e-09 s                 ; No                        ; No                        ;
; cram1_cre               ; 1.8 V        ; 0 s                 ; 0 s                 ; 1.66 V                       ; 1.6e-05 V                    ; 1.66 V              ; -0.00136 V          ; 0.037 V                              ; 0.079 V                              ; 1.26e-09 s                  ; 1.11e-09 s                  ; Yes                        ; Yes                        ; 1.66 V                      ; 1.6e-05 V                   ; 1.66 V             ; -0.00136 V         ; 0.037 V                             ; 0.079 V                             ; 1.26e-09 s                 ; 1.11e-09 s                 ; Yes                       ; Yes                       ;
; cram1_ce0_n             ; 1.8 V        ; 0 s                 ; 0 s                 ; 1.66 V                       ; 1.67e-05 V                   ; 1.67 V              ; -0.018 V            ; 0.166 V                              ; 0.139 V                              ; 1.13e-09 s                  ; 1.09e-09 s                  ; No                         ; No                         ; 1.66 V                      ; 1.67e-05 V                  ; 1.67 V             ; -0.018 V           ; 0.166 V                             ; 0.139 V                             ; 1.13e-09 s                 ; 1.09e-09 s                 ; No                        ; No                        ;
; cram1_ce1_n             ; 1.8 V        ; 0 s                 ; 0 s                 ; 1.66 V                       ; 1.68e-05 V                   ; 1.67 V              ; -0.0137 V           ; 0.133 V                              ; 0.173 V                              ; 1.31e-09 s                  ; 1.13e-09 s                  ; No                         ; No                         ; 1.66 V                      ; 1.68e-05 V                  ; 1.67 V             ; -0.0137 V          ; 0.133 V                             ; 0.173 V                             ; 1.31e-09 s                 ; 1.13e-09 s                 ; No                        ; No                        ;
; cram1_oe_n              ; 1.8 V        ; 0 s                 ; 0 s                 ; 1.66 V                       ; 1.68e-05 V                   ; 1.67 V              ; -0.0137 V           ; 0.133 V                              ; 0.173 V                              ; 1.31e-09 s                  ; 1.13e-09 s                  ; No                         ; No                         ; 1.66 V                      ; 1.68e-05 V                  ; 1.67 V             ; -0.0137 V          ; 0.133 V                             ; 0.173 V                             ; 1.31e-09 s                 ; 1.13e-09 s                 ; No                        ; No                        ;
; cram1_we_n              ; 1.8 V        ; 0 s                 ; 0 s                 ; 1.66 V                       ; 1.67e-05 V                   ; 1.67 V              ; -0.0179 V           ; 0.166 V                              ; 0.139 V                              ; 1.13e-09 s                  ; 1.09e-09 s                  ; No                         ; No                         ; 1.66 V                      ; 1.67e-05 V                  ; 1.67 V             ; -0.0179 V          ; 0.166 V                             ; 0.139 V                             ; 1.13e-09 s                 ; 1.09e-09 s                 ; No                        ; No                        ;
; cram1_ub_n              ; 1.8 V        ; 0 s                 ; 0 s                 ; 1.66 V                       ; 1.6e-05 V                    ; 1.66 V              ; -0.00136 V          ; 0.037 V                              ; 0.079 V                              ; 1.26e-09 s                  ; 1.11e-09 s                  ; Yes                        ; Yes                        ; 1.66 V                      ; 1.6e-05 V                   ; 1.66 V             ; -0.00136 V         ; 0.037 V                             ; 0.079 V                             ; 1.26e-09 s                 ; 1.11e-09 s                 ; Yes                       ; Yes                       ;
; cram1_lb_n              ; 1.8 V        ; 0 s                 ; 0 s                 ; 1.66 V                       ; 1.67e-05 V                   ; 1.67 V              ; -0.0179 V           ; 0.166 V                              ; 0.139 V                              ; 1.13e-09 s                  ; 1.09e-09 s                  ; No                         ; No                         ; 1.66 V                      ; 1.67e-05 V                  ; 1.67 V             ; -0.0179 V          ; 0.166 V                             ; 0.139 V                             ; 1.13e-09 s                 ; 1.09e-09 s                 ; No                        ; No                        ;
; dram_a[0]               ; 1.8 V        ; 0 s                 ; 0 s                 ; 1.66 V                       ; 1.68e-05 V                   ; 1.67 V              ; -0.0137 V           ; 0.133 V                              ; 0.173 V                              ; 1.31e-09 s                  ; 1.13e-09 s                  ; No                         ; No                         ; 1.66 V                      ; 1.68e-05 V                  ; 1.67 V             ; -0.0137 V          ; 0.133 V                             ; 0.173 V                             ; 1.31e-09 s                 ; 1.13e-09 s                 ; No                        ; No                        ;
; dram_a[1]               ; 1.8 V        ; 0 s                 ; 0 s                 ; 1.66 V                       ; 1.68e-05 V                   ; 1.67 V              ; -0.0137 V           ; 0.133 V                              ; 0.173 V                              ; 1.31e-09 s                  ; 1.13e-09 s                  ; No                         ; No                         ; 1.66 V                      ; 1.68e-05 V                  ; 1.67 V             ; -0.0137 V          ; 0.133 V                             ; 0.173 V                             ; 1.31e-09 s                 ; 1.13e-09 s                 ; No                        ; No                        ;
; dram_a[2]               ; 1.8 V        ; 0 s                 ; 0 s                 ; 1.66 V                       ; 1.67e-05 V                   ; 1.67 V              ; -0.0179 V           ; 0.166 V                              ; 0.139 V                              ; 1.13e-09 s                  ; 1.09e-09 s                  ; No                         ; No                         ; 1.66 V                      ; 1.67e-05 V                  ; 1.67 V             ; -0.0179 V          ; 0.166 V                             ; 0.139 V                             ; 1.13e-09 s                 ; 1.09e-09 s                 ; No                        ; No                        ;
; dram_a[3]               ; 1.8 V        ; 0 s                 ; 0 s                 ; 1.66 V                       ; 1.68e-05 V                   ; 1.67 V              ; -0.0137 V           ; 0.133 V                              ; 0.173 V                              ; 1.31e-09 s                  ; 1.13e-09 s                  ; No                         ; No                         ; 1.66 V                      ; 1.68e-05 V                  ; 1.67 V             ; -0.0137 V          ; 0.133 V                             ; 0.173 V                             ; 1.31e-09 s                 ; 1.13e-09 s                 ; No                        ; No                        ;
; dram_a[4]               ; 1.8 V        ; 0 s                 ; 0 s                 ; 1.66 V                       ; 1.6e-05 V                    ; 1.66 V              ; -0.00136 V          ; 0.037 V                              ; 0.079 V                              ; 1.26e-09 s                  ; 1.11e-09 s                  ; Yes                        ; Yes                        ; 1.66 V                      ; 1.6e-05 V                   ; 1.66 V             ; -0.00136 V         ; 0.037 V                             ; 0.079 V                             ; 1.26e-09 s                 ; 1.11e-09 s                 ; Yes                       ; Yes                       ;
; dram_a[5]               ; 1.8 V        ; 0 s                 ; 0 s                 ; 1.66 V                       ; 1.6e-05 V                    ; 1.66 V              ; -0.00136 V          ; 0.037 V                              ; 0.079 V                              ; 1.26e-09 s                  ; 1.11e-09 s                  ; Yes                        ; Yes                        ; 1.66 V                      ; 1.6e-05 V                   ; 1.66 V             ; -0.00136 V         ; 0.037 V                             ; 0.079 V                             ; 1.26e-09 s                 ; 1.11e-09 s                 ; Yes                       ; Yes                       ;
; dram_a[6]               ; 1.8 V        ; 0 s                 ; 0 s                 ; 1.66 V                       ; 1.68e-05 V                   ; 1.67 V              ; -0.0137 V           ; 0.133 V                              ; 0.173 V                              ; 1.31e-09 s                  ; 1.13e-09 s                  ; No                         ; No                         ; 1.66 V                      ; 1.68e-05 V                  ; 1.67 V             ; -0.0137 V          ; 0.133 V                             ; 0.173 V                             ; 1.31e-09 s                 ; 1.13e-09 s                 ; No                        ; No                        ;
; dram_a[7]               ; 1.8 V        ; 0 s                 ; 0 s                 ; 1.66 V                       ; 1.67e-05 V                   ; 1.67 V              ; -0.0179 V           ; 0.166 V                              ; 0.139 V                              ; 1.13e-09 s                  ; 1.09e-09 s                  ; No                         ; No                         ; 1.66 V                      ; 1.67e-05 V                  ; 1.67 V             ; -0.0179 V          ; 0.166 V                             ; 0.139 V                             ; 1.13e-09 s                 ; 1.09e-09 s                 ; No                        ; No                        ;
; dram_a[8]               ; 1.8 V        ; 0 s                 ; 0 s                 ; 1.66 V                       ; 1.67e-05 V                   ; 1.67 V              ; -0.0179 V           ; 0.166 V                              ; 0.139 V                              ; 1.13e-09 s                  ; 1.09e-09 s                  ; No                         ; No                         ; 1.66 V                      ; 1.67e-05 V                  ; 1.67 V             ; -0.0179 V          ; 0.166 V                             ; 0.139 V                             ; 1.13e-09 s                 ; 1.09e-09 s                 ; No                        ; No                        ;
; dram_a[9]               ; 1.8 V        ; 0 s                 ; 0 s                 ; 1.66 V                       ; 1.67e-05 V                   ; 1.67 V              ; -0.018 V            ; 0.166 V                              ; 0.139 V                              ; 1.13e-09 s                  ; 1.09e-09 s                  ; No                         ; No                         ; 1.66 V                      ; 1.67e-05 V                  ; 1.67 V             ; -0.018 V           ; 0.166 V                             ; 0.139 V                             ; 1.13e-09 s                 ; 1.09e-09 s                 ; No                        ; No                        ;
; dram_a[10]              ; 1.8 V        ; 0 s                 ; 0 s                 ; 1.66 V                       ; 1.6e-05 V                    ; 1.66 V              ; -0.00136 V          ; 0.037 V                              ; 0.079 V                              ; 1.26e-09 s                  ; 1.11e-09 s                  ; Yes                        ; Yes                        ; 1.66 V                      ; 1.6e-05 V                   ; 1.66 V             ; -0.00136 V         ; 0.037 V                             ; 0.079 V                             ; 1.26e-09 s                 ; 1.11e-09 s                 ; Yes                       ; Yes                       ;
; dram_a[11]              ; 1.8 V        ; 0 s                 ; 0 s                 ; 1.66 V                       ; 1.6e-05 V                    ; 1.66 V              ; -0.00136 V          ; 0.037 V                              ; 0.079 V                              ; 1.26e-09 s                  ; 1.11e-09 s                  ; Yes                        ; Yes                        ; 1.66 V                      ; 1.6e-05 V                   ; 1.66 V             ; -0.00136 V         ; 0.037 V                             ; 0.079 V                             ; 1.26e-09 s                 ; 1.11e-09 s                 ; Yes                       ; Yes                       ;
; dram_a[12]              ; 1.8 V        ; 0 s                 ; 0 s                 ; 1.66 V                       ; 1.67e-05 V                   ; 1.67 V              ; -0.018 V            ; 0.166 V                              ; 0.139 V                              ; 1.13e-09 s                  ; 1.09e-09 s                  ; No                         ; No                         ; 1.66 V                      ; 1.67e-05 V                  ; 1.67 V             ; -0.018 V           ; 0.166 V                             ; 0.139 V                             ; 1.13e-09 s                 ; 1.09e-09 s                 ; No                        ; No                        ;
; dram_ba[0]              ; 1.8 V        ; 0 s                 ; 0 s                 ; 1.66 V                       ; 1.67e-05 V                   ; 1.67 V              ; -0.0179 V           ; 0.166 V                              ; 0.139 V                              ; 1.13e-09 s                  ; 1.09e-09 s                  ; No                         ; No                         ; 1.66 V                      ; 1.67e-05 V                  ; 1.67 V             ; -0.0179 V          ; 0.166 V                             ; 0.139 V                             ; 1.13e-09 s                 ; 1.09e-09 s                 ; No                        ; No                        ;
; dram_ba[1]              ; 1.8 V        ; 0 s                 ; 0 s                 ; 1.66 V                       ; 1.6e-05 V                    ; 1.66 V              ; -0.00136 V          ; 0.037 V                              ; 0.079 V                              ; 1.26e-09 s                  ; 1.11e-09 s                  ; Yes                        ; Yes                        ; 1.66 V                      ; 1.6e-05 V                   ; 1.66 V             ; -0.00136 V         ; 0.037 V                             ; 0.079 V                             ; 1.26e-09 s                 ; 1.11e-09 s                 ; Yes                       ; Yes                       ;
; dram_dqm[0]             ; 1.8 V        ; 0 s                 ; 0 s                 ; 1.66 V                       ; 1.68e-05 V                   ; 1.67 V              ; -0.0137 V           ; 0.133 V                              ; 0.173 V                              ; 1.31e-09 s                  ; 1.13e-09 s                  ; No                         ; No                         ; 1.66 V                      ; 1.68e-05 V                  ; 1.67 V             ; -0.0137 V          ; 0.133 V                             ; 0.173 V                             ; 1.31e-09 s                 ; 1.13e-09 s                 ; No                        ; No                        ;
; dram_dqm[1]             ; 1.8 V        ; 0 s                 ; 0 s                 ; 1.66 V                       ; 1.6e-05 V                    ; 1.66 V              ; -0.00136 V          ; 0.037 V                              ; 0.079 V                              ; 1.26e-09 s                  ; 1.11e-09 s                  ; Yes                        ; Yes                        ; 1.66 V                      ; 1.6e-05 V                   ; 1.66 V             ; -0.00136 V         ; 0.037 V                             ; 0.079 V                             ; 1.26e-09 s                 ; 1.11e-09 s                 ; Yes                       ; Yes                       ;
; dram_clk                ; 1.8 V        ; 0 s                 ; 0 s                 ; 1.66 V                       ; 8.21e-06 V                   ; 1.67 V              ; -0.0107 V           ; 0.086 V                              ; 0.076 V                              ; 6.44e-10 s                  ; 6.17e-10 s                  ; Yes                        ; No                         ; 1.66 V                      ; 8.21e-06 V                  ; 1.67 V             ; -0.0107 V          ; 0.086 V                             ; 0.076 V                             ; 6.44e-10 s                 ; 6.17e-10 s                 ; Yes                       ; No                        ;
; dram_cke                ; 1.8 V        ; 0 s                 ; 0 s                 ; 1.66 V                       ; 1.68e-05 V                   ; 1.67 V              ; -0.0137 V           ; 0.133 V                              ; 0.173 V                              ; 1.31e-09 s                  ; 1.13e-09 s                  ; No                         ; No                         ; 1.66 V                      ; 1.68e-05 V                  ; 1.67 V             ; -0.0137 V          ; 0.133 V                             ; 0.173 V                             ; 1.31e-09 s                 ; 1.13e-09 s                 ; No                        ; No                        ;
; dram_ras_n              ; 1.8 V        ; 0 s                 ; 0 s                 ; 1.66 V                       ; 1.67e-05 V                   ; 1.67 V              ; -0.0179 V           ; 0.166 V                              ; 0.139 V                              ; 1.13e-09 s                  ; 1.09e-09 s                  ; No                         ; No                         ; 1.66 V                      ; 1.67e-05 V                  ; 1.67 V             ; -0.0179 V          ; 0.166 V                             ; 0.139 V                             ; 1.13e-09 s                 ; 1.09e-09 s                 ; No                        ; No                        ;
; dram_cas_n              ; 1.8 V        ; 0 s                 ; 0 s                 ; 1.66 V                       ; 1.67e-05 V                   ; 1.67 V              ; -0.018 V            ; 0.166 V                              ; 0.139 V                              ; 1.13e-09 s                  ; 1.09e-09 s                  ; No                         ; No                         ; 1.66 V                      ; 1.67e-05 V                  ; 1.67 V             ; -0.018 V           ; 0.166 V                             ; 0.139 V                             ; 1.13e-09 s                 ; 1.09e-09 s                 ; No                        ; No                        ;
; dram_we_n               ; 1.8 V        ; 0 s                 ; 0 s                 ; 1.66 V                       ; 1.67e-05 V                   ; 1.67 V              ; -0.018 V            ; 0.166 V                              ; 0.139 V                              ; 1.13e-09 s                  ; 1.09e-09 s                  ; No                         ; No                         ; 1.66 V                      ; 1.67e-05 V                  ; 1.67 V             ; -0.018 V           ; 0.166 V                             ; 0.139 V                             ; 1.13e-09 s                 ; 1.09e-09 s                 ; No                        ; No                        ;
; sram_a[0]               ; 3.3-V LVCMOS ; 0 s                 ; 0 s                 ; 3.08 V                       ; 6.64e-06 V                   ; 3.09 V              ; -0.0421 V           ; 0.049 V                              ; 0.079 V                              ; 5.57e-10 s                  ; 3.05e-10 s                  ; Yes                        ; Yes                        ; 3.08 V                      ; 6.64e-06 V                  ; 3.09 V             ; -0.0421 V          ; 0.049 V                             ; 0.079 V                             ; 5.57e-10 s                 ; 3.05e-10 s                 ; Yes                       ; Yes                       ;
; sram_a[1]               ; 3.3-V LVCMOS ; 0 s                 ; 0 s                 ; 3.08 V                       ; 8.33e-06 V                   ; 3.11 V              ; -0.074 V            ; 0.14 V                               ; 0.128 V                              ; 5.98e-10 s                  ; 3.2e-10 s                   ; Yes                        ; Yes                        ; 3.08 V                      ; 8.33e-06 V                  ; 3.11 V             ; -0.074 V           ; 0.14 V                              ; 0.128 V                             ; 5.98e-10 s                 ; 3.2e-10 s                  ; Yes                       ; Yes                       ;
; sram_a[2]               ; 3.3-V LVCMOS ; 0 s                 ; 0 s                 ; 3.08 V                       ; 6.64e-06 V                   ; 3.09 V              ; -0.0421 V           ; 0.049 V                              ; 0.079 V                              ; 5.57e-10 s                  ; 3.05e-10 s                  ; Yes                        ; Yes                        ; 3.08 V                      ; 6.64e-06 V                  ; 3.09 V             ; -0.0421 V          ; 0.049 V                             ; 0.079 V                             ; 5.57e-10 s                 ; 3.05e-10 s                 ; Yes                       ; Yes                       ;
; sram_a[3]               ; 3.3-V LVCMOS ; 0 s                 ; 0 s                 ; 3.08 V                       ; 8.03e-06 V                   ; 3.12 V              ; -0.0954 V           ; 0.11 V                               ; 0.13 V                               ; 5.67e-10 s                  ; 3.16e-10 s                  ; Yes                        ; Yes                        ; 3.08 V                      ; 8.03e-06 V                  ; 3.12 V             ; -0.0954 V          ; 0.11 V                              ; 0.13 V                              ; 5.67e-10 s                 ; 3.16e-10 s                 ; Yes                       ; Yes                       ;
; sram_a[4]               ; 3.3-V LVCMOS ; 0 s                 ; 0 s                 ; 3.08 V                       ; 8.33e-06 V                   ; 3.11 V              ; -0.074 V            ; 0.14 V                               ; 0.128 V                              ; 5.98e-10 s                  ; 3.2e-10 s                   ; Yes                        ; Yes                        ; 3.08 V                      ; 8.33e-06 V                  ; 3.11 V             ; -0.074 V           ; 0.14 V                              ; 0.128 V                             ; 5.98e-10 s                 ; 3.2e-10 s                  ; Yes                       ; Yes                       ;
; sram_a[5]               ; 3.3-V LVCMOS ; 0 s                 ; 0 s                 ; 3.08 V                       ; 6.64e-06 V                   ; 3.09 V              ; -0.0421 V           ; 0.049 V                              ; 0.079 V                              ; 5.57e-10 s                  ; 3.05e-10 s                  ; Yes                        ; Yes                        ; 3.08 V                      ; 6.64e-06 V                  ; 3.09 V             ; -0.0421 V          ; 0.049 V                             ; 0.079 V                             ; 5.57e-10 s                 ; 3.05e-10 s                 ; Yes                       ; Yes                       ;
; sram_a[6]               ; 3.3-V LVCMOS ; 0 s                 ; 0 s                 ; 3.08 V                       ; 6.64e-06 V                   ; 3.09 V              ; -0.0421 V           ; 0.049 V                              ; 0.079 V                              ; 5.57e-10 s                  ; 3.05e-10 s                  ; Yes                        ; Yes                        ; 3.08 V                      ; 6.64e-06 V                  ; 3.09 V             ; -0.0421 V          ; 0.049 V                             ; 0.079 V                             ; 5.57e-10 s                 ; 3.05e-10 s                 ; Yes                       ; Yes                       ;
; sram_a[7]               ; 3.3-V LVCMOS ; 0 s                 ; 0 s                 ; 3.08 V                       ; 8.33e-06 V                   ; 3.11 V              ; -0.074 V            ; 0.14 V                               ; 0.128 V                              ; 5.98e-10 s                  ; 3.2e-10 s                   ; Yes                        ; Yes                        ; 3.08 V                      ; 8.33e-06 V                  ; 3.11 V             ; -0.074 V           ; 0.14 V                              ; 0.128 V                             ; 5.98e-10 s                 ; 3.2e-10 s                  ; Yes                       ; Yes                       ;
; sram_a[8]               ; 3.3-V LVCMOS ; 0 s                 ; 0 s                 ; 3.08 V                       ; 8.33e-06 V                   ; 3.11 V              ; -0.074 V            ; 0.14 V                               ; 0.128 V                              ; 5.98e-10 s                  ; 3.2e-10 s                   ; Yes                        ; Yes                        ; 3.08 V                      ; 8.33e-06 V                  ; 3.11 V             ; -0.074 V           ; 0.14 V                              ; 0.128 V                             ; 5.98e-10 s                 ; 3.2e-10 s                  ; Yes                       ; Yes                       ;
; sram_a[9]               ; 3.3-V LVCMOS ; 0 s                 ; 0 s                 ; 3.08 V                       ; 6.64e-06 V                   ; 3.09 V              ; -0.0421 V           ; 0.049 V                              ; 0.079 V                              ; 5.57e-10 s                  ; 3.05e-10 s                  ; Yes                        ; Yes                        ; 3.08 V                      ; 6.64e-06 V                  ; 3.09 V             ; -0.0421 V          ; 0.049 V                             ; 0.079 V                             ; 5.57e-10 s                 ; 3.05e-10 s                 ; Yes                       ; Yes                       ;
; sram_a[10]              ; 3.3-V LVCMOS ; 0 s                 ; 0 s                 ; 3.08 V                       ; 6.64e-06 V                   ; 3.09 V              ; -0.0421 V           ; 0.049 V                              ; 0.079 V                              ; 5.57e-10 s                  ; 3.05e-10 s                  ; Yes                        ; Yes                        ; 3.08 V                      ; 6.64e-06 V                  ; 3.09 V             ; -0.0421 V          ; 0.049 V                             ; 0.079 V                             ; 5.57e-10 s                 ; 3.05e-10 s                 ; Yes                       ; Yes                       ;
; sram_a[11]              ; 3.3-V LVCMOS ; 0 s                 ; 0 s                 ; 3.08 V                       ; 6.64e-06 V                   ; 3.09 V              ; -0.0421 V           ; 0.049 V                              ; 0.079 V                              ; 5.57e-10 s                  ; 3.05e-10 s                  ; Yes                        ; Yes                        ; 3.08 V                      ; 6.64e-06 V                  ; 3.09 V             ; -0.0421 V          ; 0.049 V                             ; 0.079 V                             ; 5.57e-10 s                 ; 3.05e-10 s                 ; Yes                       ; Yes                       ;
; sram_a[12]              ; 3.3-V LVCMOS ; 0 s                 ; 0 s                 ; 3.08 V                       ; 6.64e-06 V                   ; 3.09 V              ; -0.0421 V           ; 0.049 V                              ; 0.079 V                              ; 5.57e-10 s                  ; 3.05e-10 s                  ; Yes                        ; Yes                        ; 3.08 V                      ; 6.64e-06 V                  ; 3.09 V             ; -0.0421 V          ; 0.049 V                             ; 0.079 V                             ; 5.57e-10 s                 ; 3.05e-10 s                 ; Yes                       ; Yes                       ;
; sram_a[13]              ; 3.3-V LVCMOS ; 0 s                 ; 0 s                 ; 3.08 V                       ; 6.64e-06 V                   ; 3.09 V              ; -0.0421 V           ; 0.049 V                              ; 0.079 V                              ; 5.57e-10 s                  ; 3.05e-10 s                  ; Yes                        ; Yes                        ; 3.08 V                      ; 6.64e-06 V                  ; 3.09 V             ; -0.0421 V          ; 0.049 V                             ; 0.079 V                             ; 5.57e-10 s                 ; 3.05e-10 s                 ; Yes                       ; Yes                       ;
; sram_a[14]              ; 3.3-V LVCMOS ; 0 s                 ; 0 s                 ; 3.08 V                       ; 8.33e-06 V                   ; 3.11 V              ; -0.074 V            ; 0.14 V                               ; 0.128 V                              ; 5.98e-10 s                  ; 3.2e-10 s                   ; Yes                        ; Yes                        ; 3.08 V                      ; 8.33e-06 V                  ; 3.11 V             ; -0.074 V           ; 0.14 V                              ; 0.128 V                             ; 5.98e-10 s                 ; 3.2e-10 s                  ; Yes                       ; Yes                       ;
; sram_a[15]              ; 3.3-V LVCMOS ; 0 s                 ; 0 s                 ; 3.08 V                       ; 8.33e-06 V                   ; 3.11 V              ; -0.074 V            ; 0.14 V                               ; 0.128 V                              ; 5.98e-10 s                  ; 3.2e-10 s                   ; Yes                        ; Yes                        ; 3.08 V                      ; 8.33e-06 V                  ; 3.11 V             ; -0.074 V           ; 0.14 V                              ; 0.128 V                             ; 5.98e-10 s                 ; 3.2e-10 s                  ; Yes                       ; Yes                       ;
; sram_a[16]              ; 3.3-V LVCMOS ; 0 s                 ; 0 s                 ; 3.08 V                       ; 6.64e-06 V                   ; 3.09 V              ; -0.0421 V           ; 0.049 V                              ; 0.079 V                              ; 5.57e-10 s                  ; 3.05e-10 s                  ; Yes                        ; Yes                        ; 3.08 V                      ; 6.64e-06 V                  ; 3.09 V             ; -0.0421 V          ; 0.049 V                             ; 0.079 V                             ; 5.57e-10 s                 ; 3.05e-10 s                 ; Yes                       ; Yes                       ;
; sram_oe_n               ; 3.3-V LVCMOS ; 0 s                 ; 0 s                 ; 3.08 V                       ; 8.33e-06 V                   ; 3.11 V              ; -0.074 V            ; 0.14 V                               ; 0.128 V                              ; 5.98e-10 s                  ; 3.2e-10 s                   ; Yes                        ; Yes                        ; 3.08 V                      ; 8.33e-06 V                  ; 3.11 V             ; -0.074 V           ; 0.14 V                              ; 0.128 V                             ; 5.98e-10 s                 ; 3.2e-10 s                  ; Yes                       ; Yes                       ;
; sram_we_n               ; 3.3-V LVCMOS ; 0 s                 ; 0 s                 ; 3.08 V                       ; 8.33e-06 V                   ; 3.11 V              ; -0.074 V            ; 0.14 V                               ; 0.128 V                              ; 5.98e-10 s                  ; 3.2e-10 s                   ; Yes                        ; Yes                        ; 3.08 V                      ; 8.33e-06 V                  ; 3.11 V             ; -0.074 V           ; 0.14 V                              ; 0.128 V                             ; 5.98e-10 s                 ; 3.2e-10 s                  ; Yes                       ; Yes                       ;
; sram_ub_n               ; 3.3-V LVCMOS ; 0 s                 ; 0 s                 ; 3.08 V                       ; 8.33e-06 V                   ; 3.11 V              ; -0.074 V            ; 0.14 V                               ; 0.128 V                              ; 5.98e-10 s                  ; 3.2e-10 s                   ; Yes                        ; Yes                        ; 3.08 V                      ; 8.33e-06 V                  ; 3.11 V             ; -0.074 V           ; 0.14 V                              ; 0.128 V                             ; 5.98e-10 s                 ; 3.2e-10 s                  ; Yes                       ; Yes                       ;
; sram_lb_n               ; 3.3-V LVCMOS ; 0 s                 ; 0 s                 ; 3.08 V                       ; 8.03e-06 V                   ; 3.12 V              ; -0.0981 V           ; 0.11 V                               ; 0.132 V                              ; 5.67e-10 s                  ; 3.15e-10 s                  ; Yes                        ; Yes                        ; 3.08 V                      ; 8.03e-06 V                  ; 3.12 V             ; -0.0981 V          ; 0.11 V                              ; 0.132 V                             ; 5.67e-10 s                 ; 3.15e-10 s                 ; Yes                       ; Yes                       ;
; dbg_tx                  ; 1.8 V        ; 0 s                 ; 0 s                 ; 1.66 V                       ; 9.35e-06 V                   ; 1.69 V              ; -0.0426 V           ; 0.113 V                              ; 0.208 V                              ; 6.61e-10 s                  ; 5.03e-10 s                  ; No                         ; No                         ; 1.66 V                      ; 9.35e-06 V                  ; 1.69 V             ; -0.0426 V          ; 0.113 V                             ; 0.208 V                             ; 6.61e-10 s                 ; 5.03e-10 s                 ; No                        ; No                        ;
; user1                   ; 1.8 V        ; 0 s                 ; 0 s                 ; 1.66 V                       ; 8.91e-06 V                   ; 1.69 V              ; -0.0443 V           ; 0.194 V                              ; 0.187 V                              ; 5.31e-10 s                  ; 4.86e-10 s                  ; No                         ; No                         ; 1.66 V                      ; 8.91e-06 V                  ; 1.69 V             ; -0.0443 V          ; 0.194 V                             ; 0.187 V                             ; 5.31e-10 s                 ; 4.86e-10 s                 ; No                        ; No                        ;
; vpll_feed               ; 1.8 V        ; 0 s                 ; 0 s                 ; 1.66 V                       ; 9.05e-06 V                   ; 1.69 V              ; -0.0378 V           ; 0.116 V                              ; 0.114 V                              ; 6.66e-10 s                  ; 6.52e-10 s                  ; No                         ; No                         ; 1.66 V                      ; 9.05e-06 V                  ; 1.69 V             ; -0.0378 V          ; 0.116 V                             ; 0.114 V                             ; 6.66e-10 s                 ; 6.52e-10 s                 ; No                        ; No                        ;
; aux_scl                 ; 1.8 V        ; 0 s                 ; 0 s                 ; 1.66 V                       ; 1.6e-05 V                    ; 1.66 V              ; -0.00136 V          ; 0.037 V                              ; 0.079 V                              ; 1.26e-09 s                  ; 1.11e-09 s                  ; Yes                        ; Yes                        ; 1.66 V                      ; 1.6e-05 V                   ; 1.66 V             ; -0.00136 V         ; 0.037 V                             ; 0.079 V                             ; 1.26e-09 s                 ; 1.11e-09 s                 ; Yes                       ; Yes                       ;
; cart_tran_bank2[0]      ; 3.3-V LVCMOS ; 0 s                 ; 0 s                 ; 3.08 V                       ; 8.03e-06 V                   ; 3.12 V              ; -0.0954 V           ; 0.11 V                               ; 0.13 V                               ; 5.67e-10 s                  ; 3.16e-10 s                  ; Yes                        ; Yes                        ; 3.08 V                      ; 8.03e-06 V                  ; 3.12 V             ; -0.0954 V          ; 0.11 V                              ; 0.13 V                              ; 5.67e-10 s                 ; 3.16e-10 s                 ; Yes                       ; Yes                       ;
; cart_tran_bank2[1]      ; 3.3-V LVCMOS ; 0 s                 ; 0 s                 ; 3.08 V                       ; 8.03e-06 V                   ; 3.12 V              ; -0.0954 V           ; 0.11 V                               ; 0.13 V                               ; 5.67e-10 s                  ; 3.16e-10 s                  ; Yes                        ; Yes                        ; 3.08 V                      ; 8.03e-06 V                  ; 3.12 V             ; -0.0954 V          ; 0.11 V                              ; 0.13 V                              ; 5.67e-10 s                 ; 3.16e-10 s                 ; Yes                       ; Yes                       ;
; cart_tran_bank2[2]      ; 3.3-V LVCMOS ; 0 s                 ; 0 s                 ; 3.08 V                       ; 8.03e-06 V                   ; 3.12 V              ; -0.0981 V           ; 0.11 V                               ; 0.132 V                              ; 5.67e-10 s                  ; 3.15e-10 s                  ; Yes                        ; Yes                        ; 3.08 V                      ; 8.03e-06 V                  ; 3.12 V             ; -0.0981 V          ; 0.11 V                              ; 0.132 V                             ; 5.67e-10 s                 ; 3.15e-10 s                 ; Yes                       ; Yes                       ;
; cart_tran_bank2[3]      ; 3.3-V LVCMOS ; 0 s                 ; 0 s                 ; 3.08 V                       ; 8.03e-06 V                   ; 3.12 V              ; -0.0981 V           ; 0.11 V                               ; 0.132 V                              ; 5.67e-10 s                  ; 3.15e-10 s                  ; Yes                        ; Yes                        ; 3.08 V                      ; 8.03e-06 V                  ; 3.12 V             ; -0.0981 V          ; 0.11 V                              ; 0.132 V                             ; 5.67e-10 s                 ; 3.15e-10 s                 ; Yes                       ; Yes                       ;
; cart_tran_bank2[4]      ; 3.3-V LVCMOS ; 0 s                 ; 0 s                 ; 3.08 V                       ; 8.03e-06 V                   ; 3.12 V              ; -0.0954 V           ; 0.11 V                               ; 0.13 V                               ; 5.67e-10 s                  ; 3.16e-10 s                  ; Yes                        ; Yes                        ; 3.08 V                      ; 8.03e-06 V                  ; 3.12 V             ; -0.0954 V          ; 0.11 V                              ; 0.13 V                              ; 5.67e-10 s                 ; 3.16e-10 s                 ; Yes                       ; Yes                       ;
; cart_tran_bank2[5]      ; 3.3-V LVCMOS ; 0 s                 ; 0 s                 ; 3.08 V                       ; 8.03e-06 V                   ; 3.12 V              ; -0.0954 V           ; 0.11 V                               ; 0.13 V                               ; 5.67e-10 s                  ; 3.16e-10 s                  ; Yes                        ; Yes                        ; 3.08 V                      ; 8.03e-06 V                  ; 3.12 V             ; -0.0954 V          ; 0.11 V                              ; 0.13 V                              ; 5.67e-10 s                 ; 3.16e-10 s                 ; Yes                       ; Yes                       ;
; cart_tran_bank2[6]      ; 3.3-V LVCMOS ; 0 s                 ; 0 s                 ; 3.08 V                       ; 8.03e-06 V                   ; 3.12 V              ; -0.0981 V           ; 0.11 V                               ; 0.132 V                              ; 5.67e-10 s                  ; 3.15e-10 s                  ; Yes                        ; Yes                        ; 3.08 V                      ; 8.03e-06 V                  ; 3.12 V             ; -0.0981 V          ; 0.11 V                              ; 0.132 V                             ; 5.67e-10 s                 ; 3.15e-10 s                 ; Yes                       ; Yes                       ;
; cart_tran_bank2[7]      ; 3.3-V LVCMOS ; 0 s                 ; 0 s                 ; 3.08 V                       ; 8.03e-06 V                   ; 3.12 V              ; -0.0954 V           ; 0.11 V                               ; 0.13 V                               ; 5.67e-10 s                  ; 3.16e-10 s                  ; Yes                        ; Yes                        ; 3.08 V                      ; 8.03e-06 V                  ; 3.12 V             ; -0.0954 V          ; 0.11 V                              ; 0.13 V                              ; 5.67e-10 s                 ; 3.16e-10 s                 ; Yes                       ; Yes                       ;
; cart_tran_bank3[0]      ; 3.3-V LVCMOS ; 0 s                 ; 0 s                 ; 3.08 V                       ; 8.03e-06 V                   ; 3.12 V              ; -0.0981 V           ; 0.11 V                               ; 0.132 V                              ; 5.67e-10 s                  ; 3.15e-10 s                  ; Yes                        ; Yes                        ; 3.08 V                      ; 8.03e-06 V                  ; 3.12 V             ; -0.0981 V          ; 0.11 V                              ; 0.132 V                             ; 5.67e-10 s                 ; 3.15e-10 s                 ; Yes                       ; Yes                       ;
; cart_tran_bank3[1]      ; 3.3-V LVCMOS ; 0 s                 ; 0 s                 ; 3.08 V                       ; 8.03e-06 V                   ; 3.12 V              ; -0.0981 V           ; 0.11 V                               ; 0.132 V                              ; 5.67e-10 s                  ; 3.15e-10 s                  ; Yes                        ; Yes                        ; 3.08 V                      ; 8.03e-06 V                  ; 3.12 V             ; -0.0981 V          ; 0.11 V                              ; 0.132 V                             ; 5.67e-10 s                 ; 3.15e-10 s                 ; Yes                       ; Yes                       ;
; cart_tran_bank3[2]      ; 3.3-V LVCMOS ; 0 s                 ; 0 s                 ; 3.08 V                       ; 8.03e-06 V                   ; 3.12 V              ; -0.0954 V           ; 0.11 V                               ; 0.13 V                               ; 5.67e-10 s                  ; 3.16e-10 s                  ; Yes                        ; Yes                        ; 3.08 V                      ; 8.03e-06 V                  ; 3.12 V             ; -0.0954 V          ; 0.11 V                              ; 0.13 V                              ; 5.67e-10 s                 ; 3.16e-10 s                 ; Yes                       ; Yes                       ;
; cart_tran_bank3[3]      ; 3.3-V LVCMOS ; 0 s                 ; 0 s                 ; 3.08 V                       ; 8.03e-06 V                   ; 3.12 V              ; -0.0954 V           ; 0.11 V                               ; 0.13 V                               ; 5.67e-10 s                  ; 3.16e-10 s                  ; Yes                        ; Yes                        ; 3.08 V                      ; 8.03e-06 V                  ; 3.12 V             ; -0.0954 V          ; 0.11 V                              ; 0.13 V                              ; 5.67e-10 s                 ; 3.16e-10 s                 ; Yes                       ; Yes                       ;
; cart_tran_bank3[4]      ; 3.3-V LVCMOS ; 0 s                 ; 0 s                 ; 3.08 V                       ; 8.03e-06 V                   ; 3.12 V              ; -0.0981 V           ; 0.11 V                               ; 0.132 V                              ; 5.67e-10 s                  ; 3.15e-10 s                  ; Yes                        ; Yes                        ; 3.08 V                      ; 8.03e-06 V                  ; 3.12 V             ; -0.0981 V          ; 0.11 V                              ; 0.132 V                             ; 5.67e-10 s                 ; 3.15e-10 s                 ; Yes                       ; Yes                       ;
; cart_tran_bank3[5]      ; 3.3-V LVCMOS ; 0 s                 ; 0 s                 ; 3.08 V                       ; 8.03e-06 V                   ; 3.12 V              ; -0.0954 V           ; 0.11 V                               ; 0.13 V                               ; 5.67e-10 s                  ; 3.16e-10 s                  ; Yes                        ; Yes                        ; 3.08 V                      ; 8.03e-06 V                  ; 3.12 V             ; -0.0954 V          ; 0.11 V                              ; 0.13 V                              ; 5.67e-10 s                 ; 3.16e-10 s                 ; Yes                       ; Yes                       ;
; cart_tran_bank3[6]      ; 3.3-V LVCMOS ; 0 s                 ; 0 s                 ; 3.08 V                       ; 8.03e-06 V                   ; 3.12 V              ; -0.0981 V           ; 0.11 V                               ; 0.132 V                              ; 5.67e-10 s                  ; 3.15e-10 s                  ; Yes                        ; Yes                        ; 3.08 V                      ; 8.03e-06 V                  ; 3.12 V             ; -0.0981 V          ; 0.11 V                              ; 0.132 V                             ; 5.67e-10 s                 ; 3.15e-10 s                 ; Yes                       ; Yes                       ;
; cart_tran_bank3[7]      ; 3.3-V LVCMOS ; 0 s                 ; 0 s                 ; 3.08 V                       ; 8.03e-06 V                   ; 3.12 V              ; -0.0981 V           ; 0.11 V                               ; 0.132 V                              ; 5.67e-10 s                  ; 3.15e-10 s                  ; Yes                        ; Yes                        ; 3.08 V                      ; 8.03e-06 V                  ; 3.12 V             ; -0.0981 V          ; 0.11 V                              ; 0.132 V                             ; 5.67e-10 s                 ; 3.15e-10 s                 ; Yes                       ; Yes                       ;
; cart_tran_bank1[0]      ; 3.3-V LVCMOS ; 0 s                 ; 0 s                 ; 3.08 V                       ; 8.03e-06 V                   ; 3.12 V              ; -0.0954 V           ; 0.11 V                               ; 0.13 V                               ; 5.67e-10 s                  ; 3.16e-10 s                  ; Yes                        ; Yes                        ; 3.08 V                      ; 8.03e-06 V                  ; 3.12 V             ; -0.0954 V          ; 0.11 V                              ; 0.13 V                              ; 5.67e-10 s                 ; 3.16e-10 s                 ; Yes                       ; Yes                       ;
; cart_tran_bank1[1]      ; 3.3-V LVCMOS ; 0 s                 ; 0 s                 ; 3.08 V                       ; 8.03e-06 V                   ; 3.12 V              ; -0.0981 V           ; 0.11 V                               ; 0.132 V                              ; 5.67e-10 s                  ; 3.15e-10 s                  ; Yes                        ; Yes                        ; 3.08 V                      ; 8.03e-06 V                  ; 3.12 V             ; -0.0981 V          ; 0.11 V                              ; 0.132 V                             ; 5.67e-10 s                 ; 3.15e-10 s                 ; Yes                       ; Yes                       ;
; cart_tran_bank1[2]      ; 3.3-V LVCMOS ; 0 s                 ; 0 s                 ; 3.08 V                       ; 8.03e-06 V                   ; 3.12 V              ; -0.0981 V           ; 0.11 V                               ; 0.132 V                              ; 5.67e-10 s                  ; 3.15e-10 s                  ; Yes                        ; Yes                        ; 3.08 V                      ; 8.03e-06 V                  ; 3.12 V             ; -0.0981 V          ; 0.11 V                              ; 0.132 V                             ; 5.67e-10 s                 ; 3.15e-10 s                 ; Yes                       ; Yes                       ;
; cart_tran_bank1[3]      ; 3.3-V LVCMOS ; 0 s                 ; 0 s                 ; 3.08 V                       ; 8.03e-06 V                   ; 3.12 V              ; -0.0954 V           ; 0.11 V                               ; 0.13 V                               ; 5.67e-10 s                  ; 3.16e-10 s                  ; Yes                        ; Yes                        ; 3.08 V                      ; 8.03e-06 V                  ; 3.12 V             ; -0.0954 V          ; 0.11 V                              ; 0.13 V                              ; 5.67e-10 s                 ; 3.16e-10 s                 ; Yes                       ; Yes                       ;
; cart_tran_bank1[4]      ; 3.3-V LVCMOS ; 0 s                 ; 0 s                 ; 3.08 V                       ; 8.03e-06 V                   ; 3.12 V              ; -0.0981 V           ; 0.11 V                               ; 0.132 V                              ; 5.67e-10 s                  ; 3.15e-10 s                  ; Yes                        ; Yes                        ; 3.08 V                      ; 8.03e-06 V                  ; 3.12 V             ; -0.0981 V          ; 0.11 V                              ; 0.132 V                             ; 5.67e-10 s                 ; 3.15e-10 s                 ; Yes                       ; Yes                       ;
; cart_tran_bank1[5]      ; 3.3-V LVCMOS ; 0 s                 ; 0 s                 ; 3.08 V                       ; 8.03e-06 V                   ; 3.12 V              ; -0.0954 V           ; 0.11 V                               ; 0.13 V                               ; 5.67e-10 s                  ; 3.16e-10 s                  ; Yes                        ; Yes                        ; 3.08 V                      ; 8.03e-06 V                  ; 3.12 V             ; -0.0954 V          ; 0.11 V                              ; 0.13 V                              ; 5.67e-10 s                 ; 3.16e-10 s                 ; Yes                       ; Yes                       ;
; cart_tran_bank1[6]      ; 3.3-V LVCMOS ; 0 s                 ; 0 s                 ; 3.08 V                       ; 8.03e-06 V                   ; 3.12 V              ; -0.0954 V           ; 0.11 V                               ; 0.13 V                               ; 5.67e-10 s                  ; 3.16e-10 s                  ; Yes                        ; Yes                        ; 3.08 V                      ; 8.03e-06 V                  ; 3.12 V             ; -0.0954 V          ; 0.11 V                              ; 0.13 V                              ; 5.67e-10 s                 ; 3.16e-10 s                 ; Yes                       ; Yes                       ;
; cart_tran_bank1[7]      ; 3.3-V LVCMOS ; 0 s                 ; 0 s                 ; 3.08 V                       ; 8.03e-06 V                   ; 3.12 V              ; -0.0954 V           ; 0.11 V                               ; 0.13 V                               ; 5.67e-10 s                  ; 3.16e-10 s                  ; Yes                        ; Yes                        ; 3.08 V                      ; 8.03e-06 V                  ; 3.12 V             ; -0.0954 V          ; 0.11 V                              ; 0.13 V                              ; 5.67e-10 s                 ; 3.16e-10 s                 ; Yes                       ; Yes                       ;
; cart_tran_bank0[4]      ; 3.3-V LVCMOS ; 0 s                 ; 0 s                 ; 3.08 V                       ; 8.03e-06 V                   ; 3.12 V              ; -0.0981 V           ; 0.11 V                               ; 0.132 V                              ; 5.67e-10 s                  ; 3.15e-10 s                  ; Yes                        ; Yes                        ; 3.08 V                      ; 8.03e-06 V                  ; 3.12 V             ; -0.0981 V          ; 0.11 V                              ; 0.132 V                             ; 5.67e-10 s                 ; 3.15e-10 s                 ; Yes                       ; Yes                       ;
; cart_tran_bank0[5]      ; 3.3-V LVCMOS ; 0 s                 ; 0 s                 ; 3.08 V                       ; 8.03e-06 V                   ; 3.12 V              ; -0.0954 V           ; 0.11 V                               ; 0.13 V                               ; 5.67e-10 s                  ; 3.16e-10 s                  ; Yes                        ; Yes                        ; 3.08 V                      ; 8.03e-06 V                  ; 3.12 V             ; -0.0954 V          ; 0.11 V                              ; 0.13 V                              ; 5.67e-10 s                 ; 3.16e-10 s                 ; Yes                       ; Yes                       ;
; cart_tran_bank0[6]      ; 3.3-V LVCMOS ; 0 s                 ; 0 s                 ; 3.08 V                       ; 8.03e-06 V                   ; 3.12 V              ; -0.0981 V           ; 0.11 V                               ; 0.132 V                              ; 5.67e-10 s                  ; 3.15e-10 s                  ; Yes                        ; Yes                        ; 3.08 V                      ; 8.03e-06 V                  ; 3.12 V             ; -0.0981 V          ; 0.11 V                              ; 0.132 V                             ; 5.67e-10 s                 ; 3.15e-10 s                 ; Yes                       ; Yes                       ;
; cart_tran_bank0[7]      ; 3.3-V LVCMOS ; 0 s                 ; 0 s                 ; 3.08 V                       ; 8.03e-06 V                   ; 3.12 V              ; -0.0981 V           ; 0.11 V                               ; 0.132 V                              ; 5.67e-10 s                  ; 3.15e-10 s                  ; Yes                        ; Yes                        ; 3.08 V                      ; 8.03e-06 V                  ; 3.12 V             ; -0.0981 V          ; 0.11 V                              ; 0.132 V                             ; 5.67e-10 s                 ; 3.15e-10 s                 ; Yes                       ; Yes                       ;
; cart_tran_pin30         ; 1.8 V        ; 0 s                 ; 0 s                 ; 1.66 V                       ; 1.67e-05 V                   ; 1.67 V              ; -0.018 V            ; 0.166 V                              ; 0.139 V                              ; 1.13e-09 s                  ; 1.09e-09 s                  ; No                         ; No                         ; 1.66 V                      ; 1.67e-05 V                  ; 1.67 V             ; -0.018 V           ; 0.166 V                             ; 0.139 V                             ; 1.13e-09 s                 ; 1.09e-09 s                 ; No                        ; No                        ;
; cart_tran_pin31         ; 1.8 V        ; 0 s                 ; 0 s                 ; 1.66 V                       ; 1.67e-05 V                   ; 1.67 V              ; -0.0179 V           ; 0.166 V                              ; 0.139 V                              ; 1.13e-09 s                  ; 1.09e-09 s                  ; No                         ; No                         ; 1.66 V                      ; 1.67e-05 V                  ; 1.67 V             ; -0.0179 V          ; 0.166 V                             ; 0.139 V                             ; 1.13e-09 s                 ; 1.09e-09 s                 ; No                        ; No                        ;
; port_tran_si            ; 3.3-V LVCMOS ; 0 s                 ; 0 s                 ; 3.08 V                       ; 8.33e-06 V                   ; 3.11 V              ; -0.074 V            ; 0.14 V                               ; 0.128 V                              ; 5.98e-10 s                  ; 3.2e-10 s                   ; Yes                        ; Yes                        ; 3.08 V                      ; 8.33e-06 V                  ; 3.11 V             ; -0.074 V           ; 0.14 V                              ; 0.128 V                             ; 5.98e-10 s                 ; 3.2e-10 s                  ; Yes                       ; Yes                       ;
; port_tran_so            ; 1.8 V        ; 0 s                 ; 0 s                 ; 1.66 V                       ; 1.67e-05 V                   ; 1.67 V              ; -0.018 V            ; 0.166 V                              ; 0.139 V                              ; 1.13e-09 s                  ; 1.09e-09 s                  ; No                         ; No                         ; 1.66 V                      ; 1.67e-05 V                  ; 1.67 V             ; -0.018 V           ; 0.166 V                             ; 0.139 V                             ; 1.13e-09 s                 ; 1.09e-09 s                 ; No                        ; No                        ;
; port_tran_sck           ; 3.3-V LVCMOS ; 0 s                 ; 0 s                 ; 3.08 V                       ; 8.03e-06 V                   ; 3.12 V              ; -0.0954 V           ; 0.11 V                               ; 0.13 V                               ; 5.67e-10 s                  ; 3.16e-10 s                  ; Yes                        ; Yes                        ; 3.08 V                      ; 8.03e-06 V                  ; 3.12 V             ; -0.0954 V          ; 0.11 V                              ; 0.13 V                              ; 5.67e-10 s                 ; 3.16e-10 s                 ; Yes                       ; Yes                       ;
; port_tran_sd            ; 3.3-V LVCMOS ; 0 s                 ; 0 s                 ; 3.08 V                       ; 8.33e-06 V                   ; 3.11 V              ; -0.074 V            ; 0.14 V                               ; 0.128 V                              ; 5.98e-10 s                  ; 3.2e-10 s                   ; Yes                        ; Yes                        ; 3.08 V                      ; 8.33e-06 V                  ; 3.11 V             ; -0.074 V           ; 0.14 V                              ; 0.128 V                             ; 5.98e-10 s                 ; 3.2e-10 s                  ; Yes                       ; Yes                       ;
; scal_vid[0]             ; 1.8 V        ; 0 s                 ; 0 s                 ; 1.66 V                       ; 8.91e-06 V                   ; 1.69 V              ; -0.0443 V           ; 0.194 V                              ; 0.187 V                              ; 5.31e-10 s                  ; 4.86e-10 s                  ; No                         ; No                         ; 1.66 V                      ; 8.91e-06 V                  ; 1.69 V             ; -0.0443 V          ; 0.194 V                             ; 0.187 V                             ; 5.31e-10 s                 ; 4.86e-10 s                 ; No                        ; No                        ;
; scal_vid[1]             ; 1.8 V        ; 0 s                 ; 0 s                 ; 1.66 V                       ; 8.91e-06 V                   ; 1.69 V              ; -0.0449 V           ; 0.193 V                              ; 0.187 V                              ; 5.3e-10 s                   ; 4.85e-10 s                  ; No                         ; No                         ; 1.66 V                      ; 8.91e-06 V                  ; 1.69 V             ; -0.0449 V          ; 0.193 V                             ; 0.187 V                             ; 5.3e-10 s                  ; 4.85e-10 s                 ; No                        ; No                        ;
; scal_vid[2]             ; 1.8 V        ; 0 s                 ; 0 s                 ; 1.66 V                       ; 9.05e-06 V                   ; 1.69 V              ; -0.0378 V           ; 0.116 V                              ; 0.114 V                              ; 6.66e-10 s                  ; 6.52e-10 s                  ; No                         ; No                         ; 1.66 V                      ; 9.05e-06 V                  ; 1.69 V             ; -0.0378 V          ; 0.116 V                             ; 0.114 V                             ; 6.66e-10 s                 ; 6.52e-10 s                 ; No                        ; No                        ;
; scal_vid[3]             ; 1.8 V        ; 0 s                 ; 0 s                 ; 1.66 V                       ; 8.91e-06 V                   ; 1.69 V              ; -0.0449 V           ; 0.193 V                              ; 0.187 V                              ; 5.3e-10 s                   ; 4.85e-10 s                  ; No                         ; No                         ; 1.66 V                      ; 8.91e-06 V                  ; 1.69 V             ; -0.0449 V          ; 0.193 V                             ; 0.187 V                             ; 5.3e-10 s                  ; 4.85e-10 s                 ; No                        ; No                        ;
; scal_vid[4]             ; 1.8 V        ; 0 s                 ; 0 s                 ; 1.66 V                       ; 8.91e-06 V                   ; 1.69 V              ; -0.0443 V           ; 0.194 V                              ; 0.187 V                              ; 5.31e-10 s                  ; 4.86e-10 s                  ; No                         ; No                         ; 1.66 V                      ; 8.91e-06 V                  ; 1.69 V             ; -0.0443 V          ; 0.194 V                             ; 0.187 V                             ; 5.31e-10 s                 ; 4.86e-10 s                 ; No                        ; No                        ;
; scal_vid[5]             ; 1.8 V        ; 0 s                 ; 0 s                 ; 1.66 V                       ; 8.91e-06 V                   ; 1.69 V              ; -0.0449 V           ; 0.193 V                              ; 0.187 V                              ; 5.3e-10 s                   ; 4.85e-10 s                  ; No                         ; No                         ; 1.66 V                      ; 8.91e-06 V                  ; 1.69 V             ; -0.0449 V          ; 0.193 V                             ; 0.187 V                             ; 5.3e-10 s                  ; 4.85e-10 s                 ; No                        ; No                        ;
; scal_vid[6]             ; 1.8 V        ; 0 s                 ; 0 s                 ; 1.66 V                       ; 8.91e-06 V                   ; 1.69 V              ; -0.0443 V           ; 0.194 V                              ; 0.187 V                              ; 5.31e-10 s                  ; 4.86e-10 s                  ; No                         ; No                         ; 1.66 V                      ; 8.91e-06 V                  ; 1.69 V             ; -0.0443 V          ; 0.194 V                             ; 0.187 V                             ; 5.31e-10 s                 ; 4.86e-10 s                 ; No                        ; No                        ;
; scal_vid[7]             ; 1.8 V        ; 0 s                 ; 0 s                 ; 1.66 V                       ; 9.05e-06 V                   ; 1.69 V              ; -0.0378 V           ; 0.116 V                              ; 0.114 V                              ; 6.66e-10 s                  ; 6.52e-10 s                  ; No                         ; No                         ; 1.66 V                      ; 9.05e-06 V                  ; 1.69 V             ; -0.0378 V          ; 0.116 V                             ; 0.114 V                             ; 6.66e-10 s                 ; 6.52e-10 s                 ; No                        ; No                        ;
; scal_vid[8]             ; 1.8 V        ; 0 s                 ; 0 s                 ; 1.66 V                       ; 8.91e-06 V                   ; 1.69 V              ; -0.0443 V           ; 0.194 V                              ; 0.187 V                              ; 5.31e-10 s                  ; 4.86e-10 s                  ; No                         ; No                         ; 1.66 V                      ; 8.91e-06 V                  ; 1.69 V             ; -0.0443 V          ; 0.194 V                             ; 0.187 V                             ; 5.31e-10 s                 ; 4.86e-10 s                 ; No                        ; No                        ;
; scal_vid[9]             ; 1.8 V        ; 0 s                 ; 0 s                 ; 1.66 V                       ; 8.91e-06 V                   ; 1.69 V              ; -0.0449 V           ; 0.193 V                              ; 0.187 V                              ; 5.3e-10 s                   ; 4.85e-10 s                  ; No                         ; No                         ; 1.66 V                      ; 8.91e-06 V                  ; 1.69 V             ; -0.0449 V          ; 0.193 V                             ; 0.187 V                             ; 5.3e-10 s                  ; 4.85e-10 s                 ; No                        ; No                        ;
; scal_vid[10]            ; 1.8 V        ; 0 s                 ; 0 s                 ; 1.66 V                       ; 8.21e-06 V                   ; 1.67 V              ; -0.0107 V           ; 0.086 V                              ; 0.076 V                              ; 6.44e-10 s                  ; 6.17e-10 s                  ; Yes                        ; No                         ; 1.66 V                      ; 8.21e-06 V                  ; 1.67 V             ; -0.0107 V          ; 0.086 V                             ; 0.076 V                             ; 6.44e-10 s                 ; 6.17e-10 s                 ; Yes                       ; No                        ;
; scal_vid[11]            ; 1.8 V        ; 0 s                 ; 0 s                 ; 1.66 V                       ; 9.05e-06 V                   ; 1.69 V              ; -0.0378 V           ; 0.116 V                              ; 0.114 V                              ; 6.66e-10 s                  ; 6.52e-10 s                  ; No                         ; No                         ; 1.66 V                      ; 9.05e-06 V                  ; 1.69 V             ; -0.0378 V          ; 0.116 V                             ; 0.114 V                             ; 6.66e-10 s                 ; 6.52e-10 s                 ; No                        ; No                        ;
; scal_clk                ; 1.8 V        ; 0 s                 ; 0 s                 ; 1.66 V                       ; 8.21e-06 V                   ; 1.67 V              ; -0.0107 V           ; 0.086 V                              ; 0.076 V                              ; 6.44e-10 s                  ; 6.17e-10 s                  ; Yes                        ; No                         ; 1.66 V                      ; 8.21e-06 V                  ; 1.67 V             ; -0.0107 V          ; 0.086 V                             ; 0.076 V                             ; 6.44e-10 s                 ; 6.17e-10 s                 ; Yes                       ; No                        ;
; scal_de                 ; 1.8 V        ; 0 s                 ; 0 s                 ; 1.66 V                       ; 8.91e-06 V                   ; 1.69 V              ; -0.0443 V           ; 0.194 V                              ; 0.187 V                              ; 5.31e-10 s                  ; 4.86e-10 s                  ; No                         ; No                         ; 1.66 V                      ; 8.91e-06 V                  ; 1.69 V             ; -0.0443 V          ; 0.194 V                             ; 0.187 V                             ; 5.31e-10 s                 ; 4.86e-10 s                 ; No                        ; No                        ;
; scal_skip               ; 1.8 V        ; 0 s                 ; 0 s                 ; 1.66 V                       ; 8.91e-06 V                   ; 1.69 V              ; -0.0449 V           ; 0.193 V                              ; 0.187 V                              ; 5.3e-10 s                   ; 4.85e-10 s                  ; No                         ; No                         ; 1.66 V                      ; 8.91e-06 V                  ; 1.69 V             ; -0.0449 V          ; 0.193 V                             ; 0.187 V                             ; 5.3e-10 s                  ; 4.85e-10 s                 ; No                        ; No                        ;
; scal_vs                 ; 1.8 V        ; 0 s                 ; 0 s                 ; 1.66 V                       ; 9.05e-06 V                   ; 1.69 V              ; -0.0378 V           ; 0.116 V                              ; 0.114 V                              ; 6.66e-10 s                  ; 6.52e-10 s                  ; No                         ; No                         ; 1.66 V                      ; 9.05e-06 V                  ; 1.69 V             ; -0.0378 V          ; 0.116 V                             ; 0.114 V                             ; 6.66e-10 s                 ; 6.52e-10 s                 ; No                        ; No                        ;
; scal_hs                 ; 1.8 V        ; 0 s                 ; 0 s                 ; 1.66 V                       ; 8.21e-06 V                   ; 1.67 V              ; -0.0107 V           ; 0.086 V                              ; 0.076 V                              ; 6.44e-10 s                  ; 6.17e-10 s                  ; Yes                        ; No                         ; 1.66 V                      ; 8.21e-06 V                  ; 1.67 V             ; -0.0107 V          ; 0.086 V                             ; 0.076 V                             ; 6.44e-10 s                 ; 6.17e-10 s                 ; Yes                       ; No                        ;
; bridge_spimosi          ; 1.8 V        ; 0 s                 ; 0 s                 ; 1.66 V                       ; 9.35e-06 V                   ; 1.69 V              ; -0.0426 V           ; 0.113 V                              ; 0.208 V                              ; 6.61e-10 s                  ; 5.03e-10 s                  ; No                         ; No                         ; 1.66 V                      ; 9.35e-06 V                  ; 1.69 V             ; -0.0426 V          ; 0.113 V                             ; 0.208 V                             ; 6.61e-10 s                 ; 5.03e-10 s                 ; No                        ; No                        ;
; bridge_spimiso          ; 1.8 V        ; 0 s                 ; 0 s                 ; 1.66 V                       ; 9.35e-06 V                   ; 1.69 V              ; -0.0425 V           ; 0.113 V                              ; 0.208 V                              ; 6.61e-10 s                  ; 5.03e-10 s                  ; No                         ; No                         ; 1.66 V                      ; 9.35e-06 V                  ; 1.69 V             ; -0.0425 V          ; 0.113 V                             ; 0.208 V                             ; 6.61e-10 s                 ; 5.03e-10 s                 ; No                        ; No                        ;
; bridge_spiclk           ; 1.8 V        ; 0 s                 ; 0 s                 ; 1.66 V                       ; 8.65e-06 V                   ; 1.66 V              ; -0.00868 V          ; 0.114 V                              ; 0.087 V                              ; 6.75e-10 s                  ; 6.35e-10 s                  ; Yes                        ; No                         ; 1.66 V                      ; 8.65e-06 V                  ; 1.66 V             ; -0.00868 V         ; 0.114 V                             ; 0.087 V                             ; 6.75e-10 s                 ; 6.35e-10 s                 ; Yes                       ; No                        ;
; bridge_1wire            ; 1.8 V        ; 0 s                 ; 0 s                 ; 1.66 V                       ; 9.49e-06 V                   ; 1.68 V              ; -0.0353 V           ; 0.142 V                              ; 0.125 V                              ; 6.86e-10 s                  ; 6.62e-10 s                  ; No                         ; No                         ; 1.66 V                      ; 9.49e-06 V                  ; 1.68 V             ; -0.0353 V          ; 0.142 V                             ; 0.125 V                             ; 6.86e-10 s                 ; 6.62e-10 s                 ; No                        ; No                        ;
; cram0_dq[0]             ; 1.8 V        ; 0 s                 ; 0 s                 ; 1.66 V                       ; 1.68e-05 V                   ; 1.67 V              ; -0.0137 V           ; 0.133 V                              ; 0.173 V                              ; 1.31e-09 s                  ; 1.13e-09 s                  ; No                         ; No                         ; 1.66 V                      ; 1.68e-05 V                  ; 1.67 V             ; -0.0137 V          ; 0.133 V                             ; 0.173 V                             ; 1.31e-09 s                 ; 1.13e-09 s                 ; No                        ; No                        ;
; cram0_dq[1]             ; 1.8 V        ; 0 s                 ; 0 s                 ; 1.66 V                       ; 1.67e-05 V                   ; 1.67 V              ; -0.0179 V           ; 0.166 V                              ; 0.139 V                              ; 1.13e-09 s                  ; 1.09e-09 s                  ; No                         ; No                         ; 1.66 V                      ; 1.67e-05 V                  ; 1.67 V             ; -0.0179 V          ; 0.166 V                             ; 0.139 V                             ; 1.13e-09 s                 ; 1.09e-09 s                 ; No                        ; No                        ;
; cram0_dq[2]             ; 1.8 V        ; 0 s                 ; 0 s                 ; 1.66 V                       ; 1.67e-05 V                   ; 1.67 V              ; -0.0179 V           ; 0.166 V                              ; 0.139 V                              ; 1.13e-09 s                  ; 1.09e-09 s                  ; No                         ; No                         ; 1.66 V                      ; 1.67e-05 V                  ; 1.67 V             ; -0.0179 V          ; 0.166 V                             ; 0.139 V                             ; 1.13e-09 s                 ; 1.09e-09 s                 ; No                        ; No                        ;
; cram0_dq[3]             ; 1.8 V        ; 0 s                 ; 0 s                 ; 1.66 V                       ; 1.67e-05 V                   ; 1.67 V              ; -0.018 V            ; 0.166 V                              ; 0.139 V                              ; 1.13e-09 s                  ; 1.09e-09 s                  ; No                         ; No                         ; 1.66 V                      ; 1.67e-05 V                  ; 1.67 V             ; -0.018 V           ; 0.166 V                             ; 0.139 V                             ; 1.13e-09 s                 ; 1.09e-09 s                 ; No                        ; No                        ;
; cram0_dq[4]             ; 1.8 V        ; 0 s                 ; 0 s                 ; 1.66 V                       ; 1.68e-05 V                   ; 1.67 V              ; -0.0137 V           ; 0.133 V                              ; 0.173 V                              ; 1.31e-09 s                  ; 1.13e-09 s                  ; No                         ; No                         ; 1.66 V                      ; 1.68e-05 V                  ; 1.67 V             ; -0.0137 V          ; 0.133 V                             ; 0.173 V                             ; 1.31e-09 s                 ; 1.13e-09 s                 ; No                        ; No                        ;
; cram0_dq[5]             ; 1.8 V        ; 0 s                 ; 0 s                 ; 1.66 V                       ; 1.6e-05 V                    ; 1.66 V              ; -0.00136 V          ; 0.037 V                              ; 0.079 V                              ; 1.26e-09 s                  ; 1.11e-09 s                  ; Yes                        ; Yes                        ; 1.66 V                      ; 1.6e-05 V                   ; 1.66 V             ; -0.00136 V         ; 0.037 V                             ; 0.079 V                             ; 1.26e-09 s                 ; 1.11e-09 s                 ; Yes                       ; Yes                       ;
; cram0_dq[6]             ; 1.8 V        ; 0 s                 ; 0 s                 ; 1.66 V                       ; 1.68e-05 V                   ; 1.67 V              ; -0.0137 V           ; 0.133 V                              ; 0.173 V                              ; 1.31e-09 s                  ; 1.13e-09 s                  ; No                         ; No                         ; 1.66 V                      ; 1.68e-05 V                  ; 1.67 V             ; -0.0137 V          ; 0.133 V                             ; 0.173 V                             ; 1.31e-09 s                 ; 1.13e-09 s                 ; No                        ; No                        ;
; cram0_dq[7]             ; 1.8 V        ; 0 s                 ; 0 s                 ; 1.66 V                       ; 1.68e-05 V                   ; 1.67 V              ; -0.0137 V           ; 0.133 V                              ; 0.173 V                              ; 1.31e-09 s                  ; 1.13e-09 s                  ; No                         ; No                         ; 1.66 V                      ; 1.68e-05 V                  ; 1.67 V             ; -0.0137 V          ; 0.133 V                             ; 0.173 V                             ; 1.31e-09 s                 ; 1.13e-09 s                 ; No                        ; No                        ;
; cram0_dq[8]             ; 1.8 V        ; 0 s                 ; 0 s                 ; 1.66 V                       ; 1.6e-05 V                    ; 1.66 V              ; -0.00136 V          ; 0.037 V                              ; 0.079 V                              ; 1.26e-09 s                  ; 1.11e-09 s                  ; Yes                        ; Yes                        ; 1.66 V                      ; 1.6e-05 V                   ; 1.66 V             ; -0.00136 V         ; 0.037 V                             ; 0.079 V                             ; 1.26e-09 s                 ; 1.11e-09 s                 ; Yes                       ; Yes                       ;
; cram0_dq[9]             ; 1.8 V        ; 0 s                 ; 0 s                 ; 1.66 V                       ; 1.67e-05 V                   ; 1.67 V              ; -0.018 V            ; 0.166 V                              ; 0.139 V                              ; 1.13e-09 s                  ; 1.09e-09 s                  ; No                         ; No                         ; 1.66 V                      ; 1.67e-05 V                  ; 1.67 V             ; -0.018 V           ; 0.166 V                             ; 0.139 V                             ; 1.13e-09 s                 ; 1.09e-09 s                 ; No                        ; No                        ;
; cram0_dq[10]            ; 1.8 V        ; 0 s                 ; 0 s                 ; 1.66 V                       ; 1.6e-05 V                    ; 1.66 V              ; -0.00136 V          ; 0.037 V                              ; 0.079 V                              ; 1.26e-09 s                  ; 1.11e-09 s                  ; Yes                        ; Yes                        ; 1.66 V                      ; 1.6e-05 V                   ; 1.66 V             ; -0.00136 V         ; 0.037 V                             ; 0.079 V                             ; 1.26e-09 s                 ; 1.11e-09 s                 ; Yes                       ; Yes                       ;
; cram0_dq[11]            ; 1.8 V        ; 0 s                 ; 0 s                 ; 1.66 V                       ; 1.68e-05 V                   ; 1.67 V              ; -0.0137 V           ; 0.133 V                              ; 0.173 V                              ; 1.31e-09 s                  ; 1.13e-09 s                  ; No                         ; No                         ; 1.66 V                      ; 1.68e-05 V                  ; 1.67 V             ; -0.0137 V          ; 0.133 V                             ; 0.173 V                             ; 1.31e-09 s                 ; 1.13e-09 s                 ; No                        ; No                        ;
; cram0_dq[12]            ; 1.8 V        ; 0 s                 ; 0 s                 ; 1.66 V                       ; 1.67e-05 V                   ; 1.67 V              ; -0.0179 V           ; 0.166 V                              ; 0.139 V                              ; 1.13e-09 s                  ; 1.09e-09 s                  ; No                         ; No                         ; 1.66 V                      ; 1.67e-05 V                  ; 1.67 V             ; -0.0179 V          ; 0.166 V                             ; 0.139 V                             ; 1.13e-09 s                 ; 1.09e-09 s                 ; No                        ; No                        ;
; cram0_dq[13]            ; 1.8 V        ; 0 s                 ; 0 s                 ; 1.66 V                       ; 1.6e-05 V                    ; 1.66 V              ; -0.00136 V          ; 0.037 V                              ; 0.079 V                              ; 1.26e-09 s                  ; 1.11e-09 s                  ; Yes                        ; Yes                        ; 1.66 V                      ; 1.6e-05 V                   ; 1.66 V             ; -0.00136 V         ; 0.037 V                             ; 0.079 V                             ; 1.26e-09 s                 ; 1.11e-09 s                 ; Yes                       ; Yes                       ;
; cram0_dq[14]            ; 1.8 V        ; 0 s                 ; 0 s                 ; 1.66 V                       ; 1.67e-05 V                   ; 1.67 V              ; -0.018 V            ; 0.166 V                              ; 0.139 V                              ; 1.13e-09 s                  ; 1.09e-09 s                  ; No                         ; No                         ; 1.66 V                      ; 1.67e-05 V                  ; 1.67 V             ; -0.018 V           ; 0.166 V                             ; 0.139 V                             ; 1.13e-09 s                 ; 1.09e-09 s                 ; No                        ; No                        ;
; cram0_dq[15]            ; 1.8 V        ; 0 s                 ; 0 s                 ; 1.66 V                       ; 1.68e-05 V                   ; 1.67 V              ; -0.0137 V           ; 0.133 V                              ; 0.173 V                              ; 1.31e-09 s                  ; 1.13e-09 s                  ; No                         ; No                         ; 1.66 V                      ; 1.68e-05 V                  ; 1.67 V             ; -0.0137 V          ; 0.133 V                             ; 0.173 V                             ; 1.31e-09 s                 ; 1.13e-09 s                 ; No                        ; No                        ;
; cram1_dq[0]             ; 1.8 V        ; 0 s                 ; 0 s                 ; 1.66 V                       ; 1.67e-05 V                   ; 1.67 V              ; -0.0179 V           ; 0.166 V                              ; 0.139 V                              ; 1.13e-09 s                  ; 1.09e-09 s                  ; No                         ; No                         ; 1.66 V                      ; 1.67e-05 V                  ; 1.67 V             ; -0.0179 V          ; 0.166 V                             ; 0.139 V                             ; 1.13e-09 s                 ; 1.09e-09 s                 ; No                        ; No                        ;
; cram1_dq[1]             ; 1.8 V        ; 0 s                 ; 0 s                 ; 1.66 V                       ; 1.68e-05 V                   ; 1.67 V              ; -0.0137 V           ; 0.133 V                              ; 0.173 V                              ; 1.31e-09 s                  ; 1.13e-09 s                  ; No                         ; No                         ; 1.66 V                      ; 1.68e-05 V                  ; 1.67 V             ; -0.0137 V          ; 0.133 V                             ; 0.173 V                             ; 1.31e-09 s                 ; 1.13e-09 s                 ; No                        ; No                        ;
; cram1_dq[2]             ; 1.8 V        ; 0 s                 ; 0 s                 ; 1.66 V                       ; 1.6e-05 V                    ; 1.66 V              ; -0.00136 V          ; 0.037 V                              ; 0.079 V                              ; 1.26e-09 s                  ; 1.11e-09 s                  ; Yes                        ; Yes                        ; 1.66 V                      ; 1.6e-05 V                   ; 1.66 V             ; -0.00136 V         ; 0.037 V                             ; 0.079 V                             ; 1.26e-09 s                 ; 1.11e-09 s                 ; Yes                       ; Yes                       ;
; cram1_dq[3]             ; 1.8 V        ; 0 s                 ; 0 s                 ; 1.66 V                       ; 1.6e-05 V                    ; 1.66 V              ; -0.00136 V          ; 0.037 V                              ; 0.079 V                              ; 1.26e-09 s                  ; 1.11e-09 s                  ; Yes                        ; Yes                        ; 1.66 V                      ; 1.6e-05 V                   ; 1.66 V             ; -0.00136 V         ; 0.037 V                             ; 0.079 V                             ; 1.26e-09 s                 ; 1.11e-09 s                 ; Yes                       ; Yes                       ;
; cram1_dq[4]             ; 1.8 V        ; 0 s                 ; 0 s                 ; 1.66 V                       ; 1.68e-05 V                   ; 1.67 V              ; -0.0137 V           ; 0.133 V                              ; 0.173 V                              ; 1.31e-09 s                  ; 1.13e-09 s                  ; No                         ; No                         ; 1.66 V                      ; 1.68e-05 V                  ; 1.67 V             ; -0.0137 V          ; 0.133 V                             ; 0.173 V                             ; 1.31e-09 s                 ; 1.13e-09 s                 ; No                        ; No                        ;
; cram1_dq[5]             ; 1.8 V        ; 0 s                 ; 0 s                 ; 1.66 V                       ; 1.6e-05 V                    ; 1.66 V              ; -0.00136 V          ; 0.037 V                              ; 0.079 V                              ; 1.26e-09 s                  ; 1.11e-09 s                  ; Yes                        ; Yes                        ; 1.66 V                      ; 1.6e-05 V                   ; 1.66 V             ; -0.00136 V         ; 0.037 V                             ; 0.079 V                             ; 1.26e-09 s                 ; 1.11e-09 s                 ; Yes                       ; Yes                       ;
; cram1_dq[6]             ; 1.8 V        ; 0 s                 ; 0 s                 ; 1.66 V                       ; 1.67e-05 V                   ; 1.67 V              ; -0.0179 V           ; 0.166 V                              ; 0.139 V                              ; 1.13e-09 s                  ; 1.09e-09 s                  ; No                         ; No                         ; 1.66 V                      ; 1.67e-05 V                  ; 1.67 V             ; -0.0179 V          ; 0.166 V                             ; 0.139 V                             ; 1.13e-09 s                 ; 1.09e-09 s                 ; No                        ; No                        ;
; cram1_dq[7]             ; 1.8 V        ; 0 s                 ; 0 s                 ; 1.66 V                       ; 1.67e-05 V                   ; 1.67 V              ; -0.018 V            ; 0.166 V                              ; 0.139 V                              ; 1.13e-09 s                  ; 1.09e-09 s                  ; No                         ; No                         ; 1.66 V                      ; 1.67e-05 V                  ; 1.67 V             ; -0.018 V           ; 0.166 V                             ; 0.139 V                             ; 1.13e-09 s                 ; 1.09e-09 s                 ; No                        ; No                        ;
; cram1_dq[8]             ; 1.8 V        ; 0 s                 ; 0 s                 ; 1.66 V                       ; 1.68e-05 V                   ; 1.67 V              ; -0.0137 V           ; 0.133 V                              ; 0.173 V                              ; 1.31e-09 s                  ; 1.13e-09 s                  ; No                         ; No                         ; 1.66 V                      ; 1.68e-05 V                  ; 1.67 V             ; -0.0137 V          ; 0.133 V                             ; 0.173 V                             ; 1.31e-09 s                 ; 1.13e-09 s                 ; No                        ; No                        ;
; cram1_dq[9]             ; 1.8 V        ; 0 s                 ; 0 s                 ; 1.66 V                       ; 1.67e-05 V                   ; 1.67 V              ; -0.018 V            ; 0.166 V                              ; 0.139 V                              ; 1.13e-09 s                  ; 1.09e-09 s                  ; No                         ; No                         ; 1.66 V                      ; 1.67e-05 V                  ; 1.67 V             ; -0.018 V           ; 0.166 V                             ; 0.139 V                             ; 1.13e-09 s                 ; 1.09e-09 s                 ; No                        ; No                        ;
; cram1_dq[10]            ; 1.8 V        ; 0 s                 ; 0 s                 ; 1.66 V                       ; 1.68e-05 V                   ; 1.67 V              ; -0.0137 V           ; 0.133 V                              ; 0.173 V                              ; 1.31e-09 s                  ; 1.13e-09 s                  ; No                         ; No                         ; 1.66 V                      ; 1.68e-05 V                  ; 1.67 V             ; -0.0137 V          ; 0.133 V                             ; 0.173 V                             ; 1.31e-09 s                 ; 1.13e-09 s                 ; No                        ; No                        ;
; cram1_dq[11]            ; 1.8 V        ; 0 s                 ; 0 s                 ; 1.66 V                       ; 1.67e-05 V                   ; 1.67 V              ; -0.018 V            ; 0.166 V                              ; 0.139 V                              ; 1.13e-09 s                  ; 1.09e-09 s                  ; No                         ; No                         ; 1.66 V                      ; 1.67e-05 V                  ; 1.67 V             ; -0.018 V           ; 0.166 V                             ; 0.139 V                             ; 1.13e-09 s                 ; 1.09e-09 s                 ; No                        ; No                        ;
; cram1_dq[12]            ; 1.8 V        ; 0 s                 ; 0 s                 ; 1.66 V                       ; 1.6e-05 V                    ; 1.66 V              ; -0.00136 V          ; 0.037 V                              ; 0.079 V                              ; 1.26e-09 s                  ; 1.11e-09 s                  ; Yes                        ; Yes                        ; 1.66 V                      ; 1.6e-05 V                   ; 1.66 V             ; -0.00136 V         ; 0.037 V                             ; 0.079 V                             ; 1.26e-09 s                 ; 1.11e-09 s                 ; Yes                       ; Yes                       ;
; cram1_dq[13]            ; 1.8 V        ; 0 s                 ; 0 s                 ; 1.66 V                       ; 1.67e-05 V                   ; 1.67 V              ; -0.0179 V           ; 0.166 V                              ; 0.139 V                              ; 1.13e-09 s                  ; 1.09e-09 s                  ; No                         ; No                         ; 1.66 V                      ; 1.67e-05 V                  ; 1.67 V             ; -0.0179 V          ; 0.166 V                             ; 0.139 V                             ; 1.13e-09 s                 ; 1.09e-09 s                 ; No                        ; No                        ;
; cram1_dq[14]            ; 1.8 V        ; 0 s                 ; 0 s                 ; 1.66 V                       ; 1.67e-05 V                   ; 1.67 V              ; -0.0179 V           ; 0.166 V                              ; 0.139 V                              ; 1.13e-09 s                  ; 1.09e-09 s                  ; No                         ; No                         ; 1.66 V                      ; 1.67e-05 V                  ; 1.67 V             ; -0.0179 V          ; 0.166 V                             ; 0.139 V                             ; 1.13e-09 s                 ; 1.09e-09 s                 ; No                        ; No                        ;
; cram1_dq[15]            ; 1.8 V        ; 0 s                 ; 0 s                 ; 1.66 V                       ; 1.67e-05 V                   ; 1.67 V              ; -0.0179 V           ; 0.166 V                              ; 0.139 V                              ; 1.13e-09 s                  ; 1.09e-09 s                  ; No                         ; No                         ; 1.66 V                      ; 1.67e-05 V                  ; 1.67 V             ; -0.0179 V          ; 0.166 V                             ; 0.139 V                             ; 1.13e-09 s                 ; 1.09e-09 s                 ; No                        ; No                        ;
; dram_dq[0]              ; 1.8 V        ; 0 s                 ; 0 s                 ; 1.66 V                       ; 1.68e-05 V                   ; 1.67 V              ; -0.0137 V           ; 0.133 V                              ; 0.173 V                              ; 1.31e-09 s                  ; 1.13e-09 s                  ; No                         ; No                         ; 1.66 V                      ; 1.68e-05 V                  ; 1.67 V             ; -0.0137 V          ; 0.133 V                             ; 0.173 V                             ; 1.31e-09 s                 ; 1.13e-09 s                 ; No                        ; No                        ;
; dram_dq[1]              ; 1.8 V        ; 0 s                 ; 0 s                 ; 1.66 V                       ; 1.6e-05 V                    ; 1.66 V              ; -0.00136 V          ; 0.037 V                              ; 0.079 V                              ; 1.26e-09 s                  ; 1.11e-09 s                  ; Yes                        ; Yes                        ; 1.66 V                      ; 1.6e-05 V                   ; 1.66 V             ; -0.00136 V         ; 0.037 V                             ; 0.079 V                             ; 1.26e-09 s                 ; 1.11e-09 s                 ; Yes                       ; Yes                       ;
; dram_dq[2]              ; 1.8 V        ; 0 s                 ; 0 s                 ; 1.66 V                       ; 1.67e-05 V                   ; 1.67 V              ; -0.018 V            ; 0.166 V                              ; 0.139 V                              ; 1.13e-09 s                  ; 1.09e-09 s                  ; No                         ; No                         ; 1.66 V                      ; 1.67e-05 V                  ; 1.67 V             ; -0.018 V           ; 0.166 V                             ; 0.139 V                             ; 1.13e-09 s                 ; 1.09e-09 s                 ; No                        ; No                        ;
; dram_dq[3]              ; 1.8 V        ; 0 s                 ; 0 s                 ; 1.66 V                       ; 1.67e-05 V                   ; 1.67 V              ; -0.018 V            ; 0.166 V                              ; 0.139 V                              ; 1.13e-09 s                  ; 1.09e-09 s                  ; No                         ; No                         ; 1.66 V                      ; 1.67e-05 V                  ; 1.67 V             ; -0.018 V           ; 0.166 V                             ; 0.139 V                             ; 1.13e-09 s                 ; 1.09e-09 s                 ; No                        ; No                        ;
; dram_dq[4]              ; 1.8 V        ; 0 s                 ; 0 s                 ; 1.66 V                       ; 1.67e-05 V                   ; 1.67 V              ; -0.0179 V           ; 0.166 V                              ; 0.139 V                              ; 1.13e-09 s                  ; 1.09e-09 s                  ; No                         ; No                         ; 1.66 V                      ; 1.67e-05 V                  ; 1.67 V             ; -0.0179 V          ; 0.166 V                             ; 0.139 V                             ; 1.13e-09 s                 ; 1.09e-09 s                 ; No                        ; No                        ;
; dram_dq[5]              ; 1.8 V        ; 0 s                 ; 0 s                 ; 1.66 V                       ; 1.67e-05 V                   ; 1.67 V              ; -0.018 V            ; 0.166 V                              ; 0.139 V                              ; 1.13e-09 s                  ; 1.09e-09 s                  ; No                         ; No                         ; 1.66 V                      ; 1.67e-05 V                  ; 1.67 V             ; -0.018 V           ; 0.166 V                             ; 0.139 V                             ; 1.13e-09 s                 ; 1.09e-09 s                 ; No                        ; No                        ;
; dram_dq[6]              ; 1.8 V        ; 0 s                 ; 0 s                 ; 1.66 V                       ; 1.67e-05 V                   ; 1.67 V              ; -0.0179 V           ; 0.166 V                              ; 0.139 V                              ; 1.13e-09 s                  ; 1.09e-09 s                  ; No                         ; No                         ; 1.66 V                      ; 1.67e-05 V                  ; 1.67 V             ; -0.0179 V          ; 0.166 V                             ; 0.139 V                             ; 1.13e-09 s                 ; 1.09e-09 s                 ; No                        ; No                        ;
; dram_dq[7]              ; 1.8 V        ; 0 s                 ; 0 s                 ; 1.66 V                       ; 1.67e-05 V                   ; 1.67 V              ; -0.0179 V           ; 0.166 V                              ; 0.139 V                              ; 1.13e-09 s                  ; 1.09e-09 s                  ; No                         ; No                         ; 1.66 V                      ; 1.67e-05 V                  ; 1.67 V             ; -0.0179 V          ; 0.166 V                             ; 0.139 V                             ; 1.13e-09 s                 ; 1.09e-09 s                 ; No                        ; No                        ;
; dram_dq[8]              ; 1.8 V        ; 0 s                 ; 0 s                 ; 1.66 V                       ; 1.6e-05 V                    ; 1.66 V              ; -0.00136 V          ; 0.037 V                              ; 0.079 V                              ; 1.26e-09 s                  ; 1.11e-09 s                  ; Yes                        ; Yes                        ; 1.66 V                      ; 1.6e-05 V                   ; 1.66 V             ; -0.00136 V         ; 0.037 V                             ; 0.079 V                             ; 1.26e-09 s                 ; 1.11e-09 s                 ; Yes                       ; Yes                       ;
; dram_dq[9]              ; 1.8 V        ; 0 s                 ; 0 s                 ; 1.66 V                       ; 1.67e-05 V                   ; 1.67 V              ; -0.018 V            ; 0.166 V                              ; 0.139 V                              ; 1.13e-09 s                  ; 1.09e-09 s                  ; No                         ; No                         ; 1.66 V                      ; 1.67e-05 V                  ; 1.67 V             ; -0.018 V           ; 0.166 V                             ; 0.139 V                             ; 1.13e-09 s                 ; 1.09e-09 s                 ; No                        ; No                        ;
; dram_dq[10]             ; 1.8 V        ; 0 s                 ; 0 s                 ; 1.66 V                       ; 1.67e-05 V                   ; 1.67 V              ; -0.0179 V           ; 0.166 V                              ; 0.139 V                              ; 1.13e-09 s                  ; 1.09e-09 s                  ; No                         ; No                         ; 1.66 V                      ; 1.67e-05 V                  ; 1.67 V             ; -0.0179 V          ; 0.166 V                             ; 0.139 V                             ; 1.13e-09 s                 ; 1.09e-09 s                 ; No                        ; No                        ;
; dram_dq[11]             ; 1.8 V        ; 0 s                 ; 0 s                 ; 1.66 V                       ; 1.6e-05 V                    ; 1.66 V              ; -0.00136 V          ; 0.037 V                              ; 0.079 V                              ; 1.26e-09 s                  ; 1.11e-09 s                  ; Yes                        ; Yes                        ; 1.66 V                      ; 1.6e-05 V                   ; 1.66 V             ; -0.00136 V         ; 0.037 V                             ; 0.079 V                             ; 1.26e-09 s                 ; 1.11e-09 s                 ; Yes                       ; Yes                       ;
; dram_dq[12]             ; 1.8 V        ; 0 s                 ; 0 s                 ; 1.66 V                       ; 1.68e-05 V                   ; 1.67 V              ; -0.0137 V           ; 0.133 V                              ; 0.173 V                              ; 1.31e-09 s                  ; 1.13e-09 s                  ; No                         ; No                         ; 1.66 V                      ; 1.68e-05 V                  ; 1.67 V             ; -0.0137 V          ; 0.133 V                             ; 0.173 V                             ; 1.31e-09 s                 ; 1.13e-09 s                 ; No                        ; No                        ;
; dram_dq[13]             ; 1.8 V        ; 0 s                 ; 0 s                 ; 1.66 V                       ; 1.67e-05 V                   ; 1.67 V              ; -0.018 V            ; 0.166 V                              ; 0.139 V                              ; 1.13e-09 s                  ; 1.09e-09 s                  ; No                         ; No                         ; 1.66 V                      ; 1.67e-05 V                  ; 1.67 V             ; -0.018 V           ; 0.166 V                             ; 0.139 V                             ; 1.13e-09 s                 ; 1.09e-09 s                 ; No                        ; No                        ;
; dram_dq[14]             ; 1.8 V        ; 0 s                 ; 0 s                 ; 1.66 V                       ; 1.67e-05 V                   ; 1.67 V              ; -0.018 V            ; 0.166 V                              ; 0.139 V                              ; 1.13e-09 s                  ; 1.09e-09 s                  ; No                         ; No                         ; 1.66 V                      ; 1.67e-05 V                  ; 1.67 V             ; -0.018 V           ; 0.166 V                             ; 0.139 V                             ; 1.13e-09 s                 ; 1.09e-09 s                 ; No                        ; No                        ;
; dram_dq[15]             ; 1.8 V        ; 0 s                 ; 0 s                 ; 1.66 V                       ; 1.68e-05 V                   ; 1.67 V              ; -0.0137 V           ; 0.133 V                              ; 0.173 V                              ; 1.31e-09 s                  ; 1.13e-09 s                  ; No                         ; No                         ; 1.66 V                      ; 1.68e-05 V                  ; 1.67 V             ; -0.0137 V          ; 0.133 V                             ; 0.173 V                             ; 1.31e-09 s                 ; 1.13e-09 s                 ; No                        ; No                        ;
; sram_dq[0]              ; 3.3-V LVCMOS ; 0 s                 ; 0 s                 ; 3.08 V                       ; 8.33e-06 V                   ; 3.11 V              ; -0.074 V            ; 0.14 V                               ; 0.128 V                              ; 5.98e-10 s                  ; 3.2e-10 s                   ; Yes                        ; Yes                        ; 3.08 V                      ; 8.33e-06 V                  ; 3.11 V             ; -0.074 V           ; 0.14 V                              ; 0.128 V                             ; 5.98e-10 s                 ; 3.2e-10 s                  ; Yes                       ; Yes                       ;
; sram_dq[1]              ; 3.3-V LVCMOS ; 0 s                 ; 0 s                 ; 3.08 V                       ; 6.64e-06 V                   ; 3.09 V              ; -0.0421 V           ; 0.049 V                              ; 0.079 V                              ; 5.57e-10 s                  ; 3.05e-10 s                  ; Yes                        ; Yes                        ; 3.08 V                      ; 6.64e-06 V                  ; 3.09 V             ; -0.0421 V          ; 0.049 V                             ; 0.079 V                             ; 5.57e-10 s                 ; 3.05e-10 s                 ; Yes                       ; Yes                       ;
; sram_dq[2]              ; 3.3-V LVCMOS ; 0 s                 ; 0 s                 ; 3.08 V                       ; 6.64e-06 V                   ; 3.09 V              ; -0.0421 V           ; 0.049 V                              ; 0.079 V                              ; 5.57e-10 s                  ; 3.05e-10 s                  ; Yes                        ; Yes                        ; 3.08 V                      ; 6.64e-06 V                  ; 3.09 V             ; -0.0421 V          ; 0.049 V                             ; 0.079 V                             ; 5.57e-10 s                 ; 3.05e-10 s                 ; Yes                       ; Yes                       ;
; sram_dq[3]              ; 3.3-V LVCMOS ; 0 s                 ; 0 s                 ; 3.08 V                       ; 6.64e-06 V                   ; 3.09 V              ; -0.0421 V           ; 0.049 V                              ; 0.079 V                              ; 5.57e-10 s                  ; 3.05e-10 s                  ; Yes                        ; Yes                        ; 3.08 V                      ; 6.64e-06 V                  ; 3.09 V             ; -0.0421 V          ; 0.049 V                             ; 0.079 V                             ; 5.57e-10 s                 ; 3.05e-10 s                 ; Yes                       ; Yes                       ;
; sram_dq[4]              ; 3.3-V LVCMOS ; 0 s                 ; 0 s                 ; 3.08 V                       ; 8.33e-06 V                   ; 3.11 V              ; -0.074 V            ; 0.14 V                               ; 0.128 V                              ; 5.98e-10 s                  ; 3.2e-10 s                   ; Yes                        ; Yes                        ; 3.08 V                      ; 8.33e-06 V                  ; 3.11 V             ; -0.074 V           ; 0.14 V                              ; 0.128 V                             ; 5.98e-10 s                 ; 3.2e-10 s                  ; Yes                       ; Yes                       ;
; sram_dq[5]              ; 3.3-V LVCMOS ; 0 s                 ; 0 s                 ; 3.08 V                       ; 6.64e-06 V                   ; 3.09 V              ; -0.0421 V           ; 0.049 V                              ; 0.079 V                              ; 5.57e-10 s                  ; 3.05e-10 s                  ; Yes                        ; Yes                        ; 3.08 V                      ; 6.64e-06 V                  ; 3.09 V             ; -0.0421 V          ; 0.049 V                             ; 0.079 V                             ; 5.57e-10 s                 ; 3.05e-10 s                 ; Yes                       ; Yes                       ;
; sram_dq[6]              ; 3.3-V LVCMOS ; 0 s                 ; 0 s                 ; 3.08 V                       ; 6.64e-06 V                   ; 3.09 V              ; -0.0421 V           ; 0.049 V                              ; 0.079 V                              ; 5.57e-10 s                  ; 3.05e-10 s                  ; Yes                        ; Yes                        ; 3.08 V                      ; 6.64e-06 V                  ; 3.09 V             ; -0.0421 V          ; 0.049 V                             ; 0.079 V                             ; 5.57e-10 s                 ; 3.05e-10 s                 ; Yes                       ; Yes                       ;
; sram_dq[7]              ; 3.3-V LVCMOS ; 0 s                 ; 0 s                 ; 3.08 V                       ; 8.03e-06 V                   ; 3.12 V              ; -0.0954 V           ; 0.11 V                               ; 0.13 V                               ; 5.67e-10 s                  ; 3.16e-10 s                  ; Yes                        ; Yes                        ; 3.08 V                      ; 8.03e-06 V                  ; 3.12 V             ; -0.0954 V          ; 0.11 V                              ; 0.13 V                              ; 5.67e-10 s                 ; 3.16e-10 s                 ; Yes                       ; Yes                       ;
; sram_dq[8]              ; 3.3-V LVCMOS ; 0 s                 ; 0 s                 ; 3.08 V                       ; 6.64e-06 V                   ; 3.09 V              ; -0.0421 V           ; 0.049 V                              ; 0.079 V                              ; 5.57e-10 s                  ; 3.05e-10 s                  ; Yes                        ; Yes                        ; 3.08 V                      ; 6.64e-06 V                  ; 3.09 V             ; -0.0421 V          ; 0.049 V                             ; 0.079 V                             ; 5.57e-10 s                 ; 3.05e-10 s                 ; Yes                       ; Yes                       ;
; sram_dq[9]              ; 3.3-V LVCMOS ; 0 s                 ; 0 s                 ; 3.08 V                       ; 8.03e-06 V                   ; 3.12 V              ; -0.0981 V           ; 0.11 V                               ; 0.132 V                              ; 5.67e-10 s                  ; 3.15e-10 s                  ; Yes                        ; Yes                        ; 3.08 V                      ; 8.03e-06 V                  ; 3.12 V             ; -0.0981 V          ; 0.11 V                              ; 0.132 V                             ; 5.67e-10 s                 ; 3.15e-10 s                 ; Yes                       ; Yes                       ;
; sram_dq[10]             ; 3.3-V LVCMOS ; 0 s                 ; 0 s                 ; 3.08 V                       ; 8.33e-06 V                   ; 3.11 V              ; -0.074 V            ; 0.14 V                               ; 0.128 V                              ; 5.98e-10 s                  ; 3.2e-10 s                   ; Yes                        ; Yes                        ; 3.08 V                      ; 8.33e-06 V                  ; 3.11 V             ; -0.074 V           ; 0.14 V                              ; 0.128 V                             ; 5.98e-10 s                 ; 3.2e-10 s                  ; Yes                       ; Yes                       ;
; sram_dq[11]             ; 3.3-V LVCMOS ; 0 s                 ; 0 s                 ; 3.08 V                       ; 6.64e-06 V                   ; 3.09 V              ; -0.0421 V           ; 0.049 V                              ; 0.079 V                              ; 5.57e-10 s                  ; 3.05e-10 s                  ; Yes                        ; Yes                        ; 3.08 V                      ; 6.64e-06 V                  ; 3.09 V             ; -0.0421 V          ; 0.049 V                             ; 0.079 V                             ; 5.57e-10 s                 ; 3.05e-10 s                 ; Yes                       ; Yes                       ;
; sram_dq[12]             ; 3.3-V LVCMOS ; 0 s                 ; 0 s                 ; 3.08 V                       ; 8.33e-06 V                   ; 3.11 V              ; -0.074 V            ; 0.14 V                               ; 0.128 V                              ; 5.98e-10 s                  ; 3.2e-10 s                   ; Yes                        ; Yes                        ; 3.08 V                      ; 8.33e-06 V                  ; 3.11 V             ; -0.074 V           ; 0.14 V                              ; 0.128 V                             ; 5.98e-10 s                 ; 3.2e-10 s                  ; Yes                       ; Yes                       ;
; sram_dq[13]             ; 3.3-V LVCMOS ; 0 s                 ; 0 s                 ; 3.08 V                       ; 6.64e-06 V                   ; 3.09 V              ; -0.0421 V           ; 0.049 V                              ; 0.079 V                              ; 5.57e-10 s                  ; 3.05e-10 s                  ; Yes                        ; Yes                        ; 3.08 V                      ; 6.64e-06 V                  ; 3.09 V             ; -0.0421 V          ; 0.049 V                             ; 0.079 V                             ; 5.57e-10 s                 ; 3.05e-10 s                 ; Yes                       ; Yes                       ;
; sram_dq[14]             ; 3.3-V LVCMOS ; 0 s                 ; 0 s                 ; 3.08 V                       ; 8.33e-06 V                   ; 3.11 V              ; -0.074 V            ; 0.14 V                               ; 0.128 V                              ; 5.98e-10 s                  ; 3.2e-10 s                   ; Yes                        ; Yes                        ; 3.08 V                      ; 8.33e-06 V                  ; 3.11 V             ; -0.074 V           ; 0.14 V                              ; 0.128 V                             ; 5.98e-10 s                 ; 3.2e-10 s                  ; Yes                       ; Yes                       ;
; sram_dq[15]             ; 3.3-V LVCMOS ; 0 s                 ; 0 s                 ; 3.08 V                       ; 8.33e-06 V                   ; 3.11 V              ; -0.074 V            ; 0.14 V                               ; 0.128 V                              ; 5.98e-10 s                  ; 3.2e-10 s                   ; Yes                        ; Yes                        ; 3.08 V                      ; 8.33e-06 V                  ; 3.11 V             ; -0.074 V           ; 0.14 V                              ; 0.128 V                             ; 5.98e-10 s                 ; 3.2e-10 s                  ; Yes                       ; Yes                       ;
; bist                    ; 3.3-V LVCMOS ; 0 s                 ; 0 s                 ; 3.08 V                       ; 8.33e-06 V                   ; 3.11 V              ; -0.074 V            ; 0.14 V                               ; 0.128 V                              ; 5.98e-10 s                  ; 3.2e-10 s                   ; Yes                        ; Yes                        ; 3.08 V                      ; 8.33e-06 V                  ; 3.11 V             ; -0.074 V           ; 0.14 V                              ; 0.128 V                             ; 5.98e-10 s                 ; 3.2e-10 s                  ; Yes                       ; Yes                       ;
; aux_sda                 ; 1.8 V        ; 0 s                 ; 0 s                 ; 1.66 V                       ; 1.6e-05 V                    ; 1.66 V              ; -0.00136 V          ; 0.037 V                              ; 0.079 V                              ; 1.26e-09 s                  ; 1.11e-09 s                  ; Yes                        ; Yes                        ; 1.66 V                      ; 1.6e-05 V                   ; 1.66 V             ; -0.00136 V         ; 0.037 V                             ; 0.079 V                             ; 1.26e-09 s                 ; 1.11e-09 s                 ; Yes                       ; Yes                       ;
; altera_reserved_tdo     ; 2.5 V        ; 0 s                 ; 0 s                 ; 2.32 V                       ; 9.29e-06 V                   ; 2.36 V              ; -0.0306 V           ; 0.202 V                              ; 0.183 V                              ; 4.92e-10 s                  ; 4.86e-10 s                  ; Yes                        ; Yes                        ; 2.32 V                      ; 9.29e-06 V                  ; 2.36 V             ; -0.0306 V          ; 0.202 V                             ; 0.183 V                             ; 4.92e-10 s                 ; 4.86e-10 s                 ; Yes                       ; Yes                       ;
+-------------------------+--------------+---------------------+---------------------+------------------------------+------------------------------+---------------------+---------------------+--------------------------------------+--------------------------------------+-----------------------------+-----------------------------+----------------------------+----------------------------+-----------------------------+-----------------------------+--------------------+--------------------+-------------------------------------+-------------------------------------+----------------------------+----------------------------+---------------------------+---------------------------+


+------------------------------------------------------------------------------------------------------------------------------------------------------------------------------------------------------------------------------------------------------------------------------------------------------------------------------------------------------------------------------------------------------------------------------------------------------------------------------------------------------------------------------------------------------------------------------------------------------------------------------------------------------------------------------------------------------+
; Signal Integrity Metrics (Fast 1100mv 0c Model)                                                                                                                                                                                                                                                                                                                                                                                                                                                                                                                                                                                                                                                      ;
+-------------------------+--------------+---------------------+---------------------+------------------------------+------------------------------+---------------------+---------------------+--------------------------------------+--------------------------------------+-----------------------------+-----------------------------+----------------------------+----------------------------+-----------------------------+-----------------------------+--------------------+--------------------+-------------------------------------+-------------------------------------+----------------------------+----------------------------+---------------------------+---------------------------+
; Pin                     ; I/O Standard ; Board Delay on Rise ; Board Delay on Fall ; Steady State Voh at FPGA Pin ; Steady State Vol at FPGA Pin ; Voh Max at FPGA Pin ; Vol Min at FPGA Pin ; Ringback Voltage on Rise at FPGA Pin ; Ringback Voltage on Fall at FPGA Pin ; 10-90 Rise Time at FPGA Pin ; 90-10 Fall Time at FPGA Pin ; Monotonic Rise at FPGA Pin ; Monotonic Fall at FPGA Pin ; Steady State Voh at Far-end ; Steady State Vol at Far-end ; Voh Max at Far-end ; Vol Min at Far-end ; Ringback Voltage on Rise at Far-end ; Ringback Voltage on Fall at Far-end ; 10-90 Rise Time at Far-end ; 90-10 Fall Time at Far-end ; Monotonic Rise at Far-end ; Monotonic Fall at Far-end ;
+-------------------------+--------------+---------------------+---------------------+------------------------------+------------------------------+---------------------+---------------------+--------------------------------------+--------------------------------------+-----------------------------+-----------------------------+----------------------------+----------------------------+-----------------------------+-----------------------------+--------------------+--------------------+-------------------------------------+-------------------------------------+----------------------------+----------------------------+---------------------------+---------------------------+
; cart_tran_bank2_dir     ; 3.3-V LVCMOS ; 0 s                 ; 0 s                 ; 3.63 V                       ; 4.72e-06 V                   ; 3.7 V               ; -0.49 V             ; 0.117 V                              ; 0.621 V                              ; 3.84e-10 s                  ; 1.48e-10 s                  ; Yes                        ; No                         ; 3.63 V                      ; 4.72e-06 V                  ; 3.7 V              ; -0.49 V            ; 0.117 V                             ; 0.621 V                             ; 3.84e-10 s                 ; 1.48e-10 s                 ; Yes                       ; No                        ;
; cart_tran_bank3_dir     ; 3.3-V LVCMOS ; 0 s                 ; 0 s                 ; 3.63 V                       ; 4.72e-06 V                   ; 3.7 V               ; -0.49 V             ; 0.117 V                              ; 0.622 V                              ; 3.84e-10 s                  ; 1.48e-10 s                  ; Yes                        ; No                         ; 3.63 V                      ; 4.72e-06 V                  ; 3.7 V              ; -0.49 V            ; 0.117 V                             ; 0.622 V                             ; 3.84e-10 s                 ; 1.48e-10 s                 ; Yes                       ; No                        ;
; cart_tran_bank1_dir     ; 3.3-V LVCMOS ; 0 s                 ; 0 s                 ; 3.63 V                       ; 4.72e-06 V                   ; 3.7 V               ; -0.49 V             ; 0.117 V                              ; 0.622 V                              ; 3.84e-10 s                  ; 1.48e-10 s                  ; Yes                        ; No                         ; 3.63 V                      ; 4.72e-06 V                  ; 3.7 V              ; -0.49 V            ; 0.117 V                             ; 0.622 V                             ; 3.84e-10 s                 ; 1.48e-10 s                 ; Yes                       ; No                        ;
; cart_tran_bank0_dir     ; 3.3-V LVCMOS ; 0 s                 ; 0 s                 ; 3.63 V                       ; 4.72e-06 V                   ; 3.7 V               ; -0.49 V             ; 0.117 V                              ; 0.621 V                              ; 3.84e-10 s                  ; 1.48e-10 s                  ; Yes                        ; No                         ; 3.63 V                      ; 4.72e-06 V                  ; 3.7 V              ; -0.49 V            ; 0.117 V                             ; 0.621 V                             ; 3.84e-10 s                 ; 1.48e-10 s                 ; Yes                       ; No                        ;
; cart_tran_pin30_dir     ; 3.3-V LVCMOS ; 0 s                 ; 0 s                 ; 3.63 V                       ; 4.72e-06 V                   ; 3.7 V               ; -0.49 V             ; 0.117 V                              ; 0.622 V                              ; 3.84e-10 s                  ; 1.48e-10 s                  ; Yes                        ; No                         ; 3.63 V                      ; 4.72e-06 V                  ; 3.7 V              ; -0.49 V            ; 0.117 V                             ; 0.622 V                             ; 3.84e-10 s                 ; 1.48e-10 s                 ; Yes                       ; No                        ;
; cart_pin30_pwroff_reset ; 1.8 V        ; 0 s                 ; 0 s                 ; 1.98 V                       ; 4.93e-06 V                   ; 1.99 V              ; -0.0124 V           ; 0.171 V                              ; 0.167 V                              ; 6.77e-10 s                  ; 6.73e-10 s                  ; No                         ; No                         ; 1.98 V                      ; 4.93e-06 V                  ; 1.99 V             ; -0.0124 V          ; 0.171 V                             ; 0.167 V                             ; 6.77e-10 s                 ; 6.73e-10 s                 ; No                        ; No                        ;
; cart_tran_pin31_dir     ; 3.3-V LVCMOS ; 0 s                 ; 0 s                 ; 3.63 V                       ; 4.72e-06 V                   ; 3.7 V               ; -0.49 V             ; 0.117 V                              ; 0.621 V                              ; 3.84e-10 s                  ; 1.48e-10 s                  ; Yes                        ; No                         ; 3.63 V                      ; 4.72e-06 V                  ; 3.7 V              ; -0.49 V            ; 0.117 V                             ; 0.621 V                             ; 3.84e-10 s                 ; 1.48e-10 s                 ; Yes                       ; No                        ;
; port_ir_tx              ; 1.8 V        ; 0 s                 ; 0 s                 ; 1.98 V                       ; 5.37e-06 V                   ; 2.03 V              ; -0.0501 V           ; 0.226 V                              ; 0.227 V                              ; 6.83e-10 s                  ; 6.84e-10 s                  ; No                         ; No                         ; 1.98 V                      ; 5.37e-06 V                  ; 2.03 V             ; -0.0501 V          ; 0.226 V                             ; 0.227 V                             ; 6.83e-10 s                 ; 6.84e-10 s                 ; No                        ; No                        ;
; port_ir_rx_disable      ; 1.8 V        ; 0 s                 ; 0 s                 ; 1.98 V                       ; 4.93e-06 V                   ; 1.99 V              ; -0.0124 V           ; 0.171 V                              ; 0.167 V                              ; 6.77e-10 s                  ; 6.73e-10 s                  ; No                         ; No                         ; 1.98 V                      ; 4.93e-06 V                  ; 1.99 V             ; -0.0124 V          ; 0.171 V                             ; 0.167 V                             ; 6.77e-10 s                 ; 6.73e-10 s                 ; No                        ; No                        ;
; port_tran_si_dir        ; 3.3-V LVCMOS ; 0 s                 ; 0 s                 ; 3.63 V                       ; 3.63e-06 V                   ; 3.64 V              ; -0.326 V            ; 0.091 V                              ; 0.479 V                              ; 3.83e-10 s                  ; 1.5e-10 s                   ; Yes                        ; No                         ; 3.63 V                      ; 3.63e-06 V                  ; 3.64 V             ; -0.326 V           ; 0.091 V                             ; 0.479 V                             ; 3.83e-10 s                 ; 1.5e-10 s                  ; Yes                       ; No                        ;
; port_tran_so_dir        ; 3.3-V LVCMOS ; 0 s                 ; 0 s                 ; 3.63 V                       ; 4.94e-06 V                   ; 3.69 V              ; -0.414 V            ; 0.134 V                              ; 0.585 V                              ; 4.19e-10 s                  ; 1.53e-10 s                  ; Yes                        ; No                         ; 3.63 V                      ; 4.94e-06 V                  ; 3.69 V             ; -0.414 V           ; 0.134 V                             ; 0.585 V                             ; 4.19e-10 s                 ; 1.53e-10 s                 ; Yes                       ; No                        ;
; port_tran_sck_dir       ; 3.3-V LVCMOS ; 0 s                 ; 0 s                 ; 3.63 V                       ; 4.72e-06 V                   ; 3.7 V               ; -0.49 V             ; 0.117 V                              ; 0.622 V                              ; 3.84e-10 s                  ; 1.48e-10 s                  ; Yes                        ; No                         ; 3.63 V                      ; 4.72e-06 V                  ; 3.7 V              ; -0.49 V            ; 0.117 V                             ; 0.622 V                             ; 3.84e-10 s                 ; 1.48e-10 s                 ; Yes                       ; No                        ;
; port_tran_sd_dir        ; 3.3-V LVCMOS ; 0 s                 ; 0 s                 ; 3.63 V                       ; 3.63e-06 V                   ; 3.64 V              ; -0.326 V            ; 0.091 V                              ; 0.479 V                              ; 3.83e-10 s                  ; 1.5e-10 s                   ; Yes                        ; No                         ; 3.63 V                      ; 3.63e-06 V                  ; 3.64 V             ; -0.326 V           ; 0.091 V                             ; 0.479 V                             ; 3.83e-10 s                 ; 1.5e-10 s                  ; Yes                       ; No                        ;
; scal_audmclk            ; 1.8 V        ; 0 s                 ; 0 s                 ; 1.98 V                       ; 2.9e-06 V                    ; 2.11 V              ; -0.131 V            ; 0.255 V                              ; 0.271 V                              ; 2.69e-10 s                  ; 2.7e-10 s                   ; No                         ; No                         ; 1.98 V                      ; 2.9e-06 V                   ; 2.11 V             ; -0.131 V           ; 0.255 V                             ; 0.271 V                             ; 2.69e-10 s                 ; 2.7e-10 s                  ; No                        ; No                        ;
; scal_auddac             ; 1.8 V        ; 0 s                 ; 0 s                 ; 1.98 V                       ; 2.54e-06 V                   ; 2.03 V              ; -0.0577 V           ; 0.227 V                              ; 0.226 V                              ; 2.86e-10 s                  ; 2.83e-10 s                  ; No                         ; No                         ; 1.98 V                      ; 2.54e-06 V                  ; 2.03 V             ; -0.0577 V          ; 0.227 V                             ; 0.226 V                             ; 2.86e-10 s                 ; 2.83e-10 s                 ; No                        ; No                        ;
; scal_audlrck            ; 1.8 V        ; 0 s                 ; 0 s                 ; 1.98 V                       ; 2.97e-06 V                   ; 2.1 V               ; -0.115 V            ; 0.288 V                              ; 0.305 V                              ; 2.8e-10 s                   ; 2.86e-10 s                  ; No                         ; No                         ; 1.98 V                      ; 2.97e-06 V                  ; 2.1 V              ; -0.115 V           ; 0.288 V                             ; 0.305 V                             ; 2.8e-10 s                  ; 2.86e-10 s                 ; No                        ; No                        ;
; cram0_a[16]             ; 1.8 V        ; 0 s                 ; 0 s                 ; 1.98 V                       ; 4.93e-06 V                   ; 1.99 V              ; -0.0124 V           ; 0.171 V                              ; 0.167 V                              ; 6.77e-10 s                  ; 6.73e-10 s                  ; No                         ; No                         ; 1.98 V                      ; 4.93e-06 V                  ; 1.99 V             ; -0.0124 V          ; 0.171 V                             ; 0.167 V                             ; 6.77e-10 s                 ; 6.73e-10 s                 ; No                        ; No                        ;
; cram0_a[17]             ; 1.8 V        ; 0 s                 ; 0 s                 ; 1.98 V                       ; 5.29e-06 V                   ; 2.04 V              ; -0.0626 V           ; 0.188 V                              ; 0.192 V                              ; 6.66e-10 s                  ; 6.65e-10 s                  ; No                         ; No                         ; 1.98 V                      ; 5.29e-06 V                  ; 2.04 V             ; -0.0626 V          ; 0.188 V                             ; 0.192 V                             ; 6.66e-10 s                 ; 6.65e-10 s                 ; No                        ; No                        ;
; cram0_a[18]             ; 1.8 V        ; 0 s                 ; 0 s                 ; 1.98 V                       ; 5.29e-06 V                   ; 2.04 V              ; -0.0626 V           ; 0.188 V                              ; 0.192 V                              ; 6.66e-10 s                  ; 6.65e-10 s                  ; No                         ; No                         ; 1.98 V                      ; 5.29e-06 V                  ; 2.04 V             ; -0.0626 V          ; 0.188 V                             ; 0.192 V                             ; 6.66e-10 s                 ; 6.65e-10 s                 ; No                        ; No                        ;
; cram0_a[19]             ; 1.8 V        ; 0 s                 ; 0 s                 ; 1.98 V                       ; 5.29e-06 V                   ; 2.04 V              ; -0.062 V            ; 0.187 V                              ; 0.191 V                              ; 6.65e-10 s                  ; 6.65e-10 s                  ; No                         ; No                         ; 1.98 V                      ; 5.29e-06 V                  ; 2.04 V             ; -0.062 V           ; 0.187 V                             ; 0.191 V                             ; 6.65e-10 s                 ; 6.65e-10 s                 ; No                        ; No                        ;
; cram0_a[20]             ; 1.8 V        ; 0 s                 ; 0 s                 ; 1.98 V                       ; 4.93e-06 V                   ; 1.99 V              ; -0.0124 V           ; 0.171 V                              ; 0.167 V                              ; 6.77e-10 s                  ; 6.73e-10 s                  ; No                         ; No                         ; 1.98 V                      ; 4.93e-06 V                  ; 1.99 V             ; -0.0124 V          ; 0.171 V                             ; 0.167 V                             ; 6.77e-10 s                 ; 6.73e-10 s                 ; No                        ; No                        ;
; cram0_a[21]             ; 1.8 V        ; 0 s                 ; 0 s                 ; 1.98 V                       ; 5.29e-06 V                   ; 2.04 V              ; -0.0626 V           ; 0.188 V                              ; 0.192 V                              ; 6.66e-10 s                  ; 6.65e-10 s                  ; No                         ; No                         ; 1.98 V                      ; 5.29e-06 V                  ; 2.04 V             ; -0.0626 V          ; 0.188 V                             ; 0.192 V                             ; 6.66e-10 s                 ; 6.65e-10 s                 ; No                        ; No                        ;
; cram0_clk               ; 1.8 V        ; 0 s                 ; 0 s                 ; 1.98 V                       ; 2.97e-06 V                   ; 2.1 V               ; -0.115 V            ; 0.288 V                              ; 0.305 V                              ; 2.8e-10 s                   ; 2.86e-10 s                  ; No                         ; No                         ; 1.98 V                      ; 2.97e-06 V                  ; 2.1 V              ; -0.115 V           ; 0.288 V                             ; 0.305 V                             ; 2.8e-10 s                  ; 2.86e-10 s                 ; No                        ; No                        ;
; cram0_adv_n             ; 1.8 V        ; 0 s                 ; 0 s                 ; 1.98 V                       ; 4.93e-06 V                   ; 1.99 V              ; -0.0124 V           ; 0.171 V                              ; 0.167 V                              ; 6.77e-10 s                  ; 6.73e-10 s                  ; No                         ; No                         ; 1.98 V                      ; 4.93e-06 V                  ; 1.99 V             ; -0.0124 V          ; 0.171 V                             ; 0.167 V                             ; 6.77e-10 s                 ; 6.73e-10 s                 ; No                        ; No                        ;
; cram0_cre               ; 1.8 V        ; 0 s                 ; 0 s                 ; 1.98 V                       ; 5.29e-06 V                   ; 2.04 V              ; -0.0626 V           ; 0.188 V                              ; 0.192 V                              ; 6.66e-10 s                  ; 6.65e-10 s                  ; No                         ; No                         ; 1.98 V                      ; 5.29e-06 V                  ; 2.04 V             ; -0.0626 V          ; 0.188 V                             ; 0.192 V                             ; 6.66e-10 s                 ; 6.65e-10 s                 ; No                        ; No                        ;
; cram0_ce0_n             ; 1.8 V        ; 0 s                 ; 0 s                 ; 1.98 V                       ; 5.29e-06 V                   ; 2.04 V              ; -0.062 V            ; 0.187 V                              ; 0.191 V                              ; 6.65e-10 s                  ; 6.65e-10 s                  ; No                         ; No                         ; 1.98 V                      ; 5.29e-06 V                  ; 2.04 V             ; -0.062 V           ; 0.187 V                             ; 0.191 V                             ; 6.65e-10 s                 ; 6.65e-10 s                 ; No                        ; No                        ;
; cram0_ce1_n             ; 1.8 V        ; 0 s                 ; 0 s                 ; 1.98 V                       ; 5.37e-06 V                   ; 2.03 V              ; -0.0501 V           ; 0.226 V                              ; 0.227 V                              ; 6.83e-10 s                  ; 6.84e-10 s                  ; No                         ; No                         ; 1.98 V                      ; 5.37e-06 V                  ; 2.03 V             ; -0.0501 V          ; 0.226 V                             ; 0.227 V                             ; 6.83e-10 s                 ; 6.84e-10 s                 ; No                        ; No                        ;
; cram0_oe_n              ; 1.8 V        ; 0 s                 ; 0 s                 ; 1.98 V                       ; 5.29e-06 V                   ; 2.04 V              ; -0.062 V            ; 0.187 V                              ; 0.191 V                              ; 6.65e-10 s                  ; 6.65e-10 s                  ; No                         ; No                         ; 1.98 V                      ; 5.29e-06 V                  ; 2.04 V             ; -0.062 V           ; 0.187 V                             ; 0.191 V                             ; 6.65e-10 s                 ; 6.65e-10 s                 ; No                        ; No                        ;
; cram0_we_n              ; 1.8 V        ; 0 s                 ; 0 s                 ; 1.98 V                       ; 5.29e-06 V                   ; 2.04 V              ; -0.062 V            ; 0.187 V                              ; 0.191 V                              ; 6.65e-10 s                  ; 6.65e-10 s                  ; No                         ; No                         ; 1.98 V                      ; 5.29e-06 V                  ; 2.04 V             ; -0.062 V           ; 0.187 V                             ; 0.191 V                             ; 6.65e-10 s                 ; 6.65e-10 s                 ; No                        ; No                        ;
; cram0_ub_n              ; 1.8 V        ; 0 s                 ; 0 s                 ; 1.98 V                       ; 4.93e-06 V                   ; 1.99 V              ; -0.0124 V           ; 0.171 V                              ; 0.167 V                              ; 6.77e-10 s                  ; 6.73e-10 s                  ; No                         ; No                         ; 1.98 V                      ; 4.93e-06 V                  ; 1.99 V             ; -0.0124 V          ; 0.171 V                             ; 0.167 V                             ; 6.77e-10 s                 ; 6.73e-10 s                 ; No                        ; No                        ;
; cram0_lb_n              ; 1.8 V        ; 0 s                 ; 0 s                 ; 1.98 V                       ; 5.29e-06 V                   ; 2.04 V              ; -0.0626 V           ; 0.188 V                              ; 0.192 V                              ; 6.66e-10 s                  ; 6.65e-10 s                  ; No                         ; No                         ; 1.98 V                      ; 5.29e-06 V                  ; 2.04 V             ; -0.0626 V          ; 0.188 V                             ; 0.192 V                             ; 6.66e-10 s                 ; 6.65e-10 s                 ; No                        ; No                        ;
; cram1_a[16]             ; 1.8 V        ; 0 s                 ; 0 s                 ; 1.98 V                       ; 5.37e-06 V                   ; 2.03 V              ; -0.0501 V           ; 0.226 V                              ; 0.227 V                              ; 6.83e-10 s                  ; 6.84e-10 s                  ; No                         ; No                         ; 1.98 V                      ; 5.37e-06 V                  ; 2.03 V             ; -0.0501 V          ; 0.226 V                             ; 0.227 V                             ; 6.83e-10 s                 ; 6.84e-10 s                 ; No                        ; No                        ;
; cram1_a[17]             ; 1.8 V        ; 0 s                 ; 0 s                 ; 1.98 V                       ; 4.93e-06 V                   ; 1.99 V              ; -0.0124 V           ; 0.171 V                              ; 0.167 V                              ; 6.77e-10 s                  ; 6.73e-10 s                  ; No                         ; No                         ; 1.98 V                      ; 4.93e-06 V                  ; 1.99 V             ; -0.0124 V          ; 0.171 V                             ; 0.167 V                             ; 6.77e-10 s                 ; 6.73e-10 s                 ; No                        ; No                        ;
; cram1_a[18]             ; 1.8 V        ; 0 s                 ; 0 s                 ; 1.98 V                       ; 5.29e-06 V                   ; 2.04 V              ; -0.062 V            ; 0.187 V                              ; 0.191 V                              ; 6.65e-10 s                  ; 6.65e-10 s                  ; No                         ; No                         ; 1.98 V                      ; 5.29e-06 V                  ; 2.04 V             ; -0.062 V           ; 0.187 V                             ; 0.191 V                             ; 6.65e-10 s                 ; 6.65e-10 s                 ; No                        ; No                        ;
; cram1_a[19]             ; 1.8 V        ; 0 s                 ; 0 s                 ; 1.98 V                       ; 5.29e-06 V                   ; 2.04 V              ; -0.0626 V           ; 0.188 V                              ; 0.192 V                              ; 6.66e-10 s                  ; 6.65e-10 s                  ; No                         ; No                         ; 1.98 V                      ; 5.29e-06 V                  ; 2.04 V             ; -0.0626 V          ; 0.188 V                             ; 0.192 V                             ; 6.66e-10 s                 ; 6.65e-10 s                 ; No                        ; No                        ;
; cram1_a[20]             ; 1.8 V        ; 0 s                 ; 0 s                 ; 1.98 V                       ; 5.29e-06 V                   ; 2.04 V              ; -0.0626 V           ; 0.188 V                              ; 0.192 V                              ; 6.66e-10 s                  ; 6.65e-10 s                  ; No                         ; No                         ; 1.98 V                      ; 5.29e-06 V                  ; 2.04 V             ; -0.0626 V          ; 0.188 V                             ; 0.192 V                             ; 6.66e-10 s                 ; 6.65e-10 s                 ; No                        ; No                        ;
; cram1_a[21]             ; 1.8 V        ; 0 s                 ; 0 s                 ; 1.98 V                       ; 5.37e-06 V                   ; 2.03 V              ; -0.0501 V           ; 0.226 V                              ; 0.227 V                              ; 6.83e-10 s                  ; 6.84e-10 s                  ; No                         ; No                         ; 1.98 V                      ; 5.37e-06 V                  ; 2.03 V             ; -0.0501 V          ; 0.226 V                             ; 0.227 V                             ; 6.83e-10 s                 ; 6.84e-10 s                 ; No                        ; No                        ;
; cram1_clk               ; 1.8 V        ; 0 s                 ; 0 s                 ; 1.98 V                       ; 2.54e-06 V                   ; 2.03 V              ; -0.0577 V           ; 0.227 V                              ; 0.226 V                              ; 2.86e-10 s                  ; 2.83e-10 s                  ; No                         ; No                         ; 1.98 V                      ; 2.54e-06 V                  ; 2.03 V             ; -0.0577 V          ; 0.227 V                             ; 0.226 V                             ; 2.86e-10 s                 ; 2.83e-10 s                 ; No                        ; No                        ;
; cram1_adv_n             ; 1.8 V        ; 0 s                 ; 0 s                 ; 1.98 V                       ; 5.29e-06 V                   ; 2.04 V              ; -0.0626 V           ; 0.188 V                              ; 0.192 V                              ; 6.66e-10 s                  ; 6.65e-10 s                  ; No                         ; No                         ; 1.98 V                      ; 5.29e-06 V                  ; 2.04 V             ; -0.0626 V          ; 0.188 V                             ; 0.192 V                             ; 6.66e-10 s                 ; 6.65e-10 s                 ; No                        ; No                        ;
; cram1_cre               ; 1.8 V        ; 0 s                 ; 0 s                 ; 1.98 V                       ; 4.93e-06 V                   ; 1.99 V              ; -0.0124 V           ; 0.171 V                              ; 0.167 V                              ; 6.77e-10 s                  ; 6.73e-10 s                  ; No                         ; No                         ; 1.98 V                      ; 4.93e-06 V                  ; 1.99 V             ; -0.0124 V          ; 0.171 V                             ; 0.167 V                             ; 6.77e-10 s                 ; 6.73e-10 s                 ; No                        ; No                        ;
; cram1_ce0_n             ; 1.8 V        ; 0 s                 ; 0 s                 ; 1.98 V                       ; 5.29e-06 V                   ; 2.04 V              ; -0.0626 V           ; 0.188 V                              ; 0.192 V                              ; 6.66e-10 s                  ; 6.65e-10 s                  ; No                         ; No                         ; 1.98 V                      ; 5.29e-06 V                  ; 2.04 V             ; -0.0626 V          ; 0.188 V                             ; 0.192 V                             ; 6.66e-10 s                 ; 6.65e-10 s                 ; No                        ; No                        ;
; cram1_ce1_n             ; 1.8 V        ; 0 s                 ; 0 s                 ; 1.98 V                       ; 5.37e-06 V                   ; 2.03 V              ; -0.0501 V           ; 0.226 V                              ; 0.227 V                              ; 6.83e-10 s                  ; 6.84e-10 s                  ; No                         ; No                         ; 1.98 V                      ; 5.37e-06 V                  ; 2.03 V             ; -0.0501 V          ; 0.226 V                             ; 0.227 V                             ; 6.83e-10 s                 ; 6.84e-10 s                 ; No                        ; No                        ;
; cram1_oe_n              ; 1.8 V        ; 0 s                 ; 0 s                 ; 1.98 V                       ; 5.37e-06 V                   ; 2.03 V              ; -0.0501 V           ; 0.226 V                              ; 0.227 V                              ; 6.83e-10 s                  ; 6.84e-10 s                  ; No                         ; No                         ; 1.98 V                      ; 5.37e-06 V                  ; 2.03 V             ; -0.0501 V          ; 0.226 V                             ; 0.227 V                             ; 6.83e-10 s                 ; 6.84e-10 s                 ; No                        ; No                        ;
; cram1_we_n              ; 1.8 V        ; 0 s                 ; 0 s                 ; 1.98 V                       ; 5.29e-06 V                   ; 2.04 V              ; -0.062 V            ; 0.187 V                              ; 0.191 V                              ; 6.65e-10 s                  ; 6.65e-10 s                  ; No                         ; No                         ; 1.98 V                      ; 5.29e-06 V                  ; 2.04 V             ; -0.062 V           ; 0.187 V                             ; 0.191 V                             ; 6.65e-10 s                 ; 6.65e-10 s                 ; No                        ; No                        ;
; cram1_ub_n              ; 1.8 V        ; 0 s                 ; 0 s                 ; 1.98 V                       ; 4.93e-06 V                   ; 1.99 V              ; -0.0124 V           ; 0.171 V                              ; 0.167 V                              ; 6.77e-10 s                  ; 6.73e-10 s                  ; No                         ; No                         ; 1.98 V                      ; 4.93e-06 V                  ; 1.99 V             ; -0.0124 V          ; 0.171 V                             ; 0.167 V                             ; 6.77e-10 s                 ; 6.73e-10 s                 ; No                        ; No                        ;
; cram1_lb_n              ; 1.8 V        ; 0 s                 ; 0 s                 ; 1.98 V                       ; 5.29e-06 V                   ; 2.04 V              ; -0.062 V            ; 0.187 V                              ; 0.191 V                              ; 6.65e-10 s                  ; 6.65e-10 s                  ; No                         ; No                         ; 1.98 V                      ; 5.29e-06 V                  ; 2.04 V             ; -0.062 V           ; 0.187 V                             ; 0.191 V                             ; 6.65e-10 s                 ; 6.65e-10 s                 ; No                        ; No                        ;
; dram_a[0]               ; 1.8 V        ; 0 s                 ; 0 s                 ; 1.98 V                       ; 5.37e-06 V                   ; 2.03 V              ; -0.0501 V           ; 0.226 V                              ; 0.227 V                              ; 6.83e-10 s                  ; 6.84e-10 s                  ; No                         ; No                         ; 1.98 V                      ; 5.37e-06 V                  ; 2.03 V             ; -0.0501 V          ; 0.226 V                             ; 0.227 V                             ; 6.83e-10 s                 ; 6.84e-10 s                 ; No                        ; No                        ;
; dram_a[1]               ; 1.8 V        ; 0 s                 ; 0 s                 ; 1.98 V                       ; 5.37e-06 V                   ; 2.03 V              ; -0.0501 V           ; 0.226 V                              ; 0.227 V                              ; 6.83e-10 s                  ; 6.84e-10 s                  ; No                         ; No                         ; 1.98 V                      ; 5.37e-06 V                  ; 2.03 V             ; -0.0501 V          ; 0.226 V                             ; 0.227 V                             ; 6.83e-10 s                 ; 6.84e-10 s                 ; No                        ; No                        ;
; dram_a[2]               ; 1.8 V        ; 0 s                 ; 0 s                 ; 1.98 V                       ; 5.29e-06 V                   ; 2.04 V              ; -0.062 V            ; 0.187 V                              ; 0.191 V                              ; 6.65e-10 s                  ; 6.65e-10 s                  ; No                         ; No                         ; 1.98 V                      ; 5.29e-06 V                  ; 2.04 V             ; -0.062 V           ; 0.187 V                             ; 0.191 V                             ; 6.65e-10 s                 ; 6.65e-10 s                 ; No                        ; No                        ;
; dram_a[3]               ; 1.8 V        ; 0 s                 ; 0 s                 ; 1.98 V                       ; 5.37e-06 V                   ; 2.03 V              ; -0.0501 V           ; 0.226 V                              ; 0.227 V                              ; 6.83e-10 s                  ; 6.84e-10 s                  ; No                         ; No                         ; 1.98 V                      ; 5.37e-06 V                  ; 2.03 V             ; -0.0501 V          ; 0.226 V                             ; 0.227 V                             ; 6.83e-10 s                 ; 6.84e-10 s                 ; No                        ; No                        ;
; dram_a[4]               ; 1.8 V        ; 0 s                 ; 0 s                 ; 1.98 V                       ; 4.93e-06 V                   ; 1.99 V              ; -0.0124 V           ; 0.171 V                              ; 0.167 V                              ; 6.77e-10 s                  ; 6.73e-10 s                  ; No                         ; No                         ; 1.98 V                      ; 4.93e-06 V                  ; 1.99 V             ; -0.0124 V          ; 0.171 V                             ; 0.167 V                             ; 6.77e-10 s                 ; 6.73e-10 s                 ; No                        ; No                        ;
; dram_a[5]               ; 1.8 V        ; 0 s                 ; 0 s                 ; 1.98 V                       ; 4.93e-06 V                   ; 1.99 V              ; -0.0124 V           ; 0.171 V                              ; 0.167 V                              ; 6.77e-10 s                  ; 6.73e-10 s                  ; No                         ; No                         ; 1.98 V                      ; 4.93e-06 V                  ; 1.99 V             ; -0.0124 V          ; 0.171 V                             ; 0.167 V                             ; 6.77e-10 s                 ; 6.73e-10 s                 ; No                        ; No                        ;
; dram_a[6]               ; 1.8 V        ; 0 s                 ; 0 s                 ; 1.98 V                       ; 5.37e-06 V                   ; 2.03 V              ; -0.0501 V           ; 0.226 V                              ; 0.227 V                              ; 6.83e-10 s                  ; 6.84e-10 s                  ; No                         ; No                         ; 1.98 V                      ; 5.37e-06 V                  ; 2.03 V             ; -0.0501 V          ; 0.226 V                             ; 0.227 V                             ; 6.83e-10 s                 ; 6.84e-10 s                 ; No                        ; No                        ;
; dram_a[7]               ; 1.8 V        ; 0 s                 ; 0 s                 ; 1.98 V                       ; 5.29e-06 V                   ; 2.04 V              ; -0.062 V            ; 0.187 V                              ; 0.191 V                              ; 6.65e-10 s                  ; 6.65e-10 s                  ; No                         ; No                         ; 1.98 V                      ; 5.29e-06 V                  ; 2.04 V             ; -0.062 V           ; 0.187 V                             ; 0.191 V                             ; 6.65e-10 s                 ; 6.65e-10 s                 ; No                        ; No                        ;
; dram_a[8]               ; 1.8 V        ; 0 s                 ; 0 s                 ; 1.98 V                       ; 5.29e-06 V                   ; 2.04 V              ; -0.062 V            ; 0.187 V                              ; 0.191 V                              ; 6.65e-10 s                  ; 6.65e-10 s                  ; No                         ; No                         ; 1.98 V                      ; 5.29e-06 V                  ; 2.04 V             ; -0.062 V           ; 0.187 V                             ; 0.191 V                             ; 6.65e-10 s                 ; 6.65e-10 s                 ; No                        ; No                        ;
; dram_a[9]               ; 1.8 V        ; 0 s                 ; 0 s                 ; 1.98 V                       ; 5.29e-06 V                   ; 2.04 V              ; -0.0626 V           ; 0.188 V                              ; 0.192 V                              ; 6.66e-10 s                  ; 6.65e-10 s                  ; No                         ; No                         ; 1.98 V                      ; 5.29e-06 V                  ; 2.04 V             ; -0.0626 V          ; 0.188 V                             ; 0.192 V                             ; 6.66e-10 s                 ; 6.65e-10 s                 ; No                        ; No                        ;
; dram_a[10]              ; 1.8 V        ; 0 s                 ; 0 s                 ; 1.98 V                       ; 4.93e-06 V                   ; 1.99 V              ; -0.0124 V           ; 0.171 V                              ; 0.167 V                              ; 6.77e-10 s                  ; 6.73e-10 s                  ; No                         ; No                         ; 1.98 V                      ; 4.93e-06 V                  ; 1.99 V             ; -0.0124 V          ; 0.171 V                             ; 0.167 V                             ; 6.77e-10 s                 ; 6.73e-10 s                 ; No                        ; No                        ;
; dram_a[11]              ; 1.8 V        ; 0 s                 ; 0 s                 ; 1.98 V                       ; 4.93e-06 V                   ; 1.99 V              ; -0.0124 V           ; 0.171 V                              ; 0.167 V                              ; 6.77e-10 s                  ; 6.73e-10 s                  ; No                         ; No                         ; 1.98 V                      ; 4.93e-06 V                  ; 1.99 V             ; -0.0124 V          ; 0.171 V                             ; 0.167 V                             ; 6.77e-10 s                 ; 6.73e-10 s                 ; No                        ; No                        ;
; dram_a[12]              ; 1.8 V        ; 0 s                 ; 0 s                 ; 1.98 V                       ; 5.29e-06 V                   ; 2.04 V              ; -0.0626 V           ; 0.188 V                              ; 0.192 V                              ; 6.66e-10 s                  ; 6.65e-10 s                  ; No                         ; No                         ; 1.98 V                      ; 5.29e-06 V                  ; 2.04 V             ; -0.0626 V          ; 0.188 V                             ; 0.192 V                             ; 6.66e-10 s                 ; 6.65e-10 s                 ; No                        ; No                        ;
; dram_ba[0]              ; 1.8 V        ; 0 s                 ; 0 s                 ; 1.98 V                       ; 5.29e-06 V                   ; 2.04 V              ; -0.062 V            ; 0.187 V                              ; 0.191 V                              ; 6.65e-10 s                  ; 6.65e-10 s                  ; No                         ; No                         ; 1.98 V                      ; 5.29e-06 V                  ; 2.04 V             ; -0.062 V           ; 0.187 V                             ; 0.191 V                             ; 6.65e-10 s                 ; 6.65e-10 s                 ; No                        ; No                        ;
; dram_ba[1]              ; 1.8 V        ; 0 s                 ; 0 s                 ; 1.98 V                       ; 4.93e-06 V                   ; 1.99 V              ; -0.0124 V           ; 0.171 V                              ; 0.167 V                              ; 6.77e-10 s                  ; 6.73e-10 s                  ; No                         ; No                         ; 1.98 V                      ; 4.93e-06 V                  ; 1.99 V             ; -0.0124 V          ; 0.171 V                             ; 0.167 V                             ; 6.77e-10 s                 ; 6.73e-10 s                 ; No                        ; No                        ;
; dram_dqm[0]             ; 1.8 V        ; 0 s                 ; 0 s                 ; 1.98 V                       ; 5.37e-06 V                   ; 2.03 V              ; -0.0501 V           ; 0.226 V                              ; 0.227 V                              ; 6.83e-10 s                  ; 6.84e-10 s                  ; No                         ; No                         ; 1.98 V                      ; 5.37e-06 V                  ; 2.03 V             ; -0.0501 V          ; 0.226 V                             ; 0.227 V                             ; 6.83e-10 s                 ; 6.84e-10 s                 ; No                        ; No                        ;
; dram_dqm[1]             ; 1.8 V        ; 0 s                 ; 0 s                 ; 1.98 V                       ; 4.93e-06 V                   ; 1.99 V              ; -0.0124 V           ; 0.171 V                              ; 0.167 V                              ; 6.77e-10 s                  ; 6.73e-10 s                  ; No                         ; No                         ; 1.98 V                      ; 4.93e-06 V                  ; 1.99 V             ; -0.0124 V          ; 0.171 V                             ; 0.167 V                             ; 6.77e-10 s                 ; 6.73e-10 s                 ; No                        ; No                        ;
; dram_clk                ; 1.8 V        ; 0 s                 ; 0 s                 ; 1.98 V                       ; 2.54e-06 V                   ; 2.03 V              ; -0.0577 V           ; 0.227 V                              ; 0.226 V                              ; 2.86e-10 s                  ; 2.83e-10 s                  ; No                         ; No                         ; 1.98 V                      ; 2.54e-06 V                  ; 2.03 V             ; -0.0577 V          ; 0.227 V                             ; 0.226 V                             ; 2.86e-10 s                 ; 2.83e-10 s                 ; No                        ; No                        ;
; dram_cke                ; 1.8 V        ; 0 s                 ; 0 s                 ; 1.98 V                       ; 5.37e-06 V                   ; 2.03 V              ; -0.0501 V           ; 0.226 V                              ; 0.227 V                              ; 6.83e-10 s                  ; 6.84e-10 s                  ; No                         ; No                         ; 1.98 V                      ; 5.37e-06 V                  ; 2.03 V             ; -0.0501 V          ; 0.226 V                             ; 0.227 V                             ; 6.83e-10 s                 ; 6.84e-10 s                 ; No                        ; No                        ;
; dram_ras_n              ; 1.8 V        ; 0 s                 ; 0 s                 ; 1.98 V                       ; 5.29e-06 V                   ; 2.04 V              ; -0.062 V            ; 0.187 V                              ; 0.191 V                              ; 6.65e-10 s                  ; 6.65e-10 s                  ; No                         ; No                         ; 1.98 V                      ; 5.29e-06 V                  ; 2.04 V             ; -0.062 V           ; 0.187 V                             ; 0.191 V                             ; 6.65e-10 s                 ; 6.65e-10 s                 ; No                        ; No                        ;
; dram_cas_n              ; 1.8 V        ; 0 s                 ; 0 s                 ; 1.98 V                       ; 5.29e-06 V                   ; 2.04 V              ; -0.0626 V           ; 0.188 V                              ; 0.192 V                              ; 6.66e-10 s                  ; 6.65e-10 s                  ; No                         ; No                         ; 1.98 V                      ; 5.29e-06 V                  ; 2.04 V             ; -0.0626 V          ; 0.188 V                             ; 0.192 V                             ; 6.66e-10 s                 ; 6.65e-10 s                 ; No                        ; No                        ;
; dram_we_n               ; 1.8 V        ; 0 s                 ; 0 s                 ; 1.98 V                       ; 5.29e-06 V                   ; 2.04 V              ; -0.0626 V           ; 0.188 V                              ; 0.192 V                              ; 6.66e-10 s                  ; 6.65e-10 s                  ; No                         ; No                         ; 1.98 V                      ; 5.29e-06 V                  ; 2.04 V             ; -0.0626 V          ; 0.188 V                             ; 0.192 V                             ; 6.66e-10 s                 ; 6.65e-10 s                 ; No                        ; No                        ;
; sram_a[0]               ; 3.3-V LVCMOS ; 0 s                 ; 0 s                 ; 3.63 V                       ; 3.63e-06 V                   ; 3.64 V              ; -0.326 V            ; 0.091 V                              ; 0.479 V                              ; 3.83e-10 s                  ; 1.5e-10 s                   ; Yes                        ; No                         ; 3.63 V                      ; 3.63e-06 V                  ; 3.64 V             ; -0.326 V           ; 0.091 V                             ; 0.479 V                             ; 3.83e-10 s                 ; 1.5e-10 s                  ; Yes                       ; No                        ;
; sram_a[1]               ; 3.3-V LVCMOS ; 0 s                 ; 0 s                 ; 3.63 V                       ; 4.94e-06 V                   ; 3.69 V              ; -0.414 V            ; 0.134 V                              ; 0.585 V                              ; 4.19e-10 s                  ; 1.53e-10 s                  ; Yes                        ; No                         ; 3.63 V                      ; 4.94e-06 V                  ; 3.69 V             ; -0.414 V           ; 0.134 V                             ; 0.585 V                             ; 4.19e-10 s                 ; 1.53e-10 s                 ; Yes                       ; No                        ;
; sram_a[2]               ; 3.3-V LVCMOS ; 0 s                 ; 0 s                 ; 3.63 V                       ; 3.63e-06 V                   ; 3.64 V              ; -0.326 V            ; 0.091 V                              ; 0.479 V                              ; 3.83e-10 s                  ; 1.5e-10 s                   ; Yes                        ; No                         ; 3.63 V                      ; 3.63e-06 V                  ; 3.64 V             ; -0.326 V           ; 0.091 V                             ; 0.479 V                             ; 3.83e-10 s                 ; 1.5e-10 s                  ; Yes                       ; No                        ;
; sram_a[3]               ; 3.3-V LVCMOS ; 0 s                 ; 0 s                 ; 3.63 V                       ; 4.72e-06 V                   ; 3.7 V               ; -0.49 V             ; 0.117 V                              ; 0.621 V                              ; 3.84e-10 s                  ; 1.48e-10 s                  ; Yes                        ; No                         ; 3.63 V                      ; 4.72e-06 V                  ; 3.7 V              ; -0.49 V            ; 0.117 V                             ; 0.621 V                             ; 3.84e-10 s                 ; 1.48e-10 s                 ; Yes                       ; No                        ;
; sram_a[4]               ; 3.3-V LVCMOS ; 0 s                 ; 0 s                 ; 3.63 V                       ; 4.94e-06 V                   ; 3.69 V              ; -0.414 V            ; 0.134 V                              ; 0.585 V                              ; 4.19e-10 s                  ; 1.53e-10 s                  ; Yes                        ; No                         ; 3.63 V                      ; 4.94e-06 V                  ; 3.69 V             ; -0.414 V           ; 0.134 V                             ; 0.585 V                             ; 4.19e-10 s                 ; 1.53e-10 s                 ; Yes                       ; No                        ;
; sram_a[5]               ; 3.3-V LVCMOS ; 0 s                 ; 0 s                 ; 3.63 V                       ; 3.63e-06 V                   ; 3.64 V              ; -0.326 V            ; 0.091 V                              ; 0.479 V                              ; 3.83e-10 s                  ; 1.5e-10 s                   ; Yes                        ; No                         ; 3.63 V                      ; 3.63e-06 V                  ; 3.64 V             ; -0.326 V           ; 0.091 V                             ; 0.479 V                             ; 3.83e-10 s                 ; 1.5e-10 s                  ; Yes                       ; No                        ;
; sram_a[6]               ; 3.3-V LVCMOS ; 0 s                 ; 0 s                 ; 3.63 V                       ; 3.63e-06 V                   ; 3.64 V              ; -0.326 V            ; 0.091 V                              ; 0.479 V                              ; 3.83e-10 s                  ; 1.5e-10 s                   ; Yes                        ; No                         ; 3.63 V                      ; 3.63e-06 V                  ; 3.64 V             ; -0.326 V           ; 0.091 V                             ; 0.479 V                             ; 3.83e-10 s                 ; 1.5e-10 s                  ; Yes                       ; No                        ;
; sram_a[7]               ; 3.3-V LVCMOS ; 0 s                 ; 0 s                 ; 3.63 V                       ; 4.94e-06 V                   ; 3.69 V              ; -0.414 V            ; 0.134 V                              ; 0.585 V                              ; 4.19e-10 s                  ; 1.53e-10 s                  ; Yes                        ; No                         ; 3.63 V                      ; 4.94e-06 V                  ; 3.69 V             ; -0.414 V           ; 0.134 V                             ; 0.585 V                             ; 4.19e-10 s                 ; 1.53e-10 s                 ; Yes                       ; No                        ;
; sram_a[8]               ; 3.3-V LVCMOS ; 0 s                 ; 0 s                 ; 3.63 V                       ; 4.94e-06 V                   ; 3.69 V              ; -0.414 V            ; 0.134 V                              ; 0.585 V                              ; 4.19e-10 s                  ; 1.53e-10 s                  ; Yes                        ; No                         ; 3.63 V                      ; 4.94e-06 V                  ; 3.69 V             ; -0.414 V           ; 0.134 V                             ; 0.585 V                             ; 4.19e-10 s                 ; 1.53e-10 s                 ; Yes                       ; No                        ;
; sram_a[9]               ; 3.3-V LVCMOS ; 0 s                 ; 0 s                 ; 3.63 V                       ; 3.63e-06 V                   ; 3.64 V              ; -0.326 V            ; 0.091 V                              ; 0.479 V                              ; 3.83e-10 s                  ; 1.5e-10 s                   ; Yes                        ; No                         ; 3.63 V                      ; 3.63e-06 V                  ; 3.64 V             ; -0.326 V           ; 0.091 V                             ; 0.479 V                             ; 3.83e-10 s                 ; 1.5e-10 s                  ; Yes                       ; No                        ;
; sram_a[10]              ; 3.3-V LVCMOS ; 0 s                 ; 0 s                 ; 3.63 V                       ; 3.63e-06 V                   ; 3.64 V              ; -0.326 V            ; 0.091 V                              ; 0.479 V                              ; 3.83e-10 s                  ; 1.5e-10 s                   ; Yes                        ; No                         ; 3.63 V                      ; 3.63e-06 V                  ; 3.64 V             ; -0.326 V           ; 0.091 V                             ; 0.479 V                             ; 3.83e-10 s                 ; 1.5e-10 s                  ; Yes                       ; No                        ;
; sram_a[11]              ; 3.3-V LVCMOS ; 0 s                 ; 0 s                 ; 3.63 V                       ; 3.63e-06 V                   ; 3.64 V              ; -0.326 V            ; 0.091 V                              ; 0.479 V                              ; 3.83e-10 s                  ; 1.5e-10 s                   ; Yes                        ; No                         ; 3.63 V                      ; 3.63e-06 V                  ; 3.64 V             ; -0.326 V           ; 0.091 V                             ; 0.479 V                             ; 3.83e-10 s                 ; 1.5e-10 s                  ; Yes                       ; No                        ;
; sram_a[12]              ; 3.3-V LVCMOS ; 0 s                 ; 0 s                 ; 3.63 V                       ; 3.63e-06 V                   ; 3.64 V              ; -0.326 V            ; 0.091 V                              ; 0.479 V                              ; 3.83e-10 s                  ; 1.5e-10 s                   ; Yes                        ; No                         ; 3.63 V                      ; 3.63e-06 V                  ; 3.64 V             ; -0.326 V           ; 0.091 V                             ; 0.479 V                             ; 3.83e-10 s                 ; 1.5e-10 s                  ; Yes                       ; No                        ;
; sram_a[13]              ; 3.3-V LVCMOS ; 0 s                 ; 0 s                 ; 3.63 V                       ; 3.63e-06 V                   ; 3.64 V              ; -0.326 V            ; 0.091 V                              ; 0.479 V                              ; 3.83e-10 s                  ; 1.5e-10 s                   ; Yes                        ; No                         ; 3.63 V                      ; 3.63e-06 V                  ; 3.64 V             ; -0.326 V           ; 0.091 V                             ; 0.479 V                             ; 3.83e-10 s                 ; 1.5e-10 s                  ; Yes                       ; No                        ;
; sram_a[14]              ; 3.3-V LVCMOS ; 0 s                 ; 0 s                 ; 3.63 V                       ; 4.94e-06 V                   ; 3.69 V              ; -0.414 V            ; 0.134 V                              ; 0.585 V                              ; 4.19e-10 s                  ; 1.53e-10 s                  ; Yes                        ; No                         ; 3.63 V                      ; 4.94e-06 V                  ; 3.69 V             ; -0.414 V           ; 0.134 V                             ; 0.585 V                             ; 4.19e-10 s                 ; 1.53e-10 s                 ; Yes                       ; No                        ;
; sram_a[15]              ; 3.3-V LVCMOS ; 0 s                 ; 0 s                 ; 3.63 V                       ; 4.94e-06 V                   ; 3.69 V              ; -0.414 V            ; 0.134 V                              ; 0.585 V                              ; 4.19e-10 s                  ; 1.53e-10 s                  ; Yes                        ; No                         ; 3.63 V                      ; 4.94e-06 V                  ; 3.69 V             ; -0.414 V           ; 0.134 V                             ; 0.585 V                             ; 4.19e-10 s                 ; 1.53e-10 s                 ; Yes                       ; No                        ;
; sram_a[16]              ; 3.3-V LVCMOS ; 0 s                 ; 0 s                 ; 3.63 V                       ; 3.63e-06 V                   ; 3.64 V              ; -0.326 V            ; 0.091 V                              ; 0.479 V                              ; 3.83e-10 s                  ; 1.5e-10 s                   ; Yes                        ; No                         ; 3.63 V                      ; 3.63e-06 V                  ; 3.64 V             ; -0.326 V           ; 0.091 V                             ; 0.479 V                             ; 3.83e-10 s                 ; 1.5e-10 s                  ; Yes                       ; No                        ;
; sram_oe_n               ; 3.3-V LVCMOS ; 0 s                 ; 0 s                 ; 3.63 V                       ; 4.94e-06 V                   ; 3.69 V              ; -0.414 V            ; 0.134 V                              ; 0.585 V                              ; 4.19e-10 s                  ; 1.53e-10 s                  ; Yes                        ; No                         ; 3.63 V                      ; 4.94e-06 V                  ; 3.69 V             ; -0.414 V           ; 0.134 V                             ; 0.585 V                             ; 4.19e-10 s                 ; 1.53e-10 s                 ; Yes                       ; No                        ;
; sram_we_n               ; 3.3-V LVCMOS ; 0 s                 ; 0 s                 ; 3.63 V                       ; 4.94e-06 V                   ; 3.69 V              ; -0.414 V            ; 0.134 V                              ; 0.585 V                              ; 4.19e-10 s                  ; 1.53e-10 s                  ; Yes                        ; No                         ; 3.63 V                      ; 4.94e-06 V                  ; 3.69 V             ; -0.414 V           ; 0.134 V                             ; 0.585 V                             ; 4.19e-10 s                 ; 1.53e-10 s                 ; Yes                       ; No                        ;
; sram_ub_n               ; 3.3-V LVCMOS ; 0 s                 ; 0 s                 ; 3.63 V                       ; 4.94e-06 V                   ; 3.69 V              ; -0.414 V            ; 0.134 V                              ; 0.585 V                              ; 4.19e-10 s                  ; 1.53e-10 s                  ; Yes                        ; No                         ; 3.63 V                      ; 4.94e-06 V                  ; 3.69 V             ; -0.414 V           ; 0.134 V                             ; 0.585 V                             ; 4.19e-10 s                 ; 1.53e-10 s                 ; Yes                       ; No                        ;
; sram_lb_n               ; 3.3-V LVCMOS ; 0 s                 ; 0 s                 ; 3.63 V                       ; 4.72e-06 V                   ; 3.7 V               ; -0.49 V             ; 0.117 V                              ; 0.622 V                              ; 3.84e-10 s                  ; 1.48e-10 s                  ; Yes                        ; No                         ; 3.63 V                      ; 4.72e-06 V                  ; 3.7 V              ; -0.49 V            ; 0.117 V                             ; 0.622 V                             ; 3.84e-10 s                 ; 1.48e-10 s                 ; Yes                       ; No                        ;
; dbg_tx                  ; 1.8 V        ; 0 s                 ; 0 s                 ; 1.98 V                       ; 3.04e-06 V                   ; 2.09 V              ; -0.126 V            ; 0.278 V                              ; 0.288 V                              ; 2.8e-10 s                   ; 2.77e-10 s                  ; No                         ; No                         ; 1.98 V                      ; 3.04e-06 V                  ; 2.09 V             ; -0.126 V           ; 0.278 V                             ; 0.288 V                             ; 2.8e-10 s                  ; 2.77e-10 s                 ; No                        ; No                        ;
; user1                   ; 1.8 V        ; 0 s                 ; 0 s                 ; 1.98 V                       ; 2.9e-06 V                    ; 2.11 V              ; -0.134 V            ; 0.254 V                              ; 0.269 V                              ; 2.69e-10 s                  ; 2.7e-10 s                   ; No                         ; No                         ; 1.98 V                      ; 2.9e-06 V                   ; 2.11 V             ; -0.134 V           ; 0.254 V                             ; 0.269 V                             ; 2.69e-10 s                 ; 2.7e-10 s                  ; No                        ; No                        ;
; vpll_feed               ; 1.8 V        ; 0 s                 ; 0 s                 ; 1.98 V                       ; 2.97e-06 V                   ; 2.1 V               ; -0.115 V            ; 0.288 V                              ; 0.305 V                              ; 2.8e-10 s                   ; 2.86e-10 s                  ; No                         ; No                         ; 1.98 V                      ; 2.97e-06 V                  ; 2.1 V              ; -0.115 V           ; 0.288 V                             ; 0.305 V                             ; 2.8e-10 s                  ; 2.86e-10 s                 ; No                        ; No                        ;
; aux_scl                 ; 1.8 V        ; 0 s                 ; 0 s                 ; 1.98 V                       ; 4.93e-06 V                   ; 1.99 V              ; -0.0124 V           ; 0.171 V                              ; 0.167 V                              ; 6.77e-10 s                  ; 6.73e-10 s                  ; No                         ; No                         ; 1.98 V                      ; 4.93e-06 V                  ; 1.99 V             ; -0.0124 V          ; 0.171 V                             ; 0.167 V                             ; 6.77e-10 s                 ; 6.73e-10 s                 ; No                        ; No                        ;
; cart_tran_bank2[0]      ; 3.3-V LVCMOS ; 0 s                 ; 0 s                 ; 3.63 V                       ; 4.72e-06 V                   ; 3.7 V               ; -0.49 V             ; 0.117 V                              ; 0.621 V                              ; 3.84e-10 s                  ; 1.48e-10 s                  ; Yes                        ; No                         ; 3.63 V                      ; 4.72e-06 V                  ; 3.7 V              ; -0.49 V            ; 0.117 V                             ; 0.621 V                             ; 3.84e-10 s                 ; 1.48e-10 s                 ; Yes                       ; No                        ;
; cart_tran_bank2[1]      ; 3.3-V LVCMOS ; 0 s                 ; 0 s                 ; 3.63 V                       ; 4.72e-06 V                   ; 3.7 V               ; -0.49 V             ; 0.117 V                              ; 0.621 V                              ; 3.84e-10 s                  ; 1.48e-10 s                  ; Yes                        ; No                         ; 3.63 V                      ; 4.72e-06 V                  ; 3.7 V              ; -0.49 V            ; 0.117 V                             ; 0.621 V                             ; 3.84e-10 s                 ; 1.48e-10 s                 ; Yes                       ; No                        ;
; cart_tran_bank2[2]      ; 3.3-V LVCMOS ; 0 s                 ; 0 s                 ; 3.63 V                       ; 4.72e-06 V                   ; 3.7 V               ; -0.49 V             ; 0.117 V                              ; 0.622 V                              ; 3.84e-10 s                  ; 1.48e-10 s                  ; Yes                        ; No                         ; 3.63 V                      ; 4.72e-06 V                  ; 3.7 V              ; -0.49 V            ; 0.117 V                             ; 0.622 V                             ; 3.84e-10 s                 ; 1.48e-10 s                 ; Yes                       ; No                        ;
; cart_tran_bank2[3]      ; 3.3-V LVCMOS ; 0 s                 ; 0 s                 ; 3.63 V                       ; 4.72e-06 V                   ; 3.7 V               ; -0.49 V             ; 0.117 V                              ; 0.622 V                              ; 3.84e-10 s                  ; 1.48e-10 s                  ; Yes                        ; No                         ; 3.63 V                      ; 4.72e-06 V                  ; 3.7 V              ; -0.49 V            ; 0.117 V                             ; 0.622 V                             ; 3.84e-10 s                 ; 1.48e-10 s                 ; Yes                       ; No                        ;
; cart_tran_bank2[4]      ; 3.3-V LVCMOS ; 0 s                 ; 0 s                 ; 3.63 V                       ; 4.72e-06 V                   ; 3.7 V               ; -0.49 V             ; 0.117 V                              ; 0.621 V                              ; 3.84e-10 s                  ; 1.48e-10 s                  ; Yes                        ; No                         ; 3.63 V                      ; 4.72e-06 V                  ; 3.7 V              ; -0.49 V            ; 0.117 V                             ; 0.621 V                             ; 3.84e-10 s                 ; 1.48e-10 s                 ; Yes                       ; No                        ;
; cart_tran_bank2[5]      ; 3.3-V LVCMOS ; 0 s                 ; 0 s                 ; 3.63 V                       ; 4.72e-06 V                   ; 3.7 V               ; -0.49 V             ; 0.117 V                              ; 0.621 V                              ; 3.84e-10 s                  ; 1.48e-10 s                  ; Yes                        ; No                         ; 3.63 V                      ; 4.72e-06 V                  ; 3.7 V              ; -0.49 V            ; 0.117 V                             ; 0.621 V                             ; 3.84e-10 s                 ; 1.48e-10 s                 ; Yes                       ; No                        ;
; cart_tran_bank2[6]      ; 3.3-V LVCMOS ; 0 s                 ; 0 s                 ; 3.63 V                       ; 4.72e-06 V                   ; 3.7 V               ; -0.49 V             ; 0.117 V                              ; 0.622 V                              ; 3.84e-10 s                  ; 1.48e-10 s                  ; Yes                        ; No                         ; 3.63 V                      ; 4.72e-06 V                  ; 3.7 V              ; -0.49 V            ; 0.117 V                             ; 0.622 V                             ; 3.84e-10 s                 ; 1.48e-10 s                 ; Yes                       ; No                        ;
; cart_tran_bank2[7]      ; 3.3-V LVCMOS ; 0 s                 ; 0 s                 ; 3.63 V                       ; 4.72e-06 V                   ; 3.7 V               ; -0.49 V             ; 0.117 V                              ; 0.621 V                              ; 3.84e-10 s                  ; 1.48e-10 s                  ; Yes                        ; No                         ; 3.63 V                      ; 4.72e-06 V                  ; 3.7 V              ; -0.49 V            ; 0.117 V                             ; 0.621 V                             ; 3.84e-10 s                 ; 1.48e-10 s                 ; Yes                       ; No                        ;
; cart_tran_bank3[0]      ; 3.3-V LVCMOS ; 0 s                 ; 0 s                 ; 3.63 V                       ; 4.72e-06 V                   ; 3.7 V               ; -0.49 V             ; 0.117 V                              ; 0.622 V                              ; 3.84e-10 s                  ; 1.48e-10 s                  ; Yes                        ; No                         ; 3.63 V                      ; 4.72e-06 V                  ; 3.7 V              ; -0.49 V            ; 0.117 V                             ; 0.622 V                             ; 3.84e-10 s                 ; 1.48e-10 s                 ; Yes                       ; No                        ;
; cart_tran_bank3[1]      ; 3.3-V LVCMOS ; 0 s                 ; 0 s                 ; 3.63 V                       ; 4.72e-06 V                   ; 3.7 V               ; -0.49 V             ; 0.117 V                              ; 0.622 V                              ; 3.84e-10 s                  ; 1.48e-10 s                  ; Yes                        ; No                         ; 3.63 V                      ; 4.72e-06 V                  ; 3.7 V              ; -0.49 V            ; 0.117 V                             ; 0.622 V                             ; 3.84e-10 s                 ; 1.48e-10 s                 ; Yes                       ; No                        ;
; cart_tran_bank3[2]      ; 3.3-V LVCMOS ; 0 s                 ; 0 s                 ; 3.63 V                       ; 4.72e-06 V                   ; 3.7 V               ; -0.49 V             ; 0.117 V                              ; 0.621 V                              ; 3.84e-10 s                  ; 1.48e-10 s                  ; Yes                        ; No                         ; 3.63 V                      ; 4.72e-06 V                  ; 3.7 V              ; -0.49 V            ; 0.117 V                             ; 0.621 V                             ; 3.84e-10 s                 ; 1.48e-10 s                 ; Yes                       ; No                        ;
; cart_tran_bank3[3]      ; 3.3-V LVCMOS ; 0 s                 ; 0 s                 ; 3.63 V                       ; 4.72e-06 V                   ; 3.7 V               ; -0.49 V             ; 0.117 V                              ; 0.621 V                              ; 3.84e-10 s                  ; 1.48e-10 s                  ; Yes                        ; No                         ; 3.63 V                      ; 4.72e-06 V                  ; 3.7 V              ; -0.49 V            ; 0.117 V                             ; 0.621 V                             ; 3.84e-10 s                 ; 1.48e-10 s                 ; Yes                       ; No                        ;
; cart_tran_bank3[4]      ; 3.3-V LVCMOS ; 0 s                 ; 0 s                 ; 3.63 V                       ; 4.72e-06 V                   ; 3.7 V               ; -0.49 V             ; 0.117 V                              ; 0.622 V                              ; 3.84e-10 s                  ; 1.48e-10 s                  ; Yes                        ; No                         ; 3.63 V                      ; 4.72e-06 V                  ; 3.7 V              ; -0.49 V            ; 0.117 V                             ; 0.622 V                             ; 3.84e-10 s                 ; 1.48e-10 s                 ; Yes                       ; No                        ;
; cart_tran_bank3[5]      ; 3.3-V LVCMOS ; 0 s                 ; 0 s                 ; 3.63 V                       ; 4.72e-06 V                   ; 3.7 V               ; -0.49 V             ; 0.117 V                              ; 0.621 V                              ; 3.84e-10 s                  ; 1.48e-10 s                  ; Yes                        ; No                         ; 3.63 V                      ; 4.72e-06 V                  ; 3.7 V              ; -0.49 V            ; 0.117 V                             ; 0.621 V                             ; 3.84e-10 s                 ; 1.48e-10 s                 ; Yes                       ; No                        ;
; cart_tran_bank3[6]      ; 3.3-V LVCMOS ; 0 s                 ; 0 s                 ; 3.63 V                       ; 4.72e-06 V                   ; 3.7 V               ; -0.49 V             ; 0.117 V                              ; 0.622 V                              ; 3.84e-10 s                  ; 1.48e-10 s                  ; Yes                        ; No                         ; 3.63 V                      ; 4.72e-06 V                  ; 3.7 V              ; -0.49 V            ; 0.117 V                             ; 0.622 V                             ; 3.84e-10 s                 ; 1.48e-10 s                 ; Yes                       ; No                        ;
; cart_tran_bank3[7]      ; 3.3-V LVCMOS ; 0 s                 ; 0 s                 ; 3.63 V                       ; 4.72e-06 V                   ; 3.7 V               ; -0.49 V             ; 0.117 V                              ; 0.622 V                              ; 3.84e-10 s                  ; 1.48e-10 s                  ; Yes                        ; No                         ; 3.63 V                      ; 4.72e-06 V                  ; 3.7 V              ; -0.49 V            ; 0.117 V                             ; 0.622 V                             ; 3.84e-10 s                 ; 1.48e-10 s                 ; Yes                       ; No                        ;
; cart_tran_bank1[0]      ; 3.3-V LVCMOS ; 0 s                 ; 0 s                 ; 3.63 V                       ; 4.72e-06 V                   ; 3.7 V               ; -0.49 V             ; 0.117 V                              ; 0.621 V                              ; 3.84e-10 s                  ; 1.48e-10 s                  ; Yes                        ; No                         ; 3.63 V                      ; 4.72e-06 V                  ; 3.7 V              ; -0.49 V            ; 0.117 V                             ; 0.621 V                             ; 3.84e-10 s                 ; 1.48e-10 s                 ; Yes                       ; No                        ;
; cart_tran_bank1[1]      ; 3.3-V LVCMOS ; 0 s                 ; 0 s                 ; 3.63 V                       ; 4.72e-06 V                   ; 3.7 V               ; -0.49 V             ; 0.117 V                              ; 0.622 V                              ; 3.84e-10 s                  ; 1.48e-10 s                  ; Yes                        ; No                         ; 3.63 V                      ; 4.72e-06 V                  ; 3.7 V              ; -0.49 V            ; 0.117 V                             ; 0.622 V                             ; 3.84e-10 s                 ; 1.48e-10 s                 ; Yes                       ; No                        ;
; cart_tran_bank1[2]      ; 3.3-V LVCMOS ; 0 s                 ; 0 s                 ; 3.63 V                       ; 4.72e-06 V                   ; 3.7 V               ; -0.49 V             ; 0.117 V                              ; 0.622 V                              ; 3.84e-10 s                  ; 1.48e-10 s                  ; Yes                        ; No                         ; 3.63 V                      ; 4.72e-06 V                  ; 3.7 V              ; -0.49 V            ; 0.117 V                             ; 0.622 V                             ; 3.84e-10 s                 ; 1.48e-10 s                 ; Yes                       ; No                        ;
; cart_tran_bank1[3]      ; 3.3-V LVCMOS ; 0 s                 ; 0 s                 ; 3.63 V                       ; 4.72e-06 V                   ; 3.7 V               ; -0.49 V             ; 0.117 V                              ; 0.621 V                              ; 3.84e-10 s                  ; 1.48e-10 s                  ; Yes                        ; No                         ; 3.63 V                      ; 4.72e-06 V                  ; 3.7 V              ; -0.49 V            ; 0.117 V                             ; 0.621 V                             ; 3.84e-10 s                 ; 1.48e-10 s                 ; Yes                       ; No                        ;
; cart_tran_bank1[4]      ; 3.3-V LVCMOS ; 0 s                 ; 0 s                 ; 3.63 V                       ; 4.72e-06 V                   ; 3.7 V               ; -0.49 V             ; 0.117 V                              ; 0.622 V                              ; 3.84e-10 s                  ; 1.48e-10 s                  ; Yes                        ; No                         ; 3.63 V                      ; 4.72e-06 V                  ; 3.7 V              ; -0.49 V            ; 0.117 V                             ; 0.622 V                             ; 3.84e-10 s                 ; 1.48e-10 s                 ; Yes                       ; No                        ;
; cart_tran_bank1[5]      ; 3.3-V LVCMOS ; 0 s                 ; 0 s                 ; 3.63 V                       ; 4.72e-06 V                   ; 3.7 V               ; -0.49 V             ; 0.117 V                              ; 0.621 V                              ; 3.84e-10 s                  ; 1.48e-10 s                  ; Yes                        ; No                         ; 3.63 V                      ; 4.72e-06 V                  ; 3.7 V              ; -0.49 V            ; 0.117 V                             ; 0.621 V                             ; 3.84e-10 s                 ; 1.48e-10 s                 ; Yes                       ; No                        ;
; cart_tran_bank1[6]      ; 3.3-V LVCMOS ; 0 s                 ; 0 s                 ; 3.63 V                       ; 4.72e-06 V                   ; 3.7 V               ; -0.49 V             ; 0.117 V                              ; 0.621 V                              ; 3.84e-10 s                  ; 1.48e-10 s                  ; Yes                        ; No                         ; 3.63 V                      ; 4.72e-06 V                  ; 3.7 V              ; -0.49 V            ; 0.117 V                             ; 0.621 V                             ; 3.84e-10 s                 ; 1.48e-10 s                 ; Yes                       ; No                        ;
; cart_tran_bank1[7]      ; 3.3-V LVCMOS ; 0 s                 ; 0 s                 ; 3.63 V                       ; 4.72e-06 V                   ; 3.7 V               ; -0.49 V             ; 0.117 V                              ; 0.621 V                              ; 3.84e-10 s                  ; 1.48e-10 s                  ; Yes                        ; No                         ; 3.63 V                      ; 4.72e-06 V                  ; 3.7 V              ; -0.49 V            ; 0.117 V                             ; 0.621 V                             ; 3.84e-10 s                 ; 1.48e-10 s                 ; Yes                       ; No                        ;
; cart_tran_bank0[4]      ; 3.3-V LVCMOS ; 0 s                 ; 0 s                 ; 3.63 V                       ; 4.72e-06 V                   ; 3.7 V               ; -0.49 V             ; 0.117 V                              ; 0.622 V                              ; 3.84e-10 s                  ; 1.48e-10 s                  ; Yes                        ; No                         ; 3.63 V                      ; 4.72e-06 V                  ; 3.7 V              ; -0.49 V            ; 0.117 V                             ; 0.622 V                             ; 3.84e-10 s                 ; 1.48e-10 s                 ; Yes                       ; No                        ;
; cart_tran_bank0[5]      ; 3.3-V LVCMOS ; 0 s                 ; 0 s                 ; 3.63 V                       ; 4.72e-06 V                   ; 3.7 V               ; -0.49 V             ; 0.117 V                              ; 0.621 V                              ; 3.84e-10 s                  ; 1.48e-10 s                  ; Yes                        ; No                         ; 3.63 V                      ; 4.72e-06 V                  ; 3.7 V              ; -0.49 V            ; 0.117 V                             ; 0.621 V                             ; 3.84e-10 s                 ; 1.48e-10 s                 ; Yes                       ; No                        ;
; cart_tran_bank0[6]      ; 3.3-V LVCMOS ; 0 s                 ; 0 s                 ; 3.63 V                       ; 4.72e-06 V                   ; 3.7 V               ; -0.49 V             ; 0.117 V                              ; 0.622 V                              ; 3.84e-10 s                  ; 1.48e-10 s                  ; Yes                        ; No                         ; 3.63 V                      ; 4.72e-06 V                  ; 3.7 V              ; -0.49 V            ; 0.117 V                             ; 0.622 V                             ; 3.84e-10 s                 ; 1.48e-10 s                 ; Yes                       ; No                        ;
; cart_tran_bank0[7]      ; 3.3-V LVCMOS ; 0 s                 ; 0 s                 ; 3.63 V                       ; 4.72e-06 V                   ; 3.7 V               ; -0.49 V             ; 0.117 V                              ; 0.622 V                              ; 3.84e-10 s                  ; 1.48e-10 s                  ; Yes                        ; No                         ; 3.63 V                      ; 4.72e-06 V                  ; 3.7 V              ; -0.49 V            ; 0.117 V                             ; 0.622 V                             ; 3.84e-10 s                 ; 1.48e-10 s                 ; Yes                       ; No                        ;
; cart_tran_pin30         ; 1.8 V        ; 0 s                 ; 0 s                 ; 1.98 V                       ; 5.29e-06 V                   ; 2.04 V              ; -0.0626 V           ; 0.188 V                              ; 0.192 V                              ; 6.66e-10 s                  ; 6.65e-10 s                  ; No                         ; No                         ; 1.98 V                      ; 5.29e-06 V                  ; 2.04 V             ; -0.0626 V          ; 0.188 V                             ; 0.192 V                             ; 6.66e-10 s                 ; 6.65e-10 s                 ; No                        ; No                        ;
; cart_tran_pin31         ; 1.8 V        ; 0 s                 ; 0 s                 ; 1.98 V                       ; 5.29e-06 V                   ; 2.04 V              ; -0.062 V            ; 0.187 V                              ; 0.191 V                              ; 6.65e-10 s                  ; 6.65e-10 s                  ; No                         ; No                         ; 1.98 V                      ; 5.29e-06 V                  ; 2.04 V             ; -0.062 V           ; 0.187 V                             ; 0.191 V                             ; 6.65e-10 s                 ; 6.65e-10 s                 ; No                        ; No                        ;
; port_tran_si            ; 3.3-V LVCMOS ; 0 s                 ; 0 s                 ; 3.63 V                       ; 4.94e-06 V                   ; 3.69 V              ; -0.414 V            ; 0.134 V                              ; 0.585 V                              ; 4.19e-10 s                  ; 1.53e-10 s                  ; Yes                        ; No                         ; 3.63 V                      ; 4.94e-06 V                  ; 3.69 V             ; -0.414 V           ; 0.134 V                             ; 0.585 V                             ; 4.19e-10 s                 ; 1.53e-10 s                 ; Yes                       ; No                        ;
; port_tran_so            ; 1.8 V        ; 0 s                 ; 0 s                 ; 1.98 V                       ; 5.29e-06 V                   ; 2.04 V              ; -0.0626 V           ; 0.188 V                              ; 0.192 V                              ; 6.66e-10 s                  ; 6.65e-10 s                  ; No                         ; No                         ; 1.98 V                      ; 5.29e-06 V                  ; 2.04 V             ; -0.0626 V          ; 0.188 V                             ; 0.192 V                             ; 6.66e-10 s                 ; 6.65e-10 s                 ; No                        ; No                        ;
; port_tran_sck           ; 3.3-V LVCMOS ; 0 s                 ; 0 s                 ; 3.63 V                       ; 4.72e-06 V                   ; 3.7 V               ; -0.49 V             ; 0.117 V                              ; 0.621 V                              ; 3.84e-10 s                  ; 1.48e-10 s                  ; Yes                        ; No                         ; 3.63 V                      ; 4.72e-06 V                  ; 3.7 V              ; -0.49 V            ; 0.117 V                             ; 0.621 V                             ; 3.84e-10 s                 ; 1.48e-10 s                 ; Yes                       ; No                        ;
; port_tran_sd            ; 3.3-V LVCMOS ; 0 s                 ; 0 s                 ; 3.63 V                       ; 4.94e-06 V                   ; 3.69 V              ; -0.414 V            ; 0.134 V                              ; 0.585 V                              ; 4.19e-10 s                  ; 1.53e-10 s                  ; Yes                        ; No                         ; 3.63 V                      ; 4.94e-06 V                  ; 3.69 V             ; -0.414 V           ; 0.134 V                             ; 0.585 V                             ; 4.19e-10 s                 ; 1.53e-10 s                 ; Yes                       ; No                        ;
; scal_vid[0]             ; 1.8 V        ; 0 s                 ; 0 s                 ; 1.98 V                       ; 2.9e-06 V                    ; 2.11 V              ; -0.134 V            ; 0.254 V                              ; 0.269 V                              ; 2.69e-10 s                  ; 2.7e-10 s                   ; No                         ; No                         ; 1.98 V                      ; 2.9e-06 V                   ; 2.11 V             ; -0.134 V           ; 0.254 V                             ; 0.269 V                             ; 2.69e-10 s                 ; 2.7e-10 s                  ; No                        ; No                        ;
; scal_vid[1]             ; 1.8 V        ; 0 s                 ; 0 s                 ; 1.98 V                       ; 2.9e-06 V                    ; 2.11 V              ; -0.131 V            ; 0.255 V                              ; 0.271 V                              ; 2.69e-10 s                  ; 2.7e-10 s                   ; No                         ; No                         ; 1.98 V                      ; 2.9e-06 V                   ; 2.11 V             ; -0.131 V           ; 0.255 V                             ; 0.271 V                             ; 2.69e-10 s                 ; 2.7e-10 s                  ; No                        ; No                        ;
; scal_vid[2]             ; 1.8 V        ; 0 s                 ; 0 s                 ; 1.98 V                       ; 2.97e-06 V                   ; 2.1 V               ; -0.115 V            ; 0.288 V                              ; 0.305 V                              ; 2.8e-10 s                   ; 2.86e-10 s                  ; No                         ; No                         ; 1.98 V                      ; 2.97e-06 V                  ; 2.1 V              ; -0.115 V           ; 0.288 V                             ; 0.305 V                             ; 2.8e-10 s                  ; 2.86e-10 s                 ; No                        ; No                        ;
; scal_vid[3]             ; 1.8 V        ; 0 s                 ; 0 s                 ; 1.98 V                       ; 2.9e-06 V                    ; 2.11 V              ; -0.131 V            ; 0.255 V                              ; 0.271 V                              ; 2.69e-10 s                  ; 2.7e-10 s                   ; No                         ; No                         ; 1.98 V                      ; 2.9e-06 V                   ; 2.11 V             ; -0.131 V           ; 0.255 V                             ; 0.271 V                             ; 2.69e-10 s                 ; 2.7e-10 s                  ; No                        ; No                        ;
; scal_vid[4]             ; 1.8 V        ; 0 s                 ; 0 s                 ; 1.98 V                       ; 2.9e-06 V                    ; 2.11 V              ; -0.134 V            ; 0.254 V                              ; 0.269 V                              ; 2.69e-10 s                  ; 2.7e-10 s                   ; No                         ; No                         ; 1.98 V                      ; 2.9e-06 V                   ; 2.11 V             ; -0.134 V           ; 0.254 V                             ; 0.269 V                             ; 2.69e-10 s                 ; 2.7e-10 s                  ; No                        ; No                        ;
; scal_vid[5]             ; 1.8 V        ; 0 s                 ; 0 s                 ; 1.98 V                       ; 2.9e-06 V                    ; 2.11 V              ; -0.131 V            ; 0.255 V                              ; 0.271 V                              ; 2.69e-10 s                  ; 2.7e-10 s                   ; No                         ; No                         ; 1.98 V                      ; 2.9e-06 V                   ; 2.11 V             ; -0.131 V           ; 0.255 V                             ; 0.271 V                             ; 2.69e-10 s                 ; 2.7e-10 s                  ; No                        ; No                        ;
; scal_vid[6]             ; 1.8 V        ; 0 s                 ; 0 s                 ; 1.98 V                       ; 2.9e-06 V                    ; 2.11 V              ; -0.134 V            ; 0.254 V                              ; 0.269 V                              ; 2.69e-10 s                  ; 2.7e-10 s                   ; No                         ; No                         ; 1.98 V                      ; 2.9e-06 V                   ; 2.11 V             ; -0.134 V           ; 0.254 V                             ; 0.269 V                             ; 2.69e-10 s                 ; 2.7e-10 s                  ; No                        ; No                        ;
; scal_vid[7]             ; 1.8 V        ; 0 s                 ; 0 s                 ; 1.98 V                       ; 2.97e-06 V                   ; 2.1 V               ; -0.115 V            ; 0.288 V                              ; 0.305 V                              ; 2.8e-10 s                   ; 2.86e-10 s                  ; No                         ; No                         ; 1.98 V                      ; 2.97e-06 V                  ; 2.1 V              ; -0.115 V           ; 0.288 V                             ; 0.305 V                             ; 2.8e-10 s                  ; 2.86e-10 s                 ; No                        ; No                        ;
; scal_vid[8]             ; 1.8 V        ; 0 s                 ; 0 s                 ; 1.98 V                       ; 2.9e-06 V                    ; 2.11 V              ; -0.134 V            ; 0.254 V                              ; 0.269 V                              ; 2.69e-10 s                  ; 2.7e-10 s                   ; No                         ; No                         ; 1.98 V                      ; 2.9e-06 V                   ; 2.11 V             ; -0.134 V           ; 0.254 V                             ; 0.269 V                             ; 2.69e-10 s                 ; 2.7e-10 s                  ; No                        ; No                        ;
; scal_vid[9]             ; 1.8 V        ; 0 s                 ; 0 s                 ; 1.98 V                       ; 2.9e-06 V                    ; 2.11 V              ; -0.131 V            ; 0.255 V                              ; 0.271 V                              ; 2.69e-10 s                  ; 2.7e-10 s                   ; No                         ; No                         ; 1.98 V                      ; 2.9e-06 V                   ; 2.11 V             ; -0.131 V           ; 0.255 V                             ; 0.271 V                             ; 2.69e-10 s                 ; 2.7e-10 s                  ; No                        ; No                        ;
; scal_vid[10]            ; 1.8 V        ; 0 s                 ; 0 s                 ; 1.98 V                       ; 2.54e-06 V                   ; 2.03 V              ; -0.0577 V           ; 0.227 V                              ; 0.226 V                              ; 2.86e-10 s                  ; 2.83e-10 s                  ; No                         ; No                         ; 1.98 V                      ; 2.54e-06 V                  ; 2.03 V             ; -0.0577 V          ; 0.227 V                             ; 0.226 V                             ; 2.86e-10 s                 ; 2.83e-10 s                 ; No                        ; No                        ;
; scal_vid[11]            ; 1.8 V        ; 0 s                 ; 0 s                 ; 1.98 V                       ; 2.97e-06 V                   ; 2.1 V               ; -0.115 V            ; 0.288 V                              ; 0.305 V                              ; 2.8e-10 s                   ; 2.86e-10 s                  ; No                         ; No                         ; 1.98 V                      ; 2.97e-06 V                  ; 2.1 V              ; -0.115 V           ; 0.288 V                             ; 0.305 V                             ; 2.8e-10 s                  ; 2.86e-10 s                 ; No                        ; No                        ;
; scal_clk                ; 1.8 V        ; 0 s                 ; 0 s                 ; 1.98 V                       ; 2.54e-06 V                   ; 2.03 V              ; -0.0577 V           ; 0.227 V                              ; 0.226 V                              ; 2.86e-10 s                  ; 2.83e-10 s                  ; No                         ; No                         ; 1.98 V                      ; 2.54e-06 V                  ; 2.03 V             ; -0.0577 V          ; 0.227 V                             ; 0.226 V                             ; 2.86e-10 s                 ; 2.83e-10 s                 ; No                        ; No                        ;
; scal_de                 ; 1.8 V        ; 0 s                 ; 0 s                 ; 1.98 V                       ; 2.9e-06 V                    ; 2.11 V              ; -0.134 V            ; 0.254 V                              ; 0.269 V                              ; 2.69e-10 s                  ; 2.7e-10 s                   ; No                         ; No                         ; 1.98 V                      ; 2.9e-06 V                   ; 2.11 V             ; -0.134 V           ; 0.254 V                             ; 0.269 V                             ; 2.69e-10 s                 ; 2.7e-10 s                  ; No                        ; No                        ;
; scal_skip               ; 1.8 V        ; 0 s                 ; 0 s                 ; 1.98 V                       ; 2.9e-06 V                    ; 2.11 V              ; -0.131 V            ; 0.255 V                              ; 0.271 V                              ; 2.69e-10 s                  ; 2.7e-10 s                   ; No                         ; No                         ; 1.98 V                      ; 2.9e-06 V                   ; 2.11 V             ; -0.131 V           ; 0.255 V                             ; 0.271 V                             ; 2.69e-10 s                 ; 2.7e-10 s                  ; No                        ; No                        ;
; scal_vs                 ; 1.8 V        ; 0 s                 ; 0 s                 ; 1.98 V                       ; 2.97e-06 V                   ; 2.1 V               ; -0.115 V            ; 0.288 V                              ; 0.305 V                              ; 2.8e-10 s                   ; 2.86e-10 s                  ; No                         ; No                         ; 1.98 V                      ; 2.97e-06 V                  ; 2.1 V              ; -0.115 V           ; 0.288 V                             ; 0.305 V                             ; 2.8e-10 s                  ; 2.86e-10 s                 ; No                        ; No                        ;
; scal_hs                 ; 1.8 V        ; 0 s                 ; 0 s                 ; 1.98 V                       ; 2.54e-06 V                   ; 2.03 V              ; -0.0577 V           ; 0.227 V                              ; 0.226 V                              ; 2.86e-10 s                  ; 2.83e-10 s                  ; No                         ; No                         ; 1.98 V                      ; 2.54e-06 V                  ; 2.03 V             ; -0.0577 V          ; 0.227 V                             ; 0.226 V                             ; 2.86e-10 s                 ; 2.83e-10 s                 ; No                        ; No                        ;
; bridge_spimosi          ; 1.8 V        ; 0 s                 ; 0 s                 ; 1.98 V                       ; 3.04e-06 V                   ; 2.09 V              ; -0.126 V            ; 0.278 V                              ; 0.288 V                              ; 2.8e-10 s                   ; 2.77e-10 s                  ; No                         ; No                         ; 1.98 V                      ; 3.04e-06 V                  ; 2.09 V             ; -0.126 V           ; 0.278 V                             ; 0.288 V                             ; 2.8e-10 s                  ; 2.77e-10 s                 ; No                        ; No                        ;
; bridge_spimiso          ; 1.8 V        ; 0 s                 ; 0 s                 ; 1.98 V                       ; 3.04e-06 V                   ; 2.1 V               ; -0.121 V            ; 0.277 V                              ; 0.289 V                              ; 2.8e-10 s                   ; 2.77e-10 s                  ; No                         ; No                         ; 1.98 V                      ; 3.04e-06 V                  ; 2.1 V              ; -0.121 V           ; 0.277 V                             ; 0.289 V                             ; 2.8e-10 s                  ; 2.77e-10 s                 ; No                        ; No                        ;
; bridge_spiclk           ; 1.8 V        ; 0 s                 ; 0 s                 ; 1.98 V                       ; 2.68e-06 V                   ; 2.02 V              ; -0.051 V            ; 0.108 V                              ; 0.254 V                              ; 4.36e-10 s                  ; 2.98e-10 s                  ; No                         ; No                         ; 1.98 V                      ; 2.68e-06 V                  ; 2.02 V             ; -0.051 V           ; 0.108 V                             ; 0.254 V                             ; 4.36e-10 s                 ; 2.98e-10 s                 ; No                        ; No                        ;
; bridge_1wire            ; 1.8 V        ; 0 s                 ; 0 s                 ; 1.98 V                       ; 3.11e-06 V                   ; 2.08 V              ; -0.107 V            ; 0.323 V                              ; 0.332 V                              ; 2.99e-10 s                  ; 2.99e-10 s                  ; No                         ; No                         ; 1.98 V                      ; 3.11e-06 V                  ; 2.08 V             ; -0.107 V           ; 0.323 V                             ; 0.332 V                             ; 2.99e-10 s                 ; 2.99e-10 s                 ; No                        ; No                        ;
; cram0_dq[0]             ; 1.8 V        ; 0 s                 ; 0 s                 ; 1.98 V                       ; 5.37e-06 V                   ; 2.03 V              ; -0.0501 V           ; 0.226 V                              ; 0.227 V                              ; 6.83e-10 s                  ; 6.84e-10 s                  ; No                         ; No                         ; 1.98 V                      ; 5.37e-06 V                  ; 2.03 V             ; -0.0501 V          ; 0.226 V                             ; 0.227 V                             ; 6.83e-10 s                 ; 6.84e-10 s                 ; No                        ; No                        ;
; cram0_dq[1]             ; 1.8 V        ; 0 s                 ; 0 s                 ; 1.98 V                       ; 5.29e-06 V                   ; 2.04 V              ; -0.062 V            ; 0.187 V                              ; 0.191 V                              ; 6.65e-10 s                  ; 6.65e-10 s                  ; No                         ; No                         ; 1.98 V                      ; 5.29e-06 V                  ; 2.04 V             ; -0.062 V           ; 0.187 V                             ; 0.191 V                             ; 6.65e-10 s                 ; 6.65e-10 s                 ; No                        ; No                        ;
; cram0_dq[2]             ; 1.8 V        ; 0 s                 ; 0 s                 ; 1.98 V                       ; 5.29e-06 V                   ; 2.04 V              ; -0.062 V            ; 0.187 V                              ; 0.191 V                              ; 6.65e-10 s                  ; 6.65e-10 s                  ; No                         ; No                         ; 1.98 V                      ; 5.29e-06 V                  ; 2.04 V             ; -0.062 V           ; 0.187 V                             ; 0.191 V                             ; 6.65e-10 s                 ; 6.65e-10 s                 ; No                        ; No                        ;
; cram0_dq[3]             ; 1.8 V        ; 0 s                 ; 0 s                 ; 1.98 V                       ; 5.29e-06 V                   ; 2.04 V              ; -0.0626 V           ; 0.188 V                              ; 0.192 V                              ; 6.66e-10 s                  ; 6.65e-10 s                  ; No                         ; No                         ; 1.98 V                      ; 5.29e-06 V                  ; 2.04 V             ; -0.0626 V          ; 0.188 V                             ; 0.192 V                             ; 6.66e-10 s                 ; 6.65e-10 s                 ; No                        ; No                        ;
; cram0_dq[4]             ; 1.8 V        ; 0 s                 ; 0 s                 ; 1.98 V                       ; 5.37e-06 V                   ; 2.03 V              ; -0.0501 V           ; 0.226 V                              ; 0.227 V                              ; 6.83e-10 s                  ; 6.84e-10 s                  ; No                         ; No                         ; 1.98 V                      ; 5.37e-06 V                  ; 2.03 V             ; -0.0501 V          ; 0.226 V                             ; 0.227 V                             ; 6.83e-10 s                 ; 6.84e-10 s                 ; No                        ; No                        ;
; cram0_dq[5]             ; 1.8 V        ; 0 s                 ; 0 s                 ; 1.98 V                       ; 4.93e-06 V                   ; 1.99 V              ; -0.0124 V           ; 0.171 V                              ; 0.167 V                              ; 6.77e-10 s                  ; 6.73e-10 s                  ; No                         ; No                         ; 1.98 V                      ; 4.93e-06 V                  ; 1.99 V             ; -0.0124 V          ; 0.171 V                             ; 0.167 V                             ; 6.77e-10 s                 ; 6.73e-10 s                 ; No                        ; No                        ;
; cram0_dq[6]             ; 1.8 V        ; 0 s                 ; 0 s                 ; 1.98 V                       ; 5.37e-06 V                   ; 2.03 V              ; -0.0501 V           ; 0.226 V                              ; 0.227 V                              ; 6.83e-10 s                  ; 6.84e-10 s                  ; No                         ; No                         ; 1.98 V                      ; 5.37e-06 V                  ; 2.03 V             ; -0.0501 V          ; 0.226 V                             ; 0.227 V                             ; 6.83e-10 s                 ; 6.84e-10 s                 ; No                        ; No                        ;
; cram0_dq[7]             ; 1.8 V        ; 0 s                 ; 0 s                 ; 1.98 V                       ; 5.37e-06 V                   ; 2.03 V              ; -0.0501 V           ; 0.226 V                              ; 0.227 V                              ; 6.83e-10 s                  ; 6.84e-10 s                  ; No                         ; No                         ; 1.98 V                      ; 5.37e-06 V                  ; 2.03 V             ; -0.0501 V          ; 0.226 V                             ; 0.227 V                             ; 6.83e-10 s                 ; 6.84e-10 s                 ; No                        ; No                        ;
; cram0_dq[8]             ; 1.8 V        ; 0 s                 ; 0 s                 ; 1.98 V                       ; 4.93e-06 V                   ; 1.99 V              ; -0.0124 V           ; 0.171 V                              ; 0.167 V                              ; 6.77e-10 s                  ; 6.73e-10 s                  ; No                         ; No                         ; 1.98 V                      ; 4.93e-06 V                  ; 1.99 V             ; -0.0124 V          ; 0.171 V                             ; 0.167 V                             ; 6.77e-10 s                 ; 6.73e-10 s                 ; No                        ; No                        ;
; cram0_dq[9]             ; 1.8 V        ; 0 s                 ; 0 s                 ; 1.98 V                       ; 5.29e-06 V                   ; 2.04 V              ; -0.0626 V           ; 0.188 V                              ; 0.192 V                              ; 6.66e-10 s                  ; 6.65e-10 s                  ; No                         ; No                         ; 1.98 V                      ; 5.29e-06 V                  ; 2.04 V             ; -0.0626 V          ; 0.188 V                             ; 0.192 V                             ; 6.66e-10 s                 ; 6.65e-10 s                 ; No                        ; No                        ;
; cram0_dq[10]            ; 1.8 V        ; 0 s                 ; 0 s                 ; 1.98 V                       ; 4.93e-06 V                   ; 1.99 V              ; -0.0124 V           ; 0.171 V                              ; 0.167 V                              ; 6.77e-10 s                  ; 6.73e-10 s                  ; No                         ; No                         ; 1.98 V                      ; 4.93e-06 V                  ; 1.99 V             ; -0.0124 V          ; 0.171 V                             ; 0.167 V                             ; 6.77e-10 s                 ; 6.73e-10 s                 ; No                        ; No                        ;
; cram0_dq[11]            ; 1.8 V        ; 0 s                 ; 0 s                 ; 1.98 V                       ; 5.37e-06 V                   ; 2.03 V              ; -0.0501 V           ; 0.226 V                              ; 0.227 V                              ; 6.83e-10 s                  ; 6.84e-10 s                  ; No                         ; No                         ; 1.98 V                      ; 5.37e-06 V                  ; 2.03 V             ; -0.0501 V          ; 0.226 V                             ; 0.227 V                             ; 6.83e-10 s                 ; 6.84e-10 s                 ; No                        ; No                        ;
; cram0_dq[12]            ; 1.8 V        ; 0 s                 ; 0 s                 ; 1.98 V                       ; 5.29e-06 V                   ; 2.04 V              ; -0.062 V            ; 0.187 V                              ; 0.191 V                              ; 6.65e-10 s                  ; 6.65e-10 s                  ; No                         ; No                         ; 1.98 V                      ; 5.29e-06 V                  ; 2.04 V             ; -0.062 V           ; 0.187 V                             ; 0.191 V                             ; 6.65e-10 s                 ; 6.65e-10 s                 ; No                        ; No                        ;
; cram0_dq[13]            ; 1.8 V        ; 0 s                 ; 0 s                 ; 1.98 V                       ; 4.93e-06 V                   ; 1.99 V              ; -0.0124 V           ; 0.171 V                              ; 0.167 V                              ; 6.77e-10 s                  ; 6.73e-10 s                  ; No                         ; No                         ; 1.98 V                      ; 4.93e-06 V                  ; 1.99 V             ; -0.0124 V          ; 0.171 V                             ; 0.167 V                             ; 6.77e-10 s                 ; 6.73e-10 s                 ; No                        ; No                        ;
; cram0_dq[14]            ; 1.8 V        ; 0 s                 ; 0 s                 ; 1.98 V                       ; 5.29e-06 V                   ; 2.04 V              ; -0.0626 V           ; 0.188 V                              ; 0.192 V                              ; 6.66e-10 s                  ; 6.65e-10 s                  ; No                         ; No                         ; 1.98 V                      ; 5.29e-06 V                  ; 2.04 V             ; -0.0626 V          ; 0.188 V                             ; 0.192 V                             ; 6.66e-10 s                 ; 6.65e-10 s                 ; No                        ; No                        ;
; cram0_dq[15]            ; 1.8 V        ; 0 s                 ; 0 s                 ; 1.98 V                       ; 5.37e-06 V                   ; 2.03 V              ; -0.0501 V           ; 0.226 V                              ; 0.227 V                              ; 6.83e-10 s                  ; 6.84e-10 s                  ; No                         ; No                         ; 1.98 V                      ; 5.37e-06 V                  ; 2.03 V             ; -0.0501 V          ; 0.226 V                             ; 0.227 V                             ; 6.83e-10 s                 ; 6.84e-10 s                 ; No                        ; No                        ;
; cram1_dq[0]             ; 1.8 V        ; 0 s                 ; 0 s                 ; 1.98 V                       ; 5.29e-06 V                   ; 2.04 V              ; -0.062 V            ; 0.187 V                              ; 0.191 V                              ; 6.65e-10 s                  ; 6.65e-10 s                  ; No                         ; No                         ; 1.98 V                      ; 5.29e-06 V                  ; 2.04 V             ; -0.062 V           ; 0.187 V                             ; 0.191 V                             ; 6.65e-10 s                 ; 6.65e-10 s                 ; No                        ; No                        ;
; cram1_dq[1]             ; 1.8 V        ; 0 s                 ; 0 s                 ; 1.98 V                       ; 5.37e-06 V                   ; 2.03 V              ; -0.0501 V           ; 0.226 V                              ; 0.227 V                              ; 6.83e-10 s                  ; 6.84e-10 s                  ; No                         ; No                         ; 1.98 V                      ; 5.37e-06 V                  ; 2.03 V             ; -0.0501 V          ; 0.226 V                             ; 0.227 V                             ; 6.83e-10 s                 ; 6.84e-10 s                 ; No                        ; No                        ;
; cram1_dq[2]             ; 1.8 V        ; 0 s                 ; 0 s                 ; 1.98 V                       ; 4.93e-06 V                   ; 1.99 V              ; -0.0124 V           ; 0.171 V                              ; 0.167 V                              ; 6.77e-10 s                  ; 6.73e-10 s                  ; No                         ; No                         ; 1.98 V                      ; 4.93e-06 V                  ; 1.99 V             ; -0.0124 V          ; 0.171 V                             ; 0.167 V                             ; 6.77e-10 s                 ; 6.73e-10 s                 ; No                        ; No                        ;
; cram1_dq[3]             ; 1.8 V        ; 0 s                 ; 0 s                 ; 1.98 V                       ; 4.93e-06 V                   ; 1.99 V              ; -0.0124 V           ; 0.171 V                              ; 0.167 V                              ; 6.77e-10 s                  ; 6.73e-10 s                  ; No                         ; No                         ; 1.98 V                      ; 4.93e-06 V                  ; 1.99 V             ; -0.0124 V          ; 0.171 V                             ; 0.167 V                             ; 6.77e-10 s                 ; 6.73e-10 s                 ; No                        ; No                        ;
; cram1_dq[4]             ; 1.8 V        ; 0 s                 ; 0 s                 ; 1.98 V                       ; 5.37e-06 V                   ; 2.03 V              ; -0.0501 V           ; 0.226 V                              ; 0.227 V                              ; 6.83e-10 s                  ; 6.84e-10 s                  ; No                         ; No                         ; 1.98 V                      ; 5.37e-06 V                  ; 2.03 V             ; -0.0501 V          ; 0.226 V                             ; 0.227 V                             ; 6.83e-10 s                 ; 6.84e-10 s                 ; No                        ; No                        ;
; cram1_dq[5]             ; 1.8 V        ; 0 s                 ; 0 s                 ; 1.98 V                       ; 4.93e-06 V                   ; 1.99 V              ; -0.0124 V           ; 0.171 V                              ; 0.167 V                              ; 6.77e-10 s                  ; 6.73e-10 s                  ; No                         ; No                         ; 1.98 V                      ; 4.93e-06 V                  ; 1.99 V             ; -0.0124 V          ; 0.171 V                             ; 0.167 V                             ; 6.77e-10 s                 ; 6.73e-10 s                 ; No                        ; No                        ;
; cram1_dq[6]             ; 1.8 V        ; 0 s                 ; 0 s                 ; 1.98 V                       ; 5.29e-06 V                   ; 2.04 V              ; -0.062 V            ; 0.187 V                              ; 0.191 V                              ; 6.65e-10 s                  ; 6.65e-10 s                  ; No                         ; No                         ; 1.98 V                      ; 5.29e-06 V                  ; 2.04 V             ; -0.062 V           ; 0.187 V                             ; 0.191 V                             ; 6.65e-10 s                 ; 6.65e-10 s                 ; No                        ; No                        ;
; cram1_dq[7]             ; 1.8 V        ; 0 s                 ; 0 s                 ; 1.98 V                       ; 5.29e-06 V                   ; 2.04 V              ; -0.0626 V           ; 0.188 V                              ; 0.192 V                              ; 6.66e-10 s                  ; 6.65e-10 s                  ; No                         ; No                         ; 1.98 V                      ; 5.29e-06 V                  ; 2.04 V             ; -0.0626 V          ; 0.188 V                             ; 0.192 V                             ; 6.66e-10 s                 ; 6.65e-10 s                 ; No                        ; No                        ;
; cram1_dq[8]             ; 1.8 V        ; 0 s                 ; 0 s                 ; 1.98 V                       ; 5.37e-06 V                   ; 2.03 V              ; -0.0501 V           ; 0.226 V                              ; 0.227 V                              ; 6.83e-10 s                  ; 6.84e-10 s                  ; No                         ; No                         ; 1.98 V                      ; 5.37e-06 V                  ; 2.03 V             ; -0.0501 V          ; 0.226 V                             ; 0.227 V                             ; 6.83e-10 s                 ; 6.84e-10 s                 ; No                        ; No                        ;
; cram1_dq[9]             ; 1.8 V        ; 0 s                 ; 0 s                 ; 1.98 V                       ; 5.29e-06 V                   ; 2.04 V              ; -0.0626 V           ; 0.188 V                              ; 0.192 V                              ; 6.66e-10 s                  ; 6.65e-10 s                  ; No                         ; No                         ; 1.98 V                      ; 5.29e-06 V                  ; 2.04 V             ; -0.0626 V          ; 0.188 V                             ; 0.192 V                             ; 6.66e-10 s                 ; 6.65e-10 s                 ; No                        ; No                        ;
; cram1_dq[10]            ; 1.8 V        ; 0 s                 ; 0 s                 ; 1.98 V                       ; 5.37e-06 V                   ; 2.03 V              ; -0.0501 V           ; 0.226 V                              ; 0.227 V                              ; 6.83e-10 s                  ; 6.84e-10 s                  ; No                         ; No                         ; 1.98 V                      ; 5.37e-06 V                  ; 2.03 V             ; -0.0501 V          ; 0.226 V                             ; 0.227 V                             ; 6.83e-10 s                 ; 6.84e-10 s                 ; No                        ; No                        ;
; cram1_dq[11]            ; 1.8 V        ; 0 s                 ; 0 s                 ; 1.98 V                       ; 5.29e-06 V                   ; 2.04 V              ; -0.0626 V           ; 0.188 V                              ; 0.192 V                              ; 6.66e-10 s                  ; 6.65e-10 s                  ; No                         ; No                         ; 1.98 V                      ; 5.29e-06 V                  ; 2.04 V             ; -0.0626 V          ; 0.188 V                             ; 0.192 V                             ; 6.66e-10 s                 ; 6.65e-10 s                 ; No                        ; No                        ;
; cram1_dq[12]            ; 1.8 V        ; 0 s                 ; 0 s                 ; 1.98 V                       ; 4.93e-06 V                   ; 1.99 V              ; -0.0124 V           ; 0.171 V                              ; 0.167 V                              ; 6.77e-10 s                  ; 6.73e-10 s                  ; No                         ; No                         ; 1.98 V                      ; 4.93e-06 V                  ; 1.99 V             ; -0.0124 V          ; 0.171 V                             ; 0.167 V                             ; 6.77e-10 s                 ; 6.73e-10 s                 ; No                        ; No                        ;
; cram1_dq[13]            ; 1.8 V        ; 0 s                 ; 0 s                 ; 1.98 V                       ; 5.29e-06 V                   ; 2.04 V              ; -0.062 V            ; 0.187 V                              ; 0.191 V                              ; 6.65e-10 s                  ; 6.65e-10 s                  ; No                         ; No                         ; 1.98 V                      ; 5.29e-06 V                  ; 2.04 V             ; -0.062 V           ; 0.187 V                             ; 0.191 V                             ; 6.65e-10 s                 ; 6.65e-10 s                 ; No                        ; No                        ;
; cram1_dq[14]            ; 1.8 V        ; 0 s                 ; 0 s                 ; 1.98 V                       ; 5.29e-06 V                   ; 2.04 V              ; -0.062 V            ; 0.187 V                              ; 0.191 V                              ; 6.65e-10 s                  ; 6.65e-10 s                  ; No                         ; No                         ; 1.98 V                      ; 5.29e-06 V                  ; 2.04 V             ; -0.062 V           ; 0.187 V                             ; 0.191 V                             ; 6.65e-10 s                 ; 6.65e-10 s                 ; No                        ; No                        ;
; cram1_dq[15]            ; 1.8 V        ; 0 s                 ; 0 s                 ; 1.98 V                       ; 5.29e-06 V                   ; 2.04 V              ; -0.062 V            ; 0.187 V                              ; 0.191 V                              ; 6.65e-10 s                  ; 6.65e-10 s                  ; No                         ; No                         ; 1.98 V                      ; 5.29e-06 V                  ; 2.04 V             ; -0.062 V           ; 0.187 V                             ; 0.191 V                             ; 6.65e-10 s                 ; 6.65e-10 s                 ; No                        ; No                        ;
; dram_dq[0]              ; 1.8 V        ; 0 s                 ; 0 s                 ; 1.98 V                       ; 5.37e-06 V                   ; 2.03 V              ; -0.0501 V           ; 0.226 V                              ; 0.227 V                              ; 6.83e-10 s                  ; 6.84e-10 s                  ; No                         ; No                         ; 1.98 V                      ; 5.37e-06 V                  ; 2.03 V             ; -0.0501 V          ; 0.226 V                             ; 0.227 V                             ; 6.83e-10 s                 ; 6.84e-10 s                 ; No                        ; No                        ;
; dram_dq[1]              ; 1.8 V        ; 0 s                 ; 0 s                 ; 1.98 V                       ; 4.93e-06 V                   ; 1.99 V              ; -0.0124 V           ; 0.171 V                              ; 0.167 V                              ; 6.77e-10 s                  ; 6.73e-10 s                  ; No                         ; No                         ; 1.98 V                      ; 4.93e-06 V                  ; 1.99 V             ; -0.0124 V          ; 0.171 V                             ; 0.167 V                             ; 6.77e-10 s                 ; 6.73e-10 s                 ; No                        ; No                        ;
; dram_dq[2]              ; 1.8 V        ; 0 s                 ; 0 s                 ; 1.98 V                       ; 5.29e-06 V                   ; 2.04 V              ; -0.0626 V           ; 0.188 V                              ; 0.192 V                              ; 6.66e-10 s                  ; 6.65e-10 s                  ; No                         ; No                         ; 1.98 V                      ; 5.29e-06 V                  ; 2.04 V             ; -0.0626 V          ; 0.188 V                             ; 0.192 V                             ; 6.66e-10 s                 ; 6.65e-10 s                 ; No                        ; No                        ;
; dram_dq[3]              ; 1.8 V        ; 0 s                 ; 0 s                 ; 1.98 V                       ; 5.29e-06 V                   ; 2.04 V              ; -0.0626 V           ; 0.188 V                              ; 0.192 V                              ; 6.66e-10 s                  ; 6.65e-10 s                  ; No                         ; No                         ; 1.98 V                      ; 5.29e-06 V                  ; 2.04 V             ; -0.0626 V          ; 0.188 V                             ; 0.192 V                             ; 6.66e-10 s                 ; 6.65e-10 s                 ; No                        ; No                        ;
; dram_dq[4]              ; 1.8 V        ; 0 s                 ; 0 s                 ; 1.98 V                       ; 5.29e-06 V                   ; 2.04 V              ; -0.062 V            ; 0.187 V                              ; 0.191 V                              ; 6.65e-10 s                  ; 6.65e-10 s                  ; No                         ; No                         ; 1.98 V                      ; 5.29e-06 V                  ; 2.04 V             ; -0.062 V           ; 0.187 V                             ; 0.191 V                             ; 6.65e-10 s                 ; 6.65e-10 s                 ; No                        ; No                        ;
; dram_dq[5]              ; 1.8 V        ; 0 s                 ; 0 s                 ; 1.98 V                       ; 5.29e-06 V                   ; 2.04 V              ; -0.0626 V           ; 0.188 V                              ; 0.192 V                              ; 6.66e-10 s                  ; 6.65e-10 s                  ; No                         ; No                         ; 1.98 V                      ; 5.29e-06 V                  ; 2.04 V             ; -0.0626 V          ; 0.188 V                             ; 0.192 V                             ; 6.66e-10 s                 ; 6.65e-10 s                 ; No                        ; No                        ;
; dram_dq[6]              ; 1.8 V        ; 0 s                 ; 0 s                 ; 1.98 V                       ; 5.29e-06 V                   ; 2.04 V              ; -0.062 V            ; 0.187 V                              ; 0.191 V                              ; 6.65e-10 s                  ; 6.65e-10 s                  ; No                         ; No                         ; 1.98 V                      ; 5.29e-06 V                  ; 2.04 V             ; -0.062 V           ; 0.187 V                             ; 0.191 V                             ; 6.65e-10 s                 ; 6.65e-10 s                 ; No                        ; No                        ;
; dram_dq[7]              ; 1.8 V        ; 0 s                 ; 0 s                 ; 1.98 V                       ; 5.29e-06 V                   ; 2.04 V              ; -0.062 V            ; 0.187 V                              ; 0.191 V                              ; 6.65e-10 s                  ; 6.65e-10 s                  ; No                         ; No                         ; 1.98 V                      ; 5.29e-06 V                  ; 2.04 V             ; -0.062 V           ; 0.187 V                             ; 0.191 V                             ; 6.65e-10 s                 ; 6.65e-10 s                 ; No                        ; No                        ;
; dram_dq[8]              ; 1.8 V        ; 0 s                 ; 0 s                 ; 1.98 V                       ; 4.93e-06 V                   ; 1.99 V              ; -0.0124 V           ; 0.171 V                              ; 0.167 V                              ; 6.77e-10 s                  ; 6.73e-10 s                  ; No                         ; No                         ; 1.98 V                      ; 4.93e-06 V                  ; 1.99 V             ; -0.0124 V          ; 0.171 V                             ; 0.167 V                             ; 6.77e-10 s                 ; 6.73e-10 s                 ; No                        ; No                        ;
; dram_dq[9]              ; 1.8 V        ; 0 s                 ; 0 s                 ; 1.98 V                       ; 5.29e-06 V                   ; 2.04 V              ; -0.0626 V           ; 0.188 V                              ; 0.192 V                              ; 6.66e-10 s                  ; 6.65e-10 s                  ; No                         ; No                         ; 1.98 V                      ; 5.29e-06 V                  ; 2.04 V             ; -0.0626 V          ; 0.188 V                             ; 0.192 V                             ; 6.66e-10 s                 ; 6.65e-10 s                 ; No                        ; No                        ;
; dram_dq[10]             ; 1.8 V        ; 0 s                 ; 0 s                 ; 1.98 V                       ; 5.29e-06 V                   ; 2.04 V              ; -0.062 V            ; 0.187 V                              ; 0.191 V                              ; 6.65e-10 s                  ; 6.65e-10 s                  ; No                         ; No                         ; 1.98 V                      ; 5.29e-06 V                  ; 2.04 V             ; -0.062 V           ; 0.187 V                             ; 0.191 V                             ; 6.65e-10 s                 ; 6.65e-10 s                 ; No                        ; No                        ;
; dram_dq[11]             ; 1.8 V        ; 0 s                 ; 0 s                 ; 1.98 V                       ; 4.93e-06 V                   ; 1.99 V              ; -0.0124 V           ; 0.171 V                              ; 0.167 V                              ; 6.77e-10 s                  ; 6.73e-10 s                  ; No                         ; No                         ; 1.98 V                      ; 4.93e-06 V                  ; 1.99 V             ; -0.0124 V          ; 0.171 V                             ; 0.167 V                             ; 6.77e-10 s                 ; 6.73e-10 s                 ; No                        ; No                        ;
; dram_dq[12]             ; 1.8 V        ; 0 s                 ; 0 s                 ; 1.98 V                       ; 5.37e-06 V                   ; 2.03 V              ; -0.0501 V           ; 0.226 V                              ; 0.227 V                              ; 6.83e-10 s                  ; 6.84e-10 s                  ; No                         ; No                         ; 1.98 V                      ; 5.37e-06 V                  ; 2.03 V             ; -0.0501 V          ; 0.226 V                             ; 0.227 V                             ; 6.83e-10 s                 ; 6.84e-10 s                 ; No                        ; No                        ;
; dram_dq[13]             ; 1.8 V        ; 0 s                 ; 0 s                 ; 1.98 V                       ; 5.29e-06 V                   ; 2.04 V              ; -0.0626 V           ; 0.188 V                              ; 0.192 V                              ; 6.66e-10 s                  ; 6.65e-10 s                  ; No                         ; No                         ; 1.98 V                      ; 5.29e-06 V                  ; 2.04 V             ; -0.0626 V          ; 0.188 V                             ; 0.192 V                             ; 6.66e-10 s                 ; 6.65e-10 s                 ; No                        ; No                        ;
; dram_dq[14]             ; 1.8 V        ; 0 s                 ; 0 s                 ; 1.98 V                       ; 5.29e-06 V                   ; 2.04 V              ; -0.0626 V           ; 0.188 V                              ; 0.192 V                              ; 6.66e-10 s                  ; 6.65e-10 s                  ; No                         ; No                         ; 1.98 V                      ; 5.29e-06 V                  ; 2.04 V             ; -0.0626 V          ; 0.188 V                             ; 0.192 V                             ; 6.66e-10 s                 ; 6.65e-10 s                 ; No                        ; No                        ;
; dram_dq[15]             ; 1.8 V        ; 0 s                 ; 0 s                 ; 1.98 V                       ; 5.37e-06 V                   ; 2.03 V              ; -0.0501 V           ; 0.226 V                              ; 0.227 V                              ; 6.83e-10 s                  ; 6.84e-10 s                  ; No                         ; No                         ; 1.98 V                      ; 5.37e-06 V                  ; 2.03 V             ; -0.0501 V          ; 0.226 V                             ; 0.227 V                             ; 6.83e-10 s                 ; 6.84e-10 s                 ; No                        ; No                        ;
; sram_dq[0]              ; 3.3-V LVCMOS ; 0 s                 ; 0 s                 ; 3.63 V                       ; 4.94e-06 V                   ; 3.69 V              ; -0.414 V            ; 0.134 V                              ; 0.585 V                              ; 4.19e-10 s                  ; 1.53e-10 s                  ; Yes                        ; No                         ; 3.63 V                      ; 4.94e-06 V                  ; 3.69 V             ; -0.414 V           ; 0.134 V                             ; 0.585 V                             ; 4.19e-10 s                 ; 1.53e-10 s                 ; Yes                       ; No                        ;
; sram_dq[1]              ; 3.3-V LVCMOS ; 0 s                 ; 0 s                 ; 3.63 V                       ; 3.63e-06 V                   ; 3.64 V              ; -0.326 V            ; 0.091 V                              ; 0.479 V                              ; 3.83e-10 s                  ; 1.5e-10 s                   ; Yes                        ; No                         ; 3.63 V                      ; 3.63e-06 V                  ; 3.64 V             ; -0.326 V           ; 0.091 V                             ; 0.479 V                             ; 3.83e-10 s                 ; 1.5e-10 s                  ; Yes                       ; No                        ;
; sram_dq[2]              ; 3.3-V LVCMOS ; 0 s                 ; 0 s                 ; 3.63 V                       ; 3.63e-06 V                   ; 3.64 V              ; -0.326 V            ; 0.091 V                              ; 0.479 V                              ; 3.83e-10 s                  ; 1.5e-10 s                   ; Yes                        ; No                         ; 3.63 V                      ; 3.63e-06 V                  ; 3.64 V             ; -0.326 V           ; 0.091 V                             ; 0.479 V                             ; 3.83e-10 s                 ; 1.5e-10 s                  ; Yes                       ; No                        ;
; sram_dq[3]              ; 3.3-V LVCMOS ; 0 s                 ; 0 s                 ; 3.63 V                       ; 3.63e-06 V                   ; 3.64 V              ; -0.326 V            ; 0.091 V                              ; 0.479 V                              ; 3.83e-10 s                  ; 1.5e-10 s                   ; Yes                        ; No                         ; 3.63 V                      ; 3.63e-06 V                  ; 3.64 V             ; -0.326 V           ; 0.091 V                             ; 0.479 V                             ; 3.83e-10 s                 ; 1.5e-10 s                  ; Yes                       ; No                        ;
; sram_dq[4]              ; 3.3-V LVCMOS ; 0 s                 ; 0 s                 ; 3.63 V                       ; 4.94e-06 V                   ; 3.69 V              ; -0.414 V            ; 0.134 V                              ; 0.585 V                              ; 4.19e-10 s                  ; 1.53e-10 s                  ; Yes                        ; No                         ; 3.63 V                      ; 4.94e-06 V                  ; 3.69 V             ; -0.414 V           ; 0.134 V                             ; 0.585 V                             ; 4.19e-10 s                 ; 1.53e-10 s                 ; Yes                       ; No                        ;
; sram_dq[5]              ; 3.3-V LVCMOS ; 0 s                 ; 0 s                 ; 3.63 V                       ; 3.63e-06 V                   ; 3.64 V              ; -0.326 V            ; 0.091 V                              ; 0.479 V                              ; 3.83e-10 s                  ; 1.5e-10 s                   ; Yes                        ; No                         ; 3.63 V                      ; 3.63e-06 V                  ; 3.64 V             ; -0.326 V           ; 0.091 V                             ; 0.479 V                             ; 3.83e-10 s                 ; 1.5e-10 s                  ; Yes                       ; No                        ;
; sram_dq[6]              ; 3.3-V LVCMOS ; 0 s                 ; 0 s                 ; 3.63 V                       ; 3.63e-06 V                   ; 3.64 V              ; -0.326 V            ; 0.091 V                              ; 0.479 V                              ; 3.83e-10 s                  ; 1.5e-10 s                   ; Yes                        ; No                         ; 3.63 V                      ; 3.63e-06 V                  ; 3.64 V             ; -0.326 V           ; 0.091 V                             ; 0.479 V                             ; 3.83e-10 s                 ; 1.5e-10 s                  ; Yes                       ; No                        ;
; sram_dq[7]              ; 3.3-V LVCMOS ; 0 s                 ; 0 s                 ; 3.63 V                       ; 4.72e-06 V                   ; 3.7 V               ; -0.49 V             ; 0.117 V                              ; 0.621 V                              ; 3.84e-10 s                  ; 1.48e-10 s                  ; Yes                        ; No                         ; 3.63 V                      ; 4.72e-06 V                  ; 3.7 V              ; -0.49 V            ; 0.117 V                             ; 0.621 V                             ; 3.84e-10 s                 ; 1.48e-10 s                 ; Yes                       ; No                        ;
; sram_dq[8]              ; 3.3-V LVCMOS ; 0 s                 ; 0 s                 ; 3.63 V                       ; 3.63e-06 V                   ; 3.64 V              ; -0.326 V            ; 0.091 V                              ; 0.479 V                              ; 3.83e-10 s                  ; 1.5e-10 s                   ; Yes                        ; No                         ; 3.63 V                      ; 3.63e-06 V                  ; 3.64 V             ; -0.326 V           ; 0.091 V                             ; 0.479 V                             ; 3.83e-10 s                 ; 1.5e-10 s                  ; Yes                       ; No                        ;
; sram_dq[9]              ; 3.3-V LVCMOS ; 0 s                 ; 0 s                 ; 3.63 V                       ; 4.72e-06 V                   ; 3.7 V               ; -0.49 V             ; 0.117 V                              ; 0.622 V                              ; 3.84e-10 s                  ; 1.48e-10 s                  ; Yes                        ; No                         ; 3.63 V                      ; 4.72e-06 V                  ; 3.7 V              ; -0.49 V            ; 0.117 V                             ; 0.622 V                             ; 3.84e-10 s                 ; 1.48e-10 s                 ; Yes                       ; No                        ;
; sram_dq[10]             ; 3.3-V LVCMOS ; 0 s                 ; 0 s                 ; 3.63 V                       ; 4.94e-06 V                   ; 3.69 V              ; -0.414 V            ; 0.134 V                              ; 0.585 V                              ; 4.19e-10 s                  ; 1.53e-10 s                  ; Yes                        ; No                         ; 3.63 V                      ; 4.94e-06 V                  ; 3.69 V             ; -0.414 V           ; 0.134 V                             ; 0.585 V                             ; 4.19e-10 s                 ; 1.53e-10 s                 ; Yes                       ; No                        ;
; sram_dq[11]             ; 3.3-V LVCMOS ; 0 s                 ; 0 s                 ; 3.63 V                       ; 3.63e-06 V                   ; 3.64 V              ; -0.326 V            ; 0.091 V                              ; 0.479 V                              ; 3.83e-10 s                  ; 1.5e-10 s                   ; Yes                        ; No                         ; 3.63 V                      ; 3.63e-06 V                  ; 3.64 V             ; -0.326 V           ; 0.091 V                             ; 0.479 V                             ; 3.83e-10 s                 ; 1.5e-10 s                  ; Yes                       ; No                        ;
; sram_dq[12]             ; 3.3-V LVCMOS ; 0 s                 ; 0 s                 ; 3.63 V                       ; 4.94e-06 V                   ; 3.69 V              ; -0.414 V            ; 0.134 V                              ; 0.585 V                              ; 4.19e-10 s                  ; 1.53e-10 s                  ; Yes                        ; No                         ; 3.63 V                      ; 4.94e-06 V                  ; 3.69 V             ; -0.414 V           ; 0.134 V                             ; 0.585 V                             ; 4.19e-10 s                 ; 1.53e-10 s                 ; Yes                       ; No                        ;
; sram_dq[13]             ; 3.3-V LVCMOS ; 0 s                 ; 0 s                 ; 3.63 V                       ; 3.63e-06 V                   ; 3.64 V              ; -0.326 V            ; 0.091 V                              ; 0.479 V                              ; 3.83e-10 s                  ; 1.5e-10 s                   ; Yes                        ; No                         ; 3.63 V                      ; 3.63e-06 V                  ; 3.64 V             ; -0.326 V           ; 0.091 V                             ; 0.479 V                             ; 3.83e-10 s                 ; 1.5e-10 s                  ; Yes                       ; No                        ;
; sram_dq[14]             ; 3.3-V LVCMOS ; 0 s                 ; 0 s                 ; 3.63 V                       ; 4.94e-06 V                   ; 3.69 V              ; -0.414 V            ; 0.134 V                              ; 0.585 V                              ; 4.19e-10 s                  ; 1.53e-10 s                  ; Yes                        ; No                         ; 3.63 V                      ; 4.94e-06 V                  ; 3.69 V             ; -0.414 V           ; 0.134 V                             ; 0.585 V                             ; 4.19e-10 s                 ; 1.53e-10 s                 ; Yes                       ; No                        ;
; sram_dq[15]             ; 3.3-V LVCMOS ; 0 s                 ; 0 s                 ; 3.63 V                       ; 4.94e-06 V                   ; 3.69 V              ; -0.414 V            ; 0.134 V                              ; 0.585 V                              ; 4.19e-10 s                  ; 1.53e-10 s                  ; Yes                        ; No                         ; 3.63 V                      ; 4.94e-06 V                  ; 3.69 V             ; -0.414 V           ; 0.134 V                             ; 0.585 V                             ; 4.19e-10 s                 ; 1.53e-10 s                 ; Yes                       ; No                        ;
; bist                    ; 3.3-V LVCMOS ; 0 s                 ; 0 s                 ; 3.63 V                       ; 4.94e-06 V                   ; 3.69 V              ; -0.414 V            ; 0.134 V                              ; 0.585 V                              ; 4.19e-10 s                  ; 1.53e-10 s                  ; Yes                        ; No                         ; 3.63 V                      ; 4.94e-06 V                  ; 3.69 V             ; -0.414 V           ; 0.134 V                             ; 0.585 V                             ; 4.19e-10 s                 ; 1.53e-10 s                 ; Yes                       ; No                        ;
; aux_sda                 ; 1.8 V        ; 0 s                 ; 0 s                 ; 1.98 V                       ; 4.93e-06 V                   ; 1.99 V              ; -0.0124 V           ; 0.171 V                              ; 0.167 V                              ; 6.77e-10 s                  ; 6.73e-10 s                  ; No                         ; No                         ; 1.98 V                      ; 4.93e-06 V                  ; 1.99 V             ; -0.0124 V          ; 0.171 V                             ; 0.167 V                             ; 6.77e-10 s                 ; 6.73e-10 s                 ; No                        ; No                        ;
; altera_reserved_tdo     ; 2.5 V        ; 0 s                 ; 0 s                 ; 2.75 V                       ; 3.79e-06 V                   ; 2.9 V               ; -0.126 V            ; 0.311 V                              ; 0.278 V                              ; 2.78e-10 s                  ; 2.7e-10 s                   ; No                         ; No                         ; 2.75 V                      ; 3.79e-06 V                  ; 2.9 V              ; -0.126 V           ; 0.311 V                             ; 0.278 V                             ; 2.78e-10 s                 ; 2.7e-10 s                  ; No                        ; No                        ;
+-------------------------+--------------+---------------------+---------------------+------------------------------+------------------------------+---------------------+---------------------+--------------------------------------+--------------------------------------+-----------------------------+-----------------------------+----------------------------+----------------------------+-----------------------------+-----------------------------+--------------------+--------------------+-------------------------------------+-------------------------------------+----------------------------+----------------------------+---------------------------+---------------------------+


+------------------------------------------------------------------------------------------------------------------------------------------------------------------------------------------------------------------------------------------------------------------------------------------------------------------------------------------------------------------------------------------------------------------------------------------------------------------------------------------------------------------------------------------------------------------------------------------------------------------------------------------------------------------------------------------------------+
; Signal Integrity Metrics (Fast 1100mv 85c Model)                                                                                                                                                                                                                                                                                                                                                                                                                                                                                                                                                                                                                                                     ;
+-------------------------+--------------+---------------------+---------------------+------------------------------+------------------------------+---------------------+---------------------+--------------------------------------+--------------------------------------+-----------------------------+-----------------------------+----------------------------+----------------------------+-----------------------------+-----------------------------+--------------------+--------------------+-------------------------------------+-------------------------------------+----------------------------+----------------------------+---------------------------+---------------------------+
; Pin                     ; I/O Standard ; Board Delay on Rise ; Board Delay on Fall ; Steady State Voh at FPGA Pin ; Steady State Vol at FPGA Pin ; Voh Max at FPGA Pin ; Vol Min at FPGA Pin ; Ringback Voltage on Rise at FPGA Pin ; Ringback Voltage on Fall at FPGA Pin ; 10-90 Rise Time at FPGA Pin ; 90-10 Fall Time at FPGA Pin ; Monotonic Rise at FPGA Pin ; Monotonic Fall at FPGA Pin ; Steady State Voh at Far-end ; Steady State Vol at Far-end ; Voh Max at Far-end ; Vol Min at Far-end ; Ringback Voltage on Rise at Far-end ; Ringback Voltage on Fall at Far-end ; 10-90 Rise Time at Far-end ; 90-10 Fall Time at Far-end ; Monotonic Rise at Far-end ; Monotonic Fall at Far-end ;
+-------------------------+--------------+---------------------+---------------------+------------------------------+------------------------------+---------------------+---------------------+--------------------------------------+--------------------------------------+-----------------------------+-----------------------------+----------------------------+----------------------------+-----------------------------+-----------------------------+--------------------+--------------------+-------------------------------------+-------------------------------------+----------------------------+----------------------------+---------------------------+---------------------------+
; cart_tran_bank2_dir     ; 3.3-V LVCMOS ; 0 s                 ; 0 s                 ; 3.63 V                       ; 0.000229 V                   ; 3.65 V              ; -0.319 V            ; 0.041 V                              ; 0.528 V                              ; 4.29e-10 s                  ; 1.87e-10 s                  ; Yes                        ; No                         ; 3.63 V                      ; 0.000229 V                  ; 3.65 V             ; -0.319 V           ; 0.041 V                             ; 0.528 V                             ; 4.29e-10 s                 ; 1.87e-10 s                 ; Yes                       ; No                        ;
; cart_tran_bank3_dir     ; 3.3-V LVCMOS ; 0 s                 ; 0 s                 ; 3.63 V                       ; 0.000229 V                   ; 3.65 V              ; -0.316 V            ; 0.041 V                              ; 0.53 V                               ; 4.29e-10 s                  ; 1.87e-10 s                  ; Yes                        ; No                         ; 3.63 V                      ; 0.000229 V                  ; 3.65 V             ; -0.316 V           ; 0.041 V                             ; 0.53 V                              ; 4.29e-10 s                 ; 1.87e-10 s                 ; Yes                       ; No                        ;
; cart_tran_bank1_dir     ; 3.3-V LVCMOS ; 0 s                 ; 0 s                 ; 3.63 V                       ; 0.000229 V                   ; 3.65 V              ; -0.316 V            ; 0.041 V                              ; 0.53 V                               ; 4.29e-10 s                  ; 1.87e-10 s                  ; Yes                        ; No                         ; 3.63 V                      ; 0.000229 V                  ; 3.65 V             ; -0.316 V           ; 0.041 V                             ; 0.53 V                              ; 4.29e-10 s                 ; 1.87e-10 s                 ; Yes                       ; No                        ;
; cart_tran_bank0_dir     ; 3.3-V LVCMOS ; 0 s                 ; 0 s                 ; 3.63 V                       ; 0.000229 V                   ; 3.65 V              ; -0.319 V            ; 0.041 V                              ; 0.528 V                              ; 4.29e-10 s                  ; 1.87e-10 s                  ; Yes                        ; No                         ; 3.63 V                      ; 0.000229 V                  ; 3.65 V             ; -0.319 V           ; 0.041 V                             ; 0.528 V                             ; 4.29e-10 s                 ; 1.87e-10 s                 ; Yes                       ; No                        ;
; cart_tran_pin30_dir     ; 3.3-V LVCMOS ; 0 s                 ; 0 s                 ; 3.63 V                       ; 0.000229 V                   ; 3.65 V              ; -0.316 V            ; 0.041 V                              ; 0.53 V                               ; 4.29e-10 s                  ; 1.87e-10 s                  ; Yes                        ; No                         ; 3.63 V                      ; 0.000229 V                  ; 3.65 V             ; -0.316 V           ; 0.041 V                             ; 0.53 V                              ; 4.29e-10 s                 ; 1.87e-10 s                 ; Yes                       ; No                        ;
; cart_pin30_pwroff_reset ; 1.8 V        ; 0 s                 ; 0 s                 ; 1.98 V                       ; 0.00033 V                    ; 1.98 V              ; -0.00539 V          ; 0.121 V                              ; 0.129 V                              ; 8.46e-10 s                  ; 8.54e-10 s                  ; No                         ; No                         ; 1.98 V                      ; 0.00033 V                   ; 1.98 V             ; -0.00539 V         ; 0.121 V                             ; 0.129 V                             ; 8.46e-10 s                 ; 8.54e-10 s                 ; No                        ; No                        ;
; cart_tran_pin31_dir     ; 3.3-V LVCMOS ; 0 s                 ; 0 s                 ; 3.63 V                       ; 0.000229 V                   ; 3.65 V              ; -0.319 V            ; 0.041 V                              ; 0.528 V                              ; 4.29e-10 s                  ; 1.87e-10 s                  ; Yes                        ; No                         ; 3.63 V                      ; 0.000229 V                  ; 3.65 V             ; -0.319 V           ; 0.041 V                             ; 0.528 V                             ; 4.29e-10 s                 ; 1.87e-10 s                 ; Yes                       ; No                        ;
; port_ir_tx              ; 1.8 V        ; 0 s                 ; 0 s                 ; 1.98 V                       ; 0.000353 V                   ; 2.02 V              ; -0.0349 V           ; 0.165 V                              ; 0.181 V                              ; 8.74e-10 s                  ; 8.82e-10 s                  ; No                         ; No                         ; 1.98 V                      ; 0.000353 V                  ; 2.02 V             ; -0.0349 V          ; 0.165 V                             ; 0.181 V                             ; 8.74e-10 s                 ; 8.82e-10 s                 ; No                        ; No                        ;
; port_ir_rx_disable      ; 1.8 V        ; 0 s                 ; 0 s                 ; 1.98 V                       ; 0.00033 V                    ; 1.98 V              ; -0.00539 V          ; 0.121 V                              ; 0.129 V                              ; 8.46e-10 s                  ; 8.54e-10 s                  ; No                         ; No                         ; 1.98 V                      ; 0.00033 V                   ; 1.98 V             ; -0.00539 V         ; 0.121 V                             ; 0.129 V                             ; 8.46e-10 s                 ; 8.54e-10 s                 ; No                        ; No                        ;
; port_tran_si_dir        ; 3.3-V LVCMOS ; 0 s                 ; 0 s                 ; 3.63 V                       ; 0.000184 V                   ; 3.64 V              ; -0.19 V             ; 0.019 V                              ; 0.425 V                              ; 4.44e-10 s                  ; 1.91e-10 s                  ; Yes                        ; No                         ; 3.63 V                      ; 0.000184 V                  ; 3.64 V             ; -0.19 V            ; 0.019 V                             ; 0.425 V                             ; 4.44e-10 s                 ; 1.91e-10 s                 ; Yes                       ; No                        ;
; port_tran_so_dir        ; 3.3-V LVCMOS ; 0 s                 ; 0 s                 ; 3.63 V                       ; 0.000238 V                   ; 3.64 V              ; -0.254 V            ; 0.052 V                              ; 0.543 V                              ; 4.59e-10 s                  ; 1.96e-10 s                  ; Yes                        ; No                         ; 3.63 V                      ; 0.000238 V                  ; 3.64 V             ; -0.254 V           ; 0.052 V                             ; 0.543 V                             ; 4.59e-10 s                 ; 1.96e-10 s                 ; Yes                       ; No                        ;
; port_tran_sck_dir       ; 3.3-V LVCMOS ; 0 s                 ; 0 s                 ; 3.63 V                       ; 0.000229 V                   ; 3.65 V              ; -0.316 V            ; 0.041 V                              ; 0.53 V                               ; 4.29e-10 s                  ; 1.87e-10 s                  ; Yes                        ; No                         ; 3.63 V                      ; 0.000229 V                  ; 3.65 V             ; -0.316 V           ; 0.041 V                             ; 0.53 V                              ; 4.29e-10 s                 ; 1.87e-10 s                 ; Yes                       ; No                        ;
; port_tran_sd_dir        ; 3.3-V LVCMOS ; 0 s                 ; 0 s                 ; 3.63 V                       ; 0.000184 V                   ; 3.64 V              ; -0.19 V             ; 0.019 V                              ; 0.425 V                              ; 4.44e-10 s                  ; 1.91e-10 s                  ; Yes                        ; No                         ; 3.63 V                      ; 0.000184 V                  ; 3.64 V             ; -0.19 V            ; 0.019 V                             ; 0.425 V                             ; 4.44e-10 s                 ; 1.91e-10 s                 ; Yes                       ; No                        ;
; scal_audmclk            ; 1.8 V        ; 0 s                 ; 0 s                 ; 1.98 V                       ; 0.00019 V                    ; 2.08 V              ; -0.0975 V           ; 0.284 V                              ; 0.331 V                              ; 2.93e-10 s                  ; 3.08e-10 s                  ; No                         ; No                         ; 1.98 V                      ; 0.00019 V                   ; 2.08 V             ; -0.0975 V          ; 0.284 V                             ; 0.331 V                             ; 2.93e-10 s                 ; 3.08e-10 s                 ; No                        ; No                        ;
; scal_auddac             ; 1.8 V        ; 0 s                 ; 0 s                 ; 1.98 V                       ; 0.00017 V                    ; 2.01 V              ; -0.0381 V           ; 0.109 V                              ; 0.121 V                              ; 4.42e-10 s                  ; 4.45e-10 s                  ; No                         ; No                         ; 1.98 V                      ; 0.00017 V                   ; 2.01 V             ; -0.0381 V          ; 0.109 V                             ; 0.121 V                             ; 4.42e-10 s                 ; 4.45e-10 s                 ; No                        ; No                        ;
; scal_audlrck            ; 1.8 V        ; 0 s                 ; 0 s                 ; 1.98 V                       ; 0.000193 V                   ; 2.07 V              ; -0.0839 V           ; 0.166 V                              ; 0.187 V                              ; 4.55e-10 s                  ; 4.58e-10 s                  ; No                         ; No                         ; 1.98 V                      ; 0.000193 V                  ; 2.07 V             ; -0.0839 V          ; 0.166 V                             ; 0.187 V                             ; 4.55e-10 s                 ; 4.58e-10 s                 ; No                        ; No                        ;
; cram0_a[16]             ; 1.8 V        ; 0 s                 ; 0 s                 ; 1.98 V                       ; 0.00033 V                    ; 1.98 V              ; -0.00539 V          ; 0.121 V                              ; 0.129 V                              ; 8.46e-10 s                  ; 8.54e-10 s                  ; No                         ; No                         ; 1.98 V                      ; 0.00033 V                   ; 1.98 V             ; -0.00539 V         ; 0.121 V                             ; 0.129 V                             ; 8.46e-10 s                 ; 8.54e-10 s                 ; No                        ; No                        ;
; cram0_a[17]             ; 1.8 V        ; 0 s                 ; 0 s                 ; 1.98 V                       ; 0.000349 V                   ; 2.02 V              ; -0.0436 V           ; 0.235 V                              ; 0.258 V                              ; 6.93e-10 s                  ; 7.09e-10 s                  ; No                         ; No                         ; 1.98 V                      ; 0.000349 V                  ; 2.02 V             ; -0.0436 V          ; 0.235 V                             ; 0.258 V                             ; 6.93e-10 s                 ; 7.09e-10 s                 ; No                        ; No                        ;
; cram0_a[18]             ; 1.8 V        ; 0 s                 ; 0 s                 ; 1.98 V                       ; 0.000349 V                   ; 2.02 V              ; -0.0436 V           ; 0.235 V                              ; 0.258 V                              ; 6.93e-10 s                  ; 7.09e-10 s                  ; No                         ; No                         ; 1.98 V                      ; 0.000349 V                  ; 2.02 V             ; -0.0436 V          ; 0.235 V                             ; 0.258 V                             ; 6.93e-10 s                 ; 7.09e-10 s                 ; No                        ; No                        ;
; cram0_a[19]             ; 1.8 V        ; 0 s                 ; 0 s                 ; 1.98 V                       ; 0.000349 V                   ; 2.02 V              ; -0.0437 V           ; 0.236 V                              ; 0.258 V                              ; 6.92e-10 s                  ; 7.09e-10 s                  ; No                         ; No                         ; 1.98 V                      ; 0.000349 V                  ; 2.02 V             ; -0.0437 V          ; 0.236 V                             ; 0.258 V                             ; 6.92e-10 s                 ; 7.09e-10 s                 ; No                        ; No                        ;
; cram0_a[20]             ; 1.8 V        ; 0 s                 ; 0 s                 ; 1.98 V                       ; 0.00033 V                    ; 1.98 V              ; -0.00539 V          ; 0.121 V                              ; 0.129 V                              ; 8.46e-10 s                  ; 8.54e-10 s                  ; No                         ; No                         ; 1.98 V                      ; 0.00033 V                   ; 1.98 V             ; -0.00539 V         ; 0.121 V                             ; 0.129 V                             ; 8.46e-10 s                 ; 8.54e-10 s                 ; No                        ; No                        ;
; cram0_a[21]             ; 1.8 V        ; 0 s                 ; 0 s                 ; 1.98 V                       ; 0.000349 V                   ; 2.02 V              ; -0.0436 V           ; 0.235 V                              ; 0.258 V                              ; 6.93e-10 s                  ; 7.09e-10 s                  ; No                         ; No                         ; 1.98 V                      ; 0.000349 V                  ; 2.02 V             ; -0.0436 V          ; 0.235 V                             ; 0.258 V                             ; 6.93e-10 s                 ; 7.09e-10 s                 ; No                        ; No                        ;
; cram0_clk               ; 1.8 V        ; 0 s                 ; 0 s                 ; 1.98 V                       ; 0.000193 V                   ; 2.07 V              ; -0.0839 V           ; 0.166 V                              ; 0.187 V                              ; 4.55e-10 s                  ; 4.58e-10 s                  ; No                         ; No                         ; 1.98 V                      ; 0.000193 V                  ; 2.07 V             ; -0.0839 V          ; 0.166 V                             ; 0.187 V                             ; 4.55e-10 s                 ; 4.58e-10 s                 ; No                        ; No                        ;
; cram0_adv_n             ; 1.8 V        ; 0 s                 ; 0 s                 ; 1.98 V                       ; 0.00033 V                    ; 1.98 V              ; -0.00539 V          ; 0.121 V                              ; 0.129 V                              ; 8.46e-10 s                  ; 8.54e-10 s                  ; No                         ; No                         ; 1.98 V                      ; 0.00033 V                   ; 1.98 V             ; -0.00539 V         ; 0.121 V                             ; 0.129 V                             ; 8.46e-10 s                 ; 8.54e-10 s                 ; No                        ; No                        ;
; cram0_cre               ; 1.8 V        ; 0 s                 ; 0 s                 ; 1.98 V                       ; 0.000349 V                   ; 2.02 V              ; -0.0436 V           ; 0.235 V                              ; 0.258 V                              ; 6.93e-10 s                  ; 7.09e-10 s                  ; No                         ; No                         ; 1.98 V                      ; 0.000349 V                  ; 2.02 V             ; -0.0436 V          ; 0.235 V                             ; 0.258 V                             ; 6.93e-10 s                 ; 7.09e-10 s                 ; No                        ; No                        ;
; cram0_ce0_n             ; 1.8 V        ; 0 s                 ; 0 s                 ; 1.98 V                       ; 0.000349 V                   ; 2.02 V              ; -0.0437 V           ; 0.236 V                              ; 0.258 V                              ; 6.92e-10 s                  ; 7.09e-10 s                  ; No                         ; No                         ; 1.98 V                      ; 0.000349 V                  ; 2.02 V             ; -0.0437 V          ; 0.236 V                             ; 0.258 V                             ; 6.92e-10 s                 ; 7.09e-10 s                 ; No                        ; No                        ;
; cram0_ce1_n             ; 1.8 V        ; 0 s                 ; 0 s                 ; 1.98 V                       ; 0.000353 V                   ; 2.02 V              ; -0.0349 V           ; 0.165 V                              ; 0.181 V                              ; 8.74e-10 s                  ; 8.82e-10 s                  ; No                         ; No                         ; 1.98 V                      ; 0.000353 V                  ; 2.02 V             ; -0.0349 V          ; 0.165 V                             ; 0.181 V                             ; 8.74e-10 s                 ; 8.82e-10 s                 ; No                        ; No                        ;
; cram0_oe_n              ; 1.8 V        ; 0 s                 ; 0 s                 ; 1.98 V                       ; 0.000349 V                   ; 2.02 V              ; -0.0437 V           ; 0.236 V                              ; 0.258 V                              ; 6.92e-10 s                  ; 7.09e-10 s                  ; No                         ; No                         ; 1.98 V                      ; 0.000349 V                  ; 2.02 V             ; -0.0437 V          ; 0.236 V                             ; 0.258 V                             ; 6.92e-10 s                 ; 7.09e-10 s                 ; No                        ; No                        ;
; cram0_we_n              ; 1.8 V        ; 0 s                 ; 0 s                 ; 1.98 V                       ; 0.000349 V                   ; 2.02 V              ; -0.0437 V           ; 0.236 V                              ; 0.258 V                              ; 6.92e-10 s                  ; 7.09e-10 s                  ; No                         ; No                         ; 1.98 V                      ; 0.000349 V                  ; 2.02 V             ; -0.0437 V          ; 0.236 V                             ; 0.258 V                             ; 6.92e-10 s                 ; 7.09e-10 s                 ; No                        ; No                        ;
; cram0_ub_n              ; 1.8 V        ; 0 s                 ; 0 s                 ; 1.98 V                       ; 0.00033 V                    ; 1.98 V              ; -0.00539 V          ; 0.121 V                              ; 0.129 V                              ; 8.46e-10 s                  ; 8.54e-10 s                  ; No                         ; No                         ; 1.98 V                      ; 0.00033 V                   ; 1.98 V             ; -0.00539 V         ; 0.121 V                             ; 0.129 V                             ; 8.46e-10 s                 ; 8.54e-10 s                 ; No                        ; No                        ;
; cram0_lb_n              ; 1.8 V        ; 0 s                 ; 0 s                 ; 1.98 V                       ; 0.000349 V                   ; 2.02 V              ; -0.0436 V           ; 0.235 V                              ; 0.258 V                              ; 6.93e-10 s                  ; 7.09e-10 s                  ; No                         ; No                         ; 1.98 V                      ; 0.000349 V                  ; 2.02 V             ; -0.0436 V          ; 0.235 V                             ; 0.258 V                             ; 6.93e-10 s                 ; 7.09e-10 s                 ; No                        ; No                        ;
; cram1_a[16]             ; 1.8 V        ; 0 s                 ; 0 s                 ; 1.98 V                       ; 0.000353 V                   ; 2.02 V              ; -0.0349 V           ; 0.165 V                              ; 0.181 V                              ; 8.74e-10 s                  ; 8.82e-10 s                  ; No                         ; No                         ; 1.98 V                      ; 0.000353 V                  ; 2.02 V             ; -0.0349 V          ; 0.165 V                             ; 0.181 V                             ; 8.74e-10 s                 ; 8.82e-10 s                 ; No                        ; No                        ;
; cram1_a[17]             ; 1.8 V        ; 0 s                 ; 0 s                 ; 1.98 V                       ; 0.00033 V                    ; 1.98 V              ; -0.00539 V          ; 0.121 V                              ; 0.129 V                              ; 8.46e-10 s                  ; 8.54e-10 s                  ; No                         ; No                         ; 1.98 V                      ; 0.00033 V                   ; 1.98 V             ; -0.00539 V         ; 0.121 V                             ; 0.129 V                             ; 8.46e-10 s                 ; 8.54e-10 s                 ; No                        ; No                        ;
; cram1_a[18]             ; 1.8 V        ; 0 s                 ; 0 s                 ; 1.98 V                       ; 0.000349 V                   ; 2.02 V              ; -0.0437 V           ; 0.236 V                              ; 0.258 V                              ; 6.92e-10 s                  ; 7.09e-10 s                  ; No                         ; No                         ; 1.98 V                      ; 0.000349 V                  ; 2.02 V             ; -0.0437 V          ; 0.236 V                             ; 0.258 V                             ; 6.92e-10 s                 ; 7.09e-10 s                 ; No                        ; No                        ;
; cram1_a[19]             ; 1.8 V        ; 0 s                 ; 0 s                 ; 1.98 V                       ; 0.000349 V                   ; 2.02 V              ; -0.0436 V           ; 0.235 V                              ; 0.258 V                              ; 6.93e-10 s                  ; 7.09e-10 s                  ; No                         ; No                         ; 1.98 V                      ; 0.000349 V                  ; 2.02 V             ; -0.0436 V          ; 0.235 V                             ; 0.258 V                             ; 6.93e-10 s                 ; 7.09e-10 s                 ; No                        ; No                        ;
; cram1_a[20]             ; 1.8 V        ; 0 s                 ; 0 s                 ; 1.98 V                       ; 0.000349 V                   ; 2.02 V              ; -0.0436 V           ; 0.235 V                              ; 0.258 V                              ; 6.93e-10 s                  ; 7.09e-10 s                  ; No                         ; No                         ; 1.98 V                      ; 0.000349 V                  ; 2.02 V             ; -0.0436 V          ; 0.235 V                             ; 0.258 V                             ; 6.93e-10 s                 ; 7.09e-10 s                 ; No                        ; No                        ;
; cram1_a[21]             ; 1.8 V        ; 0 s                 ; 0 s                 ; 1.98 V                       ; 0.000353 V                   ; 2.02 V              ; -0.0349 V           ; 0.165 V                              ; 0.181 V                              ; 8.74e-10 s                  ; 8.82e-10 s                  ; No                         ; No                         ; 1.98 V                      ; 0.000353 V                  ; 2.02 V             ; -0.0349 V          ; 0.165 V                             ; 0.181 V                             ; 8.74e-10 s                 ; 8.82e-10 s                 ; No                        ; No                        ;
; cram1_clk               ; 1.8 V        ; 0 s                 ; 0 s                 ; 1.98 V                       ; 0.00017 V                    ; 2.01 V              ; -0.0381 V           ; 0.109 V                              ; 0.121 V                              ; 4.42e-10 s                  ; 4.45e-10 s                  ; No                         ; No                         ; 1.98 V                      ; 0.00017 V                   ; 2.01 V             ; -0.0381 V          ; 0.109 V                             ; 0.121 V                             ; 4.42e-10 s                 ; 4.45e-10 s                 ; No                        ; No                        ;
; cram1_adv_n             ; 1.8 V        ; 0 s                 ; 0 s                 ; 1.98 V                       ; 0.000349 V                   ; 2.02 V              ; -0.0436 V           ; 0.235 V                              ; 0.258 V                              ; 6.93e-10 s                  ; 7.09e-10 s                  ; No                         ; No                         ; 1.98 V                      ; 0.000349 V                  ; 2.02 V             ; -0.0436 V          ; 0.235 V                             ; 0.258 V                             ; 6.93e-10 s                 ; 7.09e-10 s                 ; No                        ; No                        ;
; cram1_cre               ; 1.8 V        ; 0 s                 ; 0 s                 ; 1.98 V                       ; 0.00033 V                    ; 1.98 V              ; -0.00539 V          ; 0.121 V                              ; 0.129 V                              ; 8.46e-10 s                  ; 8.54e-10 s                  ; No                         ; No                         ; 1.98 V                      ; 0.00033 V                   ; 1.98 V             ; -0.00539 V         ; 0.121 V                             ; 0.129 V                             ; 8.46e-10 s                 ; 8.54e-10 s                 ; No                        ; No                        ;
; cram1_ce0_n             ; 1.8 V        ; 0 s                 ; 0 s                 ; 1.98 V                       ; 0.000349 V                   ; 2.02 V              ; -0.0436 V           ; 0.235 V                              ; 0.258 V                              ; 6.93e-10 s                  ; 7.09e-10 s                  ; No                         ; No                         ; 1.98 V                      ; 0.000349 V                  ; 2.02 V             ; -0.0436 V          ; 0.235 V                             ; 0.258 V                             ; 6.93e-10 s                 ; 7.09e-10 s                 ; No                        ; No                        ;
; cram1_ce1_n             ; 1.8 V        ; 0 s                 ; 0 s                 ; 1.98 V                       ; 0.000353 V                   ; 2.02 V              ; -0.0349 V           ; 0.165 V                              ; 0.181 V                              ; 8.74e-10 s                  ; 8.82e-10 s                  ; No                         ; No                         ; 1.98 V                      ; 0.000353 V                  ; 2.02 V             ; -0.0349 V          ; 0.165 V                             ; 0.181 V                             ; 8.74e-10 s                 ; 8.82e-10 s                 ; No                        ; No                        ;
; cram1_oe_n              ; 1.8 V        ; 0 s                 ; 0 s                 ; 1.98 V                       ; 0.000353 V                   ; 2.02 V              ; -0.0349 V           ; 0.165 V                              ; 0.181 V                              ; 8.74e-10 s                  ; 8.82e-10 s                  ; No                         ; No                         ; 1.98 V                      ; 0.000353 V                  ; 2.02 V             ; -0.0349 V          ; 0.165 V                             ; 0.181 V                             ; 8.74e-10 s                 ; 8.82e-10 s                 ; No                        ; No                        ;
; cram1_we_n              ; 1.8 V        ; 0 s                 ; 0 s                 ; 1.98 V                       ; 0.000349 V                   ; 2.02 V              ; -0.0437 V           ; 0.236 V                              ; 0.258 V                              ; 6.92e-10 s                  ; 7.09e-10 s                  ; No                         ; No                         ; 1.98 V                      ; 0.000349 V                  ; 2.02 V             ; -0.0437 V          ; 0.236 V                             ; 0.258 V                             ; 6.92e-10 s                 ; 7.09e-10 s                 ; No                        ; No                        ;
; cram1_ub_n              ; 1.8 V        ; 0 s                 ; 0 s                 ; 1.98 V                       ; 0.00033 V                    ; 1.98 V              ; -0.00539 V          ; 0.121 V                              ; 0.129 V                              ; 8.46e-10 s                  ; 8.54e-10 s                  ; No                         ; No                         ; 1.98 V                      ; 0.00033 V                   ; 1.98 V             ; -0.00539 V         ; 0.121 V                             ; 0.129 V                             ; 8.46e-10 s                 ; 8.54e-10 s                 ; No                        ; No                        ;
; cram1_lb_n              ; 1.8 V        ; 0 s                 ; 0 s                 ; 1.98 V                       ; 0.000349 V                   ; 2.02 V              ; -0.0437 V           ; 0.236 V                              ; 0.258 V                              ; 6.92e-10 s                  ; 7.09e-10 s                  ; No                         ; No                         ; 1.98 V                      ; 0.000349 V                  ; 2.02 V             ; -0.0437 V          ; 0.236 V                             ; 0.258 V                             ; 6.92e-10 s                 ; 7.09e-10 s                 ; No                        ; No                        ;
; dram_a[0]               ; 1.8 V        ; 0 s                 ; 0 s                 ; 1.98 V                       ; 0.000353 V                   ; 2.02 V              ; -0.0349 V           ; 0.165 V                              ; 0.181 V                              ; 8.74e-10 s                  ; 8.82e-10 s                  ; No                         ; No                         ; 1.98 V                      ; 0.000353 V                  ; 2.02 V             ; -0.0349 V          ; 0.165 V                             ; 0.181 V                             ; 8.74e-10 s                 ; 8.82e-10 s                 ; No                        ; No                        ;
; dram_a[1]               ; 1.8 V        ; 0 s                 ; 0 s                 ; 1.98 V                       ; 0.000353 V                   ; 2.02 V              ; -0.0349 V           ; 0.165 V                              ; 0.181 V                              ; 8.74e-10 s                  ; 8.82e-10 s                  ; No                         ; No                         ; 1.98 V                      ; 0.000353 V                  ; 2.02 V             ; -0.0349 V          ; 0.165 V                             ; 0.181 V                             ; 8.74e-10 s                 ; 8.82e-10 s                 ; No                        ; No                        ;
; dram_a[2]               ; 1.8 V        ; 0 s                 ; 0 s                 ; 1.98 V                       ; 0.000349 V                   ; 2.02 V              ; -0.0437 V           ; 0.236 V                              ; 0.258 V                              ; 6.92e-10 s                  ; 7.09e-10 s                  ; No                         ; No                         ; 1.98 V                      ; 0.000349 V                  ; 2.02 V             ; -0.0437 V          ; 0.236 V                             ; 0.258 V                             ; 6.92e-10 s                 ; 7.09e-10 s                 ; No                        ; No                        ;
; dram_a[3]               ; 1.8 V        ; 0 s                 ; 0 s                 ; 1.98 V                       ; 0.000353 V                   ; 2.02 V              ; -0.0349 V           ; 0.165 V                              ; 0.181 V                              ; 8.74e-10 s                  ; 8.82e-10 s                  ; No                         ; No                         ; 1.98 V                      ; 0.000353 V                  ; 2.02 V             ; -0.0349 V          ; 0.165 V                             ; 0.181 V                             ; 8.74e-10 s                 ; 8.82e-10 s                 ; No                        ; No                        ;
; dram_a[4]               ; 1.8 V        ; 0 s                 ; 0 s                 ; 1.98 V                       ; 0.00033 V                    ; 1.98 V              ; -0.00539 V          ; 0.121 V                              ; 0.129 V                              ; 8.46e-10 s                  ; 8.54e-10 s                  ; No                         ; No                         ; 1.98 V                      ; 0.00033 V                   ; 1.98 V             ; -0.00539 V         ; 0.121 V                             ; 0.129 V                             ; 8.46e-10 s                 ; 8.54e-10 s                 ; No                        ; No                        ;
; dram_a[5]               ; 1.8 V        ; 0 s                 ; 0 s                 ; 1.98 V                       ; 0.00033 V                    ; 1.98 V              ; -0.00539 V          ; 0.121 V                              ; 0.129 V                              ; 8.46e-10 s                  ; 8.54e-10 s                  ; No                         ; No                         ; 1.98 V                      ; 0.00033 V                   ; 1.98 V             ; -0.00539 V         ; 0.121 V                             ; 0.129 V                             ; 8.46e-10 s                 ; 8.54e-10 s                 ; No                        ; No                        ;
; dram_a[6]               ; 1.8 V        ; 0 s                 ; 0 s                 ; 1.98 V                       ; 0.000353 V                   ; 2.02 V              ; -0.0349 V           ; 0.165 V                              ; 0.181 V                              ; 8.74e-10 s                  ; 8.82e-10 s                  ; No                         ; No                         ; 1.98 V                      ; 0.000353 V                  ; 2.02 V             ; -0.0349 V          ; 0.165 V                             ; 0.181 V                             ; 8.74e-10 s                 ; 8.82e-10 s                 ; No                        ; No                        ;
; dram_a[7]               ; 1.8 V        ; 0 s                 ; 0 s                 ; 1.98 V                       ; 0.000349 V                   ; 2.02 V              ; -0.0437 V           ; 0.236 V                              ; 0.258 V                              ; 6.92e-10 s                  ; 7.09e-10 s                  ; No                         ; No                         ; 1.98 V                      ; 0.000349 V                  ; 2.02 V             ; -0.0437 V          ; 0.236 V                             ; 0.258 V                             ; 6.92e-10 s                 ; 7.09e-10 s                 ; No                        ; No                        ;
; dram_a[8]               ; 1.8 V        ; 0 s                 ; 0 s                 ; 1.98 V                       ; 0.000349 V                   ; 2.02 V              ; -0.0437 V           ; 0.236 V                              ; 0.258 V                              ; 6.92e-10 s                  ; 7.09e-10 s                  ; No                         ; No                         ; 1.98 V                      ; 0.000349 V                  ; 2.02 V             ; -0.0437 V          ; 0.236 V                             ; 0.258 V                             ; 6.92e-10 s                 ; 7.09e-10 s                 ; No                        ; No                        ;
; dram_a[9]               ; 1.8 V        ; 0 s                 ; 0 s                 ; 1.98 V                       ; 0.000349 V                   ; 2.02 V              ; -0.0436 V           ; 0.235 V                              ; 0.258 V                              ; 6.93e-10 s                  ; 7.09e-10 s                  ; No                         ; No                         ; 1.98 V                      ; 0.000349 V                  ; 2.02 V             ; -0.0436 V          ; 0.235 V                             ; 0.258 V                             ; 6.93e-10 s                 ; 7.09e-10 s                 ; No                        ; No                        ;
; dram_a[10]              ; 1.8 V        ; 0 s                 ; 0 s                 ; 1.98 V                       ; 0.00033 V                    ; 1.98 V              ; -0.00539 V          ; 0.121 V                              ; 0.129 V                              ; 8.46e-10 s                  ; 8.54e-10 s                  ; No                         ; No                         ; 1.98 V                      ; 0.00033 V                   ; 1.98 V             ; -0.00539 V         ; 0.121 V                             ; 0.129 V                             ; 8.46e-10 s                 ; 8.54e-10 s                 ; No                        ; No                        ;
; dram_a[11]              ; 1.8 V        ; 0 s                 ; 0 s                 ; 1.98 V                       ; 0.00033 V                    ; 1.98 V              ; -0.00539 V          ; 0.121 V                              ; 0.129 V                              ; 8.46e-10 s                  ; 8.54e-10 s                  ; No                         ; No                         ; 1.98 V                      ; 0.00033 V                   ; 1.98 V             ; -0.00539 V         ; 0.121 V                             ; 0.129 V                             ; 8.46e-10 s                 ; 8.54e-10 s                 ; No                        ; No                        ;
; dram_a[12]              ; 1.8 V        ; 0 s                 ; 0 s                 ; 1.98 V                       ; 0.000349 V                   ; 2.02 V              ; -0.0436 V           ; 0.235 V                              ; 0.258 V                              ; 6.93e-10 s                  ; 7.09e-10 s                  ; No                         ; No                         ; 1.98 V                      ; 0.000349 V                  ; 2.02 V             ; -0.0436 V          ; 0.235 V                             ; 0.258 V                             ; 6.93e-10 s                 ; 7.09e-10 s                 ; No                        ; No                        ;
; dram_ba[0]              ; 1.8 V        ; 0 s                 ; 0 s                 ; 1.98 V                       ; 0.000349 V                   ; 2.02 V              ; -0.0437 V           ; 0.236 V                              ; 0.258 V                              ; 6.92e-10 s                  ; 7.09e-10 s                  ; No                         ; No                         ; 1.98 V                      ; 0.000349 V                  ; 2.02 V             ; -0.0437 V          ; 0.236 V                             ; 0.258 V                             ; 6.92e-10 s                 ; 7.09e-10 s                 ; No                        ; No                        ;
; dram_ba[1]              ; 1.8 V        ; 0 s                 ; 0 s                 ; 1.98 V                       ; 0.00033 V                    ; 1.98 V              ; -0.00539 V          ; 0.121 V                              ; 0.129 V                              ; 8.46e-10 s                  ; 8.54e-10 s                  ; No                         ; No                         ; 1.98 V                      ; 0.00033 V                   ; 1.98 V             ; -0.00539 V         ; 0.121 V                             ; 0.129 V                             ; 8.46e-10 s                 ; 8.54e-10 s                 ; No                        ; No                        ;
; dram_dqm[0]             ; 1.8 V        ; 0 s                 ; 0 s                 ; 1.98 V                       ; 0.000353 V                   ; 2.02 V              ; -0.0349 V           ; 0.165 V                              ; 0.181 V                              ; 8.74e-10 s                  ; 8.82e-10 s                  ; No                         ; No                         ; 1.98 V                      ; 0.000353 V                  ; 2.02 V             ; -0.0349 V          ; 0.165 V                             ; 0.181 V                             ; 8.74e-10 s                 ; 8.82e-10 s                 ; No                        ; No                        ;
; dram_dqm[1]             ; 1.8 V        ; 0 s                 ; 0 s                 ; 1.98 V                       ; 0.00033 V                    ; 1.98 V              ; -0.00539 V          ; 0.121 V                              ; 0.129 V                              ; 8.46e-10 s                  ; 8.54e-10 s                  ; No                         ; No                         ; 1.98 V                      ; 0.00033 V                   ; 1.98 V             ; -0.00539 V         ; 0.121 V                             ; 0.129 V                             ; 8.46e-10 s                 ; 8.54e-10 s                 ; No                        ; No                        ;
; dram_clk                ; 1.8 V        ; 0 s                 ; 0 s                 ; 1.98 V                       ; 0.00017 V                    ; 2.01 V              ; -0.0381 V           ; 0.109 V                              ; 0.121 V                              ; 4.42e-10 s                  ; 4.45e-10 s                  ; No                         ; No                         ; 1.98 V                      ; 0.00017 V                   ; 2.01 V             ; -0.0381 V          ; 0.109 V                             ; 0.121 V                             ; 4.42e-10 s                 ; 4.45e-10 s                 ; No                        ; No                        ;
; dram_cke                ; 1.8 V        ; 0 s                 ; 0 s                 ; 1.98 V                       ; 0.000353 V                   ; 2.02 V              ; -0.0349 V           ; 0.165 V                              ; 0.181 V                              ; 8.74e-10 s                  ; 8.82e-10 s                  ; No                         ; No                         ; 1.98 V                      ; 0.000353 V                  ; 2.02 V             ; -0.0349 V          ; 0.165 V                             ; 0.181 V                             ; 8.74e-10 s                 ; 8.82e-10 s                 ; No                        ; No                        ;
; dram_ras_n              ; 1.8 V        ; 0 s                 ; 0 s                 ; 1.98 V                       ; 0.000349 V                   ; 2.02 V              ; -0.0437 V           ; 0.236 V                              ; 0.258 V                              ; 6.92e-10 s                  ; 7.09e-10 s                  ; No                         ; No                         ; 1.98 V                      ; 0.000349 V                  ; 2.02 V             ; -0.0437 V          ; 0.236 V                             ; 0.258 V                             ; 6.92e-10 s                 ; 7.09e-10 s                 ; No                        ; No                        ;
; dram_cas_n              ; 1.8 V        ; 0 s                 ; 0 s                 ; 1.98 V                       ; 0.000349 V                   ; 2.02 V              ; -0.0436 V           ; 0.235 V                              ; 0.258 V                              ; 6.93e-10 s                  ; 7.09e-10 s                  ; No                         ; No                         ; 1.98 V                      ; 0.000349 V                  ; 2.02 V             ; -0.0436 V          ; 0.235 V                             ; 0.258 V                             ; 6.93e-10 s                 ; 7.09e-10 s                 ; No                        ; No                        ;
; dram_we_n               ; 1.8 V        ; 0 s                 ; 0 s                 ; 1.98 V                       ; 0.000349 V                   ; 2.02 V              ; -0.0436 V           ; 0.235 V                              ; 0.258 V                              ; 6.93e-10 s                  ; 7.09e-10 s                  ; No                         ; No                         ; 1.98 V                      ; 0.000349 V                  ; 2.02 V             ; -0.0436 V          ; 0.235 V                             ; 0.258 V                             ; 6.93e-10 s                 ; 7.09e-10 s                 ; No                        ; No                        ;
; sram_a[0]               ; 3.3-V LVCMOS ; 0 s                 ; 0 s                 ; 3.63 V                       ; 0.000184 V                   ; 3.64 V              ; -0.19 V             ; 0.019 V                              ; 0.425 V                              ; 4.44e-10 s                  ; 1.91e-10 s                  ; Yes                        ; No                         ; 3.63 V                      ; 0.000184 V                  ; 3.64 V             ; -0.19 V            ; 0.019 V                             ; 0.425 V                             ; 4.44e-10 s                 ; 1.91e-10 s                 ; Yes                       ; No                        ;
; sram_a[1]               ; 3.3-V LVCMOS ; 0 s                 ; 0 s                 ; 3.63 V                       ; 0.000238 V                   ; 3.64 V              ; -0.254 V            ; 0.052 V                              ; 0.543 V                              ; 4.59e-10 s                  ; 1.96e-10 s                  ; Yes                        ; No                         ; 3.63 V                      ; 0.000238 V                  ; 3.64 V             ; -0.254 V           ; 0.052 V                             ; 0.543 V                             ; 4.59e-10 s                 ; 1.96e-10 s                 ; Yes                       ; No                        ;
; sram_a[2]               ; 3.3-V LVCMOS ; 0 s                 ; 0 s                 ; 3.63 V                       ; 0.000184 V                   ; 3.64 V              ; -0.19 V             ; 0.019 V                              ; 0.425 V                              ; 4.44e-10 s                  ; 1.91e-10 s                  ; Yes                        ; No                         ; 3.63 V                      ; 0.000184 V                  ; 3.64 V             ; -0.19 V            ; 0.019 V                             ; 0.425 V                             ; 4.44e-10 s                 ; 1.91e-10 s                 ; Yes                       ; No                        ;
; sram_a[3]               ; 3.3-V LVCMOS ; 0 s                 ; 0 s                 ; 3.63 V                       ; 0.000229 V                   ; 3.65 V              ; -0.319 V            ; 0.041 V                              ; 0.528 V                              ; 4.29e-10 s                  ; 1.87e-10 s                  ; Yes                        ; No                         ; 3.63 V                      ; 0.000229 V                  ; 3.65 V             ; -0.319 V           ; 0.041 V                             ; 0.528 V                             ; 4.29e-10 s                 ; 1.87e-10 s                 ; Yes                       ; No                        ;
; sram_a[4]               ; 3.3-V LVCMOS ; 0 s                 ; 0 s                 ; 3.63 V                       ; 0.000238 V                   ; 3.64 V              ; -0.254 V            ; 0.052 V                              ; 0.543 V                              ; 4.59e-10 s                  ; 1.96e-10 s                  ; Yes                        ; No                         ; 3.63 V                      ; 0.000238 V                  ; 3.64 V             ; -0.254 V           ; 0.052 V                             ; 0.543 V                             ; 4.59e-10 s                 ; 1.96e-10 s                 ; Yes                       ; No                        ;
; sram_a[5]               ; 3.3-V LVCMOS ; 0 s                 ; 0 s                 ; 3.63 V                       ; 0.000184 V                   ; 3.64 V              ; -0.19 V             ; 0.019 V                              ; 0.425 V                              ; 4.44e-10 s                  ; 1.91e-10 s                  ; Yes                        ; No                         ; 3.63 V                      ; 0.000184 V                  ; 3.64 V             ; -0.19 V            ; 0.019 V                             ; 0.425 V                             ; 4.44e-10 s                 ; 1.91e-10 s                 ; Yes                       ; No                        ;
; sram_a[6]               ; 3.3-V LVCMOS ; 0 s                 ; 0 s                 ; 3.63 V                       ; 0.000184 V                   ; 3.64 V              ; -0.19 V             ; 0.019 V                              ; 0.425 V                              ; 4.44e-10 s                  ; 1.91e-10 s                  ; Yes                        ; No                         ; 3.63 V                      ; 0.000184 V                  ; 3.64 V             ; -0.19 V            ; 0.019 V                             ; 0.425 V                             ; 4.44e-10 s                 ; 1.91e-10 s                 ; Yes                       ; No                        ;
; sram_a[7]               ; 3.3-V LVCMOS ; 0 s                 ; 0 s                 ; 3.63 V                       ; 0.000238 V                   ; 3.64 V              ; -0.254 V            ; 0.052 V                              ; 0.543 V                              ; 4.59e-10 s                  ; 1.96e-10 s                  ; Yes                        ; No                         ; 3.63 V                      ; 0.000238 V                  ; 3.64 V             ; -0.254 V           ; 0.052 V                             ; 0.543 V                             ; 4.59e-10 s                 ; 1.96e-10 s                 ; Yes                       ; No                        ;
; sram_a[8]               ; 3.3-V LVCMOS ; 0 s                 ; 0 s                 ; 3.63 V                       ; 0.000238 V                   ; 3.64 V              ; -0.254 V            ; 0.052 V                              ; 0.543 V                              ; 4.59e-10 s                  ; 1.96e-10 s                  ; Yes                        ; No                         ; 3.63 V                      ; 0.000238 V                  ; 3.64 V             ; -0.254 V           ; 0.052 V                             ; 0.543 V                             ; 4.59e-10 s                 ; 1.96e-10 s                 ; Yes                       ; No                        ;
; sram_a[9]               ; 3.3-V LVCMOS ; 0 s                 ; 0 s                 ; 3.63 V                       ; 0.000184 V                   ; 3.64 V              ; -0.19 V             ; 0.019 V                              ; 0.425 V                              ; 4.44e-10 s                  ; 1.91e-10 s                  ; Yes                        ; No                         ; 3.63 V                      ; 0.000184 V                  ; 3.64 V             ; -0.19 V            ; 0.019 V                             ; 0.425 V                             ; 4.44e-10 s                 ; 1.91e-10 s                 ; Yes                       ; No                        ;
; sram_a[10]              ; 3.3-V LVCMOS ; 0 s                 ; 0 s                 ; 3.63 V                       ; 0.000184 V                   ; 3.64 V              ; -0.19 V             ; 0.019 V                              ; 0.425 V                              ; 4.44e-10 s                  ; 1.91e-10 s                  ; Yes                        ; No                         ; 3.63 V                      ; 0.000184 V                  ; 3.64 V             ; -0.19 V            ; 0.019 V                             ; 0.425 V                             ; 4.44e-10 s                 ; 1.91e-10 s                 ; Yes                       ; No                        ;
; sram_a[11]              ; 3.3-V LVCMOS ; 0 s                 ; 0 s                 ; 3.63 V                       ; 0.000184 V                   ; 3.64 V              ; -0.19 V             ; 0.019 V                              ; 0.425 V                              ; 4.44e-10 s                  ; 1.91e-10 s                  ; Yes                        ; No                         ; 3.63 V                      ; 0.000184 V                  ; 3.64 V             ; -0.19 V            ; 0.019 V                             ; 0.425 V                             ; 4.44e-10 s                 ; 1.91e-10 s                 ; Yes                       ; No                        ;
; sram_a[12]              ; 3.3-V LVCMOS ; 0 s                 ; 0 s                 ; 3.63 V                       ; 0.000184 V                   ; 3.64 V              ; -0.19 V             ; 0.019 V                              ; 0.425 V                              ; 4.44e-10 s                  ; 1.91e-10 s                  ; Yes                        ; No                         ; 3.63 V                      ; 0.000184 V                  ; 3.64 V             ; -0.19 V            ; 0.019 V                             ; 0.425 V                             ; 4.44e-10 s                 ; 1.91e-10 s                 ; Yes                       ; No                        ;
; sram_a[13]              ; 3.3-V LVCMOS ; 0 s                 ; 0 s                 ; 3.63 V                       ; 0.000184 V                   ; 3.64 V              ; -0.19 V             ; 0.019 V                              ; 0.425 V                              ; 4.44e-10 s                  ; 1.91e-10 s                  ; Yes                        ; No                         ; 3.63 V                      ; 0.000184 V                  ; 3.64 V             ; -0.19 V            ; 0.019 V                             ; 0.425 V                             ; 4.44e-10 s                 ; 1.91e-10 s                 ; Yes                       ; No                        ;
; sram_a[14]              ; 3.3-V LVCMOS ; 0 s                 ; 0 s                 ; 3.63 V                       ; 0.000238 V                   ; 3.64 V              ; -0.254 V            ; 0.052 V                              ; 0.543 V                              ; 4.59e-10 s                  ; 1.96e-10 s                  ; Yes                        ; No                         ; 3.63 V                      ; 0.000238 V                  ; 3.64 V             ; -0.254 V           ; 0.052 V                             ; 0.543 V                             ; 4.59e-10 s                 ; 1.96e-10 s                 ; Yes                       ; No                        ;
; sram_a[15]              ; 3.3-V LVCMOS ; 0 s                 ; 0 s                 ; 3.63 V                       ; 0.000238 V                   ; 3.64 V              ; -0.254 V            ; 0.052 V                              ; 0.543 V                              ; 4.59e-10 s                  ; 1.96e-10 s                  ; Yes                        ; No                         ; 3.63 V                      ; 0.000238 V                  ; 3.64 V             ; -0.254 V           ; 0.052 V                             ; 0.543 V                             ; 4.59e-10 s                 ; 1.96e-10 s                 ; Yes                       ; No                        ;
; sram_a[16]              ; 3.3-V LVCMOS ; 0 s                 ; 0 s                 ; 3.63 V                       ; 0.000184 V                   ; 3.64 V              ; -0.19 V             ; 0.019 V                              ; 0.425 V                              ; 4.44e-10 s                  ; 1.91e-10 s                  ; Yes                        ; No                         ; 3.63 V                      ; 0.000184 V                  ; 3.64 V             ; -0.19 V            ; 0.019 V                             ; 0.425 V                             ; 4.44e-10 s                 ; 1.91e-10 s                 ; Yes                       ; No                        ;
; sram_oe_n               ; 3.3-V LVCMOS ; 0 s                 ; 0 s                 ; 3.63 V                       ; 0.000238 V                   ; 3.64 V              ; -0.254 V            ; 0.052 V                              ; 0.543 V                              ; 4.59e-10 s                  ; 1.96e-10 s                  ; Yes                        ; No                         ; 3.63 V                      ; 0.000238 V                  ; 3.64 V             ; -0.254 V           ; 0.052 V                             ; 0.543 V                             ; 4.59e-10 s                 ; 1.96e-10 s                 ; Yes                       ; No                        ;
; sram_we_n               ; 3.3-V LVCMOS ; 0 s                 ; 0 s                 ; 3.63 V                       ; 0.000238 V                   ; 3.64 V              ; -0.254 V            ; 0.052 V                              ; 0.543 V                              ; 4.59e-10 s                  ; 1.96e-10 s                  ; Yes                        ; No                         ; 3.63 V                      ; 0.000238 V                  ; 3.64 V             ; -0.254 V           ; 0.052 V                             ; 0.543 V                             ; 4.59e-10 s                 ; 1.96e-10 s                 ; Yes                       ; No                        ;
; sram_ub_n               ; 3.3-V LVCMOS ; 0 s                 ; 0 s                 ; 3.63 V                       ; 0.000238 V                   ; 3.64 V              ; -0.254 V            ; 0.052 V                              ; 0.543 V                              ; 4.59e-10 s                  ; 1.96e-10 s                  ; Yes                        ; No                         ; 3.63 V                      ; 0.000238 V                  ; 3.64 V             ; -0.254 V           ; 0.052 V                             ; 0.543 V                             ; 4.59e-10 s                 ; 1.96e-10 s                 ; Yes                       ; No                        ;
; sram_lb_n               ; 3.3-V LVCMOS ; 0 s                 ; 0 s                 ; 3.63 V                       ; 0.000229 V                   ; 3.65 V              ; -0.316 V            ; 0.041 V                              ; 0.53 V                               ; 4.29e-10 s                  ; 1.87e-10 s                  ; Yes                        ; No                         ; 3.63 V                      ; 0.000229 V                  ; 3.65 V             ; -0.316 V           ; 0.041 V                             ; 0.53 V                              ; 4.29e-10 s                 ; 1.87e-10 s                 ; Yes                       ; No                        ;
; dbg_tx                  ; 1.8 V        ; 0 s                 ; 0 s                 ; 1.98 V                       ; 0.000199 V                   ; 2.07 V              ; -0.0884 V           ; 0.158 V                              ; 0.179 V                              ; 4.52e-10 s                  ; 4.53e-10 s                  ; No                         ; No                         ; 1.98 V                      ; 0.000199 V                  ; 2.07 V             ; -0.0884 V          ; 0.158 V                             ; 0.179 V                             ; 4.52e-10 s                 ; 4.53e-10 s                 ; No                        ; No                        ;
; user1                   ; 1.8 V        ; 0 s                 ; 0 s                 ; 1.98 V                       ; 0.00019 V                    ; 2.08 V              ; -0.0982 V           ; 0.282 V                              ; 0.331 V                              ; 2.92e-10 s                  ; 3.08e-10 s                  ; No                         ; No                         ; 1.98 V                      ; 0.00019 V                   ; 2.08 V             ; -0.0982 V          ; 0.282 V                             ; 0.331 V                             ; 2.92e-10 s                 ; 3.08e-10 s                 ; No                        ; No                        ;
; vpll_feed               ; 1.8 V        ; 0 s                 ; 0 s                 ; 1.98 V                       ; 0.000193 V                   ; 2.07 V              ; -0.0839 V           ; 0.166 V                              ; 0.187 V                              ; 4.55e-10 s                  ; 4.58e-10 s                  ; No                         ; No                         ; 1.98 V                      ; 0.000193 V                  ; 2.07 V             ; -0.0839 V          ; 0.166 V                             ; 0.187 V                             ; 4.55e-10 s                 ; 4.58e-10 s                 ; No                        ; No                        ;
; aux_scl                 ; 1.8 V        ; 0 s                 ; 0 s                 ; 1.98 V                       ; 0.00033 V                    ; 1.98 V              ; -0.00539 V          ; 0.121 V                              ; 0.129 V                              ; 8.46e-10 s                  ; 8.54e-10 s                  ; No                         ; No                         ; 1.98 V                      ; 0.00033 V                   ; 1.98 V             ; -0.00539 V         ; 0.121 V                             ; 0.129 V                             ; 8.46e-10 s                 ; 8.54e-10 s                 ; No                        ; No                        ;
; cart_tran_bank2[0]      ; 3.3-V LVCMOS ; 0 s                 ; 0 s                 ; 3.63 V                       ; 0.000229 V                   ; 3.65 V              ; -0.319 V            ; 0.041 V                              ; 0.528 V                              ; 4.29e-10 s                  ; 1.87e-10 s                  ; Yes                        ; No                         ; 3.63 V                      ; 0.000229 V                  ; 3.65 V             ; -0.319 V           ; 0.041 V                             ; 0.528 V                             ; 4.29e-10 s                 ; 1.87e-10 s                 ; Yes                       ; No                        ;
; cart_tran_bank2[1]      ; 3.3-V LVCMOS ; 0 s                 ; 0 s                 ; 3.63 V                       ; 0.000229 V                   ; 3.65 V              ; -0.319 V            ; 0.041 V                              ; 0.528 V                              ; 4.29e-10 s                  ; 1.87e-10 s                  ; Yes                        ; No                         ; 3.63 V                      ; 0.000229 V                  ; 3.65 V             ; -0.319 V           ; 0.041 V                             ; 0.528 V                             ; 4.29e-10 s                 ; 1.87e-10 s                 ; Yes                       ; No                        ;
; cart_tran_bank2[2]      ; 3.3-V LVCMOS ; 0 s                 ; 0 s                 ; 3.63 V                       ; 0.000229 V                   ; 3.65 V              ; -0.316 V            ; 0.041 V                              ; 0.53 V                               ; 4.29e-10 s                  ; 1.87e-10 s                  ; Yes                        ; No                         ; 3.63 V                      ; 0.000229 V                  ; 3.65 V             ; -0.316 V           ; 0.041 V                             ; 0.53 V                              ; 4.29e-10 s                 ; 1.87e-10 s                 ; Yes                       ; No                        ;
; cart_tran_bank2[3]      ; 3.3-V LVCMOS ; 0 s                 ; 0 s                 ; 3.63 V                       ; 0.000229 V                   ; 3.65 V              ; -0.316 V            ; 0.041 V                              ; 0.53 V                               ; 4.29e-10 s                  ; 1.87e-10 s                  ; Yes                        ; No                         ; 3.63 V                      ; 0.000229 V                  ; 3.65 V             ; -0.316 V           ; 0.041 V                             ; 0.53 V                              ; 4.29e-10 s                 ; 1.87e-10 s                 ; Yes                       ; No                        ;
; cart_tran_bank2[4]      ; 3.3-V LVCMOS ; 0 s                 ; 0 s                 ; 3.63 V                       ; 0.000229 V                   ; 3.65 V              ; -0.319 V            ; 0.041 V                              ; 0.528 V                              ; 4.29e-10 s                  ; 1.87e-10 s                  ; Yes                        ; No                         ; 3.63 V                      ; 0.000229 V                  ; 3.65 V             ; -0.319 V           ; 0.041 V                             ; 0.528 V                             ; 4.29e-10 s                 ; 1.87e-10 s                 ; Yes                       ; No                        ;
; cart_tran_bank2[5]      ; 3.3-V LVCMOS ; 0 s                 ; 0 s                 ; 3.63 V                       ; 0.000229 V                   ; 3.65 V              ; -0.319 V            ; 0.041 V                              ; 0.528 V                              ; 4.29e-10 s                  ; 1.87e-10 s                  ; Yes                        ; No                         ; 3.63 V                      ; 0.000229 V                  ; 3.65 V             ; -0.319 V           ; 0.041 V                             ; 0.528 V                             ; 4.29e-10 s                 ; 1.87e-10 s                 ; Yes                       ; No                        ;
; cart_tran_bank2[6]      ; 3.3-V LVCMOS ; 0 s                 ; 0 s                 ; 3.63 V                       ; 0.000229 V                   ; 3.65 V              ; -0.316 V            ; 0.041 V                              ; 0.53 V                               ; 4.29e-10 s                  ; 1.87e-10 s                  ; Yes                        ; No                         ; 3.63 V                      ; 0.000229 V                  ; 3.65 V             ; -0.316 V           ; 0.041 V                             ; 0.53 V                              ; 4.29e-10 s                 ; 1.87e-10 s                 ; Yes                       ; No                        ;
; cart_tran_bank2[7]      ; 3.3-V LVCMOS ; 0 s                 ; 0 s                 ; 3.63 V                       ; 0.000229 V                   ; 3.65 V              ; -0.319 V            ; 0.041 V                              ; 0.528 V                              ; 4.29e-10 s                  ; 1.87e-10 s                  ; Yes                        ; No                         ; 3.63 V                      ; 0.000229 V                  ; 3.65 V             ; -0.319 V           ; 0.041 V                             ; 0.528 V                             ; 4.29e-10 s                 ; 1.87e-10 s                 ; Yes                       ; No                        ;
; cart_tran_bank3[0]      ; 3.3-V LVCMOS ; 0 s                 ; 0 s                 ; 3.63 V                       ; 0.000229 V                   ; 3.65 V              ; -0.316 V            ; 0.041 V                              ; 0.53 V                               ; 4.29e-10 s                  ; 1.87e-10 s                  ; Yes                        ; No                         ; 3.63 V                      ; 0.000229 V                  ; 3.65 V             ; -0.316 V           ; 0.041 V                             ; 0.53 V                              ; 4.29e-10 s                 ; 1.87e-10 s                 ; Yes                       ; No                        ;
; cart_tran_bank3[1]      ; 3.3-V LVCMOS ; 0 s                 ; 0 s                 ; 3.63 V                       ; 0.000229 V                   ; 3.65 V              ; -0.316 V            ; 0.041 V                              ; 0.53 V                               ; 4.29e-10 s                  ; 1.87e-10 s                  ; Yes                        ; No                         ; 3.63 V                      ; 0.000229 V                  ; 3.65 V             ; -0.316 V           ; 0.041 V                             ; 0.53 V                              ; 4.29e-10 s                 ; 1.87e-10 s                 ; Yes                       ; No                        ;
; cart_tran_bank3[2]      ; 3.3-V LVCMOS ; 0 s                 ; 0 s                 ; 3.63 V                       ; 0.000229 V                   ; 3.65 V              ; -0.319 V            ; 0.041 V                              ; 0.528 V                              ; 4.29e-10 s                  ; 1.87e-10 s                  ; Yes                        ; No                         ; 3.63 V                      ; 0.000229 V                  ; 3.65 V             ; -0.319 V           ; 0.041 V                             ; 0.528 V                             ; 4.29e-10 s                 ; 1.87e-10 s                 ; Yes                       ; No                        ;
; cart_tran_bank3[3]      ; 3.3-V LVCMOS ; 0 s                 ; 0 s                 ; 3.63 V                       ; 0.000229 V                   ; 3.65 V              ; -0.319 V            ; 0.041 V                              ; 0.528 V                              ; 4.29e-10 s                  ; 1.87e-10 s                  ; Yes                        ; No                         ; 3.63 V                      ; 0.000229 V                  ; 3.65 V             ; -0.319 V           ; 0.041 V                             ; 0.528 V                             ; 4.29e-10 s                 ; 1.87e-10 s                 ; Yes                       ; No                        ;
; cart_tran_bank3[4]      ; 3.3-V LVCMOS ; 0 s                 ; 0 s                 ; 3.63 V                       ; 0.000229 V                   ; 3.65 V              ; -0.316 V            ; 0.041 V                              ; 0.53 V                               ; 4.29e-10 s                  ; 1.87e-10 s                  ; Yes                        ; No                         ; 3.63 V                      ; 0.000229 V                  ; 3.65 V             ; -0.316 V           ; 0.041 V                             ; 0.53 V                              ; 4.29e-10 s                 ; 1.87e-10 s                 ; Yes                       ; No                        ;
; cart_tran_bank3[5]      ; 3.3-V LVCMOS ; 0 s                 ; 0 s                 ; 3.63 V                       ; 0.000229 V                   ; 3.65 V              ; -0.319 V            ; 0.041 V                              ; 0.528 V                              ; 4.29e-10 s                  ; 1.87e-10 s                  ; Yes                        ; No                         ; 3.63 V                      ; 0.000229 V                  ; 3.65 V             ; -0.319 V           ; 0.041 V                             ; 0.528 V                             ; 4.29e-10 s                 ; 1.87e-10 s                 ; Yes                       ; No                        ;
; cart_tran_bank3[6]      ; 3.3-V LVCMOS ; 0 s                 ; 0 s                 ; 3.63 V                       ; 0.000229 V                   ; 3.65 V              ; -0.316 V            ; 0.041 V                              ; 0.53 V                               ; 4.29e-10 s                  ; 1.87e-10 s                  ; Yes                        ; No                         ; 3.63 V                      ; 0.000229 V                  ; 3.65 V             ; -0.316 V           ; 0.041 V                             ; 0.53 V                              ; 4.29e-10 s                 ; 1.87e-10 s                 ; Yes                       ; No                        ;
; cart_tran_bank3[7]      ; 3.3-V LVCMOS ; 0 s                 ; 0 s                 ; 3.63 V                       ; 0.000229 V                   ; 3.65 V              ; -0.316 V            ; 0.041 V                              ; 0.53 V                               ; 4.29e-10 s                  ; 1.87e-10 s                  ; Yes                        ; No                         ; 3.63 V                      ; 0.000229 V                  ; 3.65 V             ; -0.316 V           ; 0.041 V                             ; 0.53 V                              ; 4.29e-10 s                 ; 1.87e-10 s                 ; Yes                       ; No                        ;
; cart_tran_bank1[0]      ; 3.3-V LVCMOS ; 0 s                 ; 0 s                 ; 3.63 V                       ; 0.000229 V                   ; 3.65 V              ; -0.319 V            ; 0.041 V                              ; 0.528 V                              ; 4.29e-10 s                  ; 1.87e-10 s                  ; Yes                        ; No                         ; 3.63 V                      ; 0.000229 V                  ; 3.65 V             ; -0.319 V           ; 0.041 V                             ; 0.528 V                             ; 4.29e-10 s                 ; 1.87e-10 s                 ; Yes                       ; No                        ;
; cart_tran_bank1[1]      ; 3.3-V LVCMOS ; 0 s                 ; 0 s                 ; 3.63 V                       ; 0.000229 V                   ; 3.65 V              ; -0.316 V            ; 0.041 V                              ; 0.53 V                               ; 4.29e-10 s                  ; 1.87e-10 s                  ; Yes                        ; No                         ; 3.63 V                      ; 0.000229 V                  ; 3.65 V             ; -0.316 V           ; 0.041 V                             ; 0.53 V                              ; 4.29e-10 s                 ; 1.87e-10 s                 ; Yes                       ; No                        ;
; cart_tran_bank1[2]      ; 3.3-V LVCMOS ; 0 s                 ; 0 s                 ; 3.63 V                       ; 0.000229 V                   ; 3.65 V              ; -0.316 V            ; 0.041 V                              ; 0.53 V                               ; 4.29e-10 s                  ; 1.87e-10 s                  ; Yes                        ; No                         ; 3.63 V                      ; 0.000229 V                  ; 3.65 V             ; -0.316 V           ; 0.041 V                             ; 0.53 V                              ; 4.29e-10 s                 ; 1.87e-10 s                 ; Yes                       ; No                        ;
; cart_tran_bank1[3]      ; 3.3-V LVCMOS ; 0 s                 ; 0 s                 ; 3.63 V                       ; 0.000229 V                   ; 3.65 V              ; -0.319 V            ; 0.041 V                              ; 0.528 V                              ; 4.29e-10 s                  ; 1.87e-10 s                  ; Yes                        ; No                         ; 3.63 V                      ; 0.000229 V                  ; 3.65 V             ; -0.319 V           ; 0.041 V                             ; 0.528 V                             ; 4.29e-10 s                 ; 1.87e-10 s                 ; Yes                       ; No                        ;
; cart_tran_bank1[4]      ; 3.3-V LVCMOS ; 0 s                 ; 0 s                 ; 3.63 V                       ; 0.000229 V                   ; 3.65 V              ; -0.316 V            ; 0.041 V                              ; 0.53 V                               ; 4.29e-10 s                  ; 1.87e-10 s                  ; Yes                        ; No                         ; 3.63 V                      ; 0.000229 V                  ; 3.65 V             ; -0.316 V           ; 0.041 V                             ; 0.53 V                              ; 4.29e-10 s                 ; 1.87e-10 s                 ; Yes                       ; No                        ;
; cart_tran_bank1[5]      ; 3.3-V LVCMOS ; 0 s                 ; 0 s                 ; 3.63 V                       ; 0.000229 V                   ; 3.65 V              ; -0.319 V            ; 0.041 V                              ; 0.528 V                              ; 4.29e-10 s                  ; 1.87e-10 s                  ; Yes                        ; No                         ; 3.63 V                      ; 0.000229 V                  ; 3.65 V             ; -0.319 V           ; 0.041 V                             ; 0.528 V                             ; 4.29e-10 s                 ; 1.87e-10 s                 ; Yes                       ; No                        ;
; cart_tran_bank1[6]      ; 3.3-V LVCMOS ; 0 s                 ; 0 s                 ; 3.63 V                       ; 0.000229 V                   ; 3.65 V              ; -0.319 V            ; 0.041 V                              ; 0.528 V                              ; 4.29e-10 s                  ; 1.87e-10 s                  ; Yes                        ; No                         ; 3.63 V                      ; 0.000229 V                  ; 3.65 V             ; -0.319 V           ; 0.041 V                             ; 0.528 V                             ; 4.29e-10 s                 ; 1.87e-10 s                 ; Yes                       ; No                        ;
; cart_tran_bank1[7]      ; 3.3-V LVCMOS ; 0 s                 ; 0 s                 ; 3.63 V                       ; 0.000229 V                   ; 3.65 V              ; -0.319 V            ; 0.041 V                              ; 0.528 V                              ; 4.29e-10 s                  ; 1.87e-10 s                  ; Yes                        ; No                         ; 3.63 V                      ; 0.000229 V                  ; 3.65 V             ; -0.319 V           ; 0.041 V                             ; 0.528 V                             ; 4.29e-10 s                 ; 1.87e-10 s                 ; Yes                       ; No                        ;
; cart_tran_bank0[4]      ; 3.3-V LVCMOS ; 0 s                 ; 0 s                 ; 3.63 V                       ; 0.000229 V                   ; 3.65 V              ; -0.316 V            ; 0.041 V                              ; 0.53 V                               ; 4.29e-10 s                  ; 1.87e-10 s                  ; Yes                        ; No                         ; 3.63 V                      ; 0.000229 V                  ; 3.65 V             ; -0.316 V           ; 0.041 V                             ; 0.53 V                              ; 4.29e-10 s                 ; 1.87e-10 s                 ; Yes                       ; No                        ;
; cart_tran_bank0[5]      ; 3.3-V LVCMOS ; 0 s                 ; 0 s                 ; 3.63 V                       ; 0.000229 V                   ; 3.65 V              ; -0.319 V            ; 0.041 V                              ; 0.528 V                              ; 4.29e-10 s                  ; 1.87e-10 s                  ; Yes                        ; No                         ; 3.63 V                      ; 0.000229 V                  ; 3.65 V             ; -0.319 V           ; 0.041 V                             ; 0.528 V                             ; 4.29e-10 s                 ; 1.87e-10 s                 ; Yes                       ; No                        ;
; cart_tran_bank0[6]      ; 3.3-V LVCMOS ; 0 s                 ; 0 s                 ; 3.63 V                       ; 0.000229 V                   ; 3.65 V              ; -0.316 V            ; 0.041 V                              ; 0.53 V                               ; 4.29e-10 s                  ; 1.87e-10 s                  ; Yes                        ; No                         ; 3.63 V                      ; 0.000229 V                  ; 3.65 V             ; -0.316 V           ; 0.041 V                             ; 0.53 V                              ; 4.29e-10 s                 ; 1.87e-10 s                 ; Yes                       ; No                        ;
; cart_tran_bank0[7]      ; 3.3-V LVCMOS ; 0 s                 ; 0 s                 ; 3.63 V                       ; 0.000229 V                   ; 3.65 V              ; -0.316 V            ; 0.041 V                              ; 0.53 V                               ; 4.29e-10 s                  ; 1.87e-10 s                  ; Yes                        ; No                         ; 3.63 V                      ; 0.000229 V                  ; 3.65 V             ; -0.316 V           ; 0.041 V                             ; 0.53 V                              ; 4.29e-10 s                 ; 1.87e-10 s                 ; Yes                       ; No                        ;
; cart_tran_pin30         ; 1.8 V        ; 0 s                 ; 0 s                 ; 1.98 V                       ; 0.000349 V                   ; 2.02 V              ; -0.0436 V           ; 0.235 V                              ; 0.258 V                              ; 6.93e-10 s                  ; 7.09e-10 s                  ; No                         ; No                         ; 1.98 V                      ; 0.000349 V                  ; 2.02 V             ; -0.0436 V          ; 0.235 V                             ; 0.258 V                             ; 6.93e-10 s                 ; 7.09e-10 s                 ; No                        ; No                        ;
; cart_tran_pin31         ; 1.8 V        ; 0 s                 ; 0 s                 ; 1.98 V                       ; 0.000349 V                   ; 2.02 V              ; -0.0437 V           ; 0.236 V                              ; 0.258 V                              ; 6.92e-10 s                  ; 7.09e-10 s                  ; No                         ; No                         ; 1.98 V                      ; 0.000349 V                  ; 2.02 V             ; -0.0437 V          ; 0.236 V                             ; 0.258 V                             ; 6.92e-10 s                 ; 7.09e-10 s                 ; No                        ; No                        ;
; port_tran_si            ; 3.3-V LVCMOS ; 0 s                 ; 0 s                 ; 3.63 V                       ; 0.000238 V                   ; 3.64 V              ; -0.254 V            ; 0.052 V                              ; 0.543 V                              ; 4.59e-10 s                  ; 1.96e-10 s                  ; Yes                        ; No                         ; 3.63 V                      ; 0.000238 V                  ; 3.64 V             ; -0.254 V           ; 0.052 V                             ; 0.543 V                             ; 4.59e-10 s                 ; 1.96e-10 s                 ; Yes                       ; No                        ;
; port_tran_so            ; 1.8 V        ; 0 s                 ; 0 s                 ; 1.98 V                       ; 0.000349 V                   ; 2.02 V              ; -0.0436 V           ; 0.235 V                              ; 0.258 V                              ; 6.93e-10 s                  ; 7.09e-10 s                  ; No                         ; No                         ; 1.98 V                      ; 0.000349 V                  ; 2.02 V             ; -0.0436 V          ; 0.235 V                             ; 0.258 V                             ; 6.93e-10 s                 ; 7.09e-10 s                 ; No                        ; No                        ;
; port_tran_sck           ; 3.3-V LVCMOS ; 0 s                 ; 0 s                 ; 3.63 V                       ; 0.000229 V                   ; 3.65 V              ; -0.319 V            ; 0.041 V                              ; 0.528 V                              ; 4.29e-10 s                  ; 1.87e-10 s                  ; Yes                        ; No                         ; 3.63 V                      ; 0.000229 V                  ; 3.65 V             ; -0.319 V           ; 0.041 V                             ; 0.528 V                             ; 4.29e-10 s                 ; 1.87e-10 s                 ; Yes                       ; No                        ;
; port_tran_sd            ; 3.3-V LVCMOS ; 0 s                 ; 0 s                 ; 3.63 V                       ; 0.000238 V                   ; 3.64 V              ; -0.254 V            ; 0.052 V                              ; 0.543 V                              ; 4.59e-10 s                  ; 1.96e-10 s                  ; Yes                        ; No                         ; 3.63 V                      ; 0.000238 V                  ; 3.64 V             ; -0.254 V           ; 0.052 V                             ; 0.543 V                             ; 4.59e-10 s                 ; 1.96e-10 s                 ; Yes                       ; No                        ;
; scal_vid[0]             ; 1.8 V        ; 0 s                 ; 0 s                 ; 1.98 V                       ; 0.00019 V                    ; 2.08 V              ; -0.0982 V           ; 0.282 V                              ; 0.331 V                              ; 2.92e-10 s                  ; 3.08e-10 s                  ; No                         ; No                         ; 1.98 V                      ; 0.00019 V                   ; 2.08 V             ; -0.0982 V          ; 0.282 V                             ; 0.331 V                             ; 2.92e-10 s                 ; 3.08e-10 s                 ; No                        ; No                        ;
; scal_vid[1]             ; 1.8 V        ; 0 s                 ; 0 s                 ; 1.98 V                       ; 0.00019 V                    ; 2.08 V              ; -0.0975 V           ; 0.284 V                              ; 0.331 V                              ; 2.93e-10 s                  ; 3.08e-10 s                  ; No                         ; No                         ; 1.98 V                      ; 0.00019 V                   ; 2.08 V             ; -0.0975 V          ; 0.284 V                             ; 0.331 V                             ; 2.93e-10 s                 ; 3.08e-10 s                 ; No                        ; No                        ;
; scal_vid[2]             ; 1.8 V        ; 0 s                 ; 0 s                 ; 1.98 V                       ; 0.000193 V                   ; 2.07 V              ; -0.0839 V           ; 0.166 V                              ; 0.187 V                              ; 4.55e-10 s                  ; 4.58e-10 s                  ; No                         ; No                         ; 1.98 V                      ; 0.000193 V                  ; 2.07 V             ; -0.0839 V          ; 0.166 V                             ; 0.187 V                             ; 4.55e-10 s                 ; 4.58e-10 s                 ; No                        ; No                        ;
; scal_vid[3]             ; 1.8 V        ; 0 s                 ; 0 s                 ; 1.98 V                       ; 0.00019 V                    ; 2.08 V              ; -0.0975 V           ; 0.284 V                              ; 0.331 V                              ; 2.93e-10 s                  ; 3.08e-10 s                  ; No                         ; No                         ; 1.98 V                      ; 0.00019 V                   ; 2.08 V             ; -0.0975 V          ; 0.284 V                             ; 0.331 V                             ; 2.93e-10 s                 ; 3.08e-10 s                 ; No                        ; No                        ;
; scal_vid[4]             ; 1.8 V        ; 0 s                 ; 0 s                 ; 1.98 V                       ; 0.00019 V                    ; 2.08 V              ; -0.0982 V           ; 0.282 V                              ; 0.331 V                              ; 2.92e-10 s                  ; 3.08e-10 s                  ; No                         ; No                         ; 1.98 V                      ; 0.00019 V                   ; 2.08 V             ; -0.0982 V          ; 0.282 V                             ; 0.331 V                             ; 2.92e-10 s                 ; 3.08e-10 s                 ; No                        ; No                        ;
; scal_vid[5]             ; 1.8 V        ; 0 s                 ; 0 s                 ; 1.98 V                       ; 0.00019 V                    ; 2.08 V              ; -0.0975 V           ; 0.284 V                              ; 0.331 V                              ; 2.93e-10 s                  ; 3.08e-10 s                  ; No                         ; No                         ; 1.98 V                      ; 0.00019 V                   ; 2.08 V             ; -0.0975 V          ; 0.284 V                             ; 0.331 V                             ; 2.93e-10 s                 ; 3.08e-10 s                 ; No                        ; No                        ;
; scal_vid[6]             ; 1.8 V        ; 0 s                 ; 0 s                 ; 1.98 V                       ; 0.00019 V                    ; 2.08 V              ; -0.0982 V           ; 0.282 V                              ; 0.331 V                              ; 2.92e-10 s                  ; 3.08e-10 s                  ; No                         ; No                         ; 1.98 V                      ; 0.00019 V                   ; 2.08 V             ; -0.0982 V          ; 0.282 V                             ; 0.331 V                             ; 2.92e-10 s                 ; 3.08e-10 s                 ; No                        ; No                        ;
; scal_vid[7]             ; 1.8 V        ; 0 s                 ; 0 s                 ; 1.98 V                       ; 0.000193 V                   ; 2.07 V              ; -0.0839 V           ; 0.166 V                              ; 0.187 V                              ; 4.55e-10 s                  ; 4.58e-10 s                  ; No                         ; No                         ; 1.98 V                      ; 0.000193 V                  ; 2.07 V             ; -0.0839 V          ; 0.166 V                             ; 0.187 V                             ; 4.55e-10 s                 ; 4.58e-10 s                 ; No                        ; No                        ;
; scal_vid[8]             ; 1.8 V        ; 0 s                 ; 0 s                 ; 1.98 V                       ; 0.00019 V                    ; 2.08 V              ; -0.0982 V           ; 0.282 V                              ; 0.331 V                              ; 2.92e-10 s                  ; 3.08e-10 s                  ; No                         ; No                         ; 1.98 V                      ; 0.00019 V                   ; 2.08 V             ; -0.0982 V          ; 0.282 V                             ; 0.331 V                             ; 2.92e-10 s                 ; 3.08e-10 s                 ; No                        ; No                        ;
; scal_vid[9]             ; 1.8 V        ; 0 s                 ; 0 s                 ; 1.98 V                       ; 0.00019 V                    ; 2.08 V              ; -0.0975 V           ; 0.284 V                              ; 0.331 V                              ; 2.93e-10 s                  ; 3.08e-10 s                  ; No                         ; No                         ; 1.98 V                      ; 0.00019 V                   ; 2.08 V             ; -0.0975 V          ; 0.284 V                             ; 0.331 V                             ; 2.93e-10 s                 ; 3.08e-10 s                 ; No                        ; No                        ;
; scal_vid[10]            ; 1.8 V        ; 0 s                 ; 0 s                 ; 1.98 V                       ; 0.00017 V                    ; 2.01 V              ; -0.0381 V           ; 0.109 V                              ; 0.121 V                              ; 4.42e-10 s                  ; 4.45e-10 s                  ; No                         ; No                         ; 1.98 V                      ; 0.00017 V                   ; 2.01 V             ; -0.0381 V          ; 0.109 V                             ; 0.121 V                             ; 4.42e-10 s                 ; 4.45e-10 s                 ; No                        ; No                        ;
; scal_vid[11]            ; 1.8 V        ; 0 s                 ; 0 s                 ; 1.98 V                       ; 0.000193 V                   ; 2.07 V              ; -0.0839 V           ; 0.166 V                              ; 0.187 V                              ; 4.55e-10 s                  ; 4.58e-10 s                  ; No                         ; No                         ; 1.98 V                      ; 0.000193 V                  ; 2.07 V             ; -0.0839 V          ; 0.166 V                             ; 0.187 V                             ; 4.55e-10 s                 ; 4.58e-10 s                 ; No                        ; No                        ;
; scal_clk                ; 1.8 V        ; 0 s                 ; 0 s                 ; 1.98 V                       ; 0.00017 V                    ; 2.01 V              ; -0.0381 V           ; 0.109 V                              ; 0.121 V                              ; 4.42e-10 s                  ; 4.45e-10 s                  ; No                         ; No                         ; 1.98 V                      ; 0.00017 V                   ; 2.01 V             ; -0.0381 V          ; 0.109 V                             ; 0.121 V                             ; 4.42e-10 s                 ; 4.45e-10 s                 ; No                        ; No                        ;
; scal_de                 ; 1.8 V        ; 0 s                 ; 0 s                 ; 1.98 V                       ; 0.00019 V                    ; 2.08 V              ; -0.0982 V           ; 0.282 V                              ; 0.331 V                              ; 2.92e-10 s                  ; 3.08e-10 s                  ; No                         ; No                         ; 1.98 V                      ; 0.00019 V                   ; 2.08 V             ; -0.0982 V          ; 0.282 V                             ; 0.331 V                             ; 2.92e-10 s                 ; 3.08e-10 s                 ; No                        ; No                        ;
; scal_skip               ; 1.8 V        ; 0 s                 ; 0 s                 ; 1.98 V                       ; 0.00019 V                    ; 2.08 V              ; -0.0975 V           ; 0.284 V                              ; 0.331 V                              ; 2.93e-10 s                  ; 3.08e-10 s                  ; No                         ; No                         ; 1.98 V                      ; 0.00019 V                   ; 2.08 V             ; -0.0975 V          ; 0.284 V                             ; 0.331 V                             ; 2.93e-10 s                 ; 3.08e-10 s                 ; No                        ; No                        ;
; scal_vs                 ; 1.8 V        ; 0 s                 ; 0 s                 ; 1.98 V                       ; 0.000193 V                   ; 2.07 V              ; -0.0839 V           ; 0.166 V                              ; 0.187 V                              ; 4.55e-10 s                  ; 4.58e-10 s                  ; No                         ; No                         ; 1.98 V                      ; 0.000193 V                  ; 2.07 V             ; -0.0839 V          ; 0.166 V                             ; 0.187 V                             ; 4.55e-10 s                 ; 4.58e-10 s                 ; No                        ; No                        ;
; scal_hs                 ; 1.8 V        ; 0 s                 ; 0 s                 ; 1.98 V                       ; 0.00017 V                    ; 2.01 V              ; -0.0381 V           ; 0.109 V                              ; 0.121 V                              ; 4.42e-10 s                  ; 4.45e-10 s                  ; No                         ; No                         ; 1.98 V                      ; 0.00017 V                   ; 2.01 V             ; -0.0381 V          ; 0.109 V                             ; 0.121 V                             ; 4.42e-10 s                 ; 4.45e-10 s                 ; No                        ; No                        ;
; bridge_spimosi          ; 1.8 V        ; 0 s                 ; 0 s                 ; 1.98 V                       ; 0.000199 V                   ; 2.07 V              ; -0.0884 V           ; 0.158 V                              ; 0.179 V                              ; 4.52e-10 s                  ; 4.53e-10 s                  ; No                         ; No                         ; 1.98 V                      ; 0.000199 V                  ; 2.07 V             ; -0.0884 V          ; 0.158 V                             ; 0.179 V                             ; 4.52e-10 s                 ; 4.53e-10 s                 ; No                        ; No                        ;
; bridge_spimiso          ; 1.8 V        ; 0 s                 ; 0 s                 ; 1.98 V                       ; 0.000199 V                   ; 2.06 V              ; -0.0907 V           ; 0.156 V                              ; 0.182 V                              ; 4.52e-10 s                  ; 4.54e-10 s                  ; No                         ; No                         ; 1.98 V                      ; 0.000199 V                  ; 2.06 V             ; -0.0907 V          ; 0.156 V                             ; 0.182 V                             ; 4.52e-10 s                 ; 4.54e-10 s                 ; No                        ; No                        ;
; bridge_spiclk           ; 1.8 V        ; 0 s                 ; 0 s                 ; 1.98 V                       ; 0.00018 V                    ; 2.01 V              ; -0.0337 V           ; 0.126 V                              ; 0.134 V                              ; 4.55e-10 s                  ; 4.52e-10 s                  ; No                         ; No                         ; 1.98 V                      ; 0.00018 V                   ; 2.01 V             ; -0.0337 V          ; 0.126 V                             ; 0.134 V                             ; 4.55e-10 s                 ; 4.52e-10 s                 ; No                        ; No                        ;
; bridge_1wire            ; 1.8 V        ; 0 s                 ; 0 s                 ; 1.98 V                       ; 0.000203 V                   ; 2.06 V              ; -0.0788 V           ; 0.178 V                              ; 0.2 V                                ; 4.64e-10 s                  ; 4.64e-10 s                  ; No                         ; No                         ; 1.98 V                      ; 0.000203 V                  ; 2.06 V             ; -0.0788 V          ; 0.178 V                             ; 0.2 V                               ; 4.64e-10 s                 ; 4.64e-10 s                 ; No                        ; No                        ;
; cram0_dq[0]             ; 1.8 V        ; 0 s                 ; 0 s                 ; 1.98 V                       ; 0.000353 V                   ; 2.02 V              ; -0.0349 V           ; 0.165 V                              ; 0.181 V                              ; 8.74e-10 s                  ; 8.82e-10 s                  ; No                         ; No                         ; 1.98 V                      ; 0.000353 V                  ; 2.02 V             ; -0.0349 V          ; 0.165 V                             ; 0.181 V                             ; 8.74e-10 s                 ; 8.82e-10 s                 ; No                        ; No                        ;
; cram0_dq[1]             ; 1.8 V        ; 0 s                 ; 0 s                 ; 1.98 V                       ; 0.000349 V                   ; 2.02 V              ; -0.0437 V           ; 0.236 V                              ; 0.258 V                              ; 6.92e-10 s                  ; 7.09e-10 s                  ; No                         ; No                         ; 1.98 V                      ; 0.000349 V                  ; 2.02 V             ; -0.0437 V          ; 0.236 V                             ; 0.258 V                             ; 6.92e-10 s                 ; 7.09e-10 s                 ; No                        ; No                        ;
; cram0_dq[2]             ; 1.8 V        ; 0 s                 ; 0 s                 ; 1.98 V                       ; 0.000349 V                   ; 2.02 V              ; -0.0437 V           ; 0.236 V                              ; 0.258 V                              ; 6.92e-10 s                  ; 7.09e-10 s                  ; No                         ; No                         ; 1.98 V                      ; 0.000349 V                  ; 2.02 V             ; -0.0437 V          ; 0.236 V                             ; 0.258 V                             ; 6.92e-10 s                 ; 7.09e-10 s                 ; No                        ; No                        ;
; cram0_dq[3]             ; 1.8 V        ; 0 s                 ; 0 s                 ; 1.98 V                       ; 0.000349 V                   ; 2.02 V              ; -0.0436 V           ; 0.235 V                              ; 0.258 V                              ; 6.93e-10 s                  ; 7.09e-10 s                  ; No                         ; No                         ; 1.98 V                      ; 0.000349 V                  ; 2.02 V             ; -0.0436 V          ; 0.235 V                             ; 0.258 V                             ; 6.93e-10 s                 ; 7.09e-10 s                 ; No                        ; No                        ;
; cram0_dq[4]             ; 1.8 V        ; 0 s                 ; 0 s                 ; 1.98 V                       ; 0.000353 V                   ; 2.02 V              ; -0.0349 V           ; 0.165 V                              ; 0.181 V                              ; 8.74e-10 s                  ; 8.82e-10 s                  ; No                         ; No                         ; 1.98 V                      ; 0.000353 V                  ; 2.02 V             ; -0.0349 V          ; 0.165 V                             ; 0.181 V                             ; 8.74e-10 s                 ; 8.82e-10 s                 ; No                        ; No                        ;
; cram0_dq[5]             ; 1.8 V        ; 0 s                 ; 0 s                 ; 1.98 V                       ; 0.00033 V                    ; 1.98 V              ; -0.00539 V          ; 0.121 V                              ; 0.129 V                              ; 8.46e-10 s                  ; 8.54e-10 s                  ; No                         ; No                         ; 1.98 V                      ; 0.00033 V                   ; 1.98 V             ; -0.00539 V         ; 0.121 V                             ; 0.129 V                             ; 8.46e-10 s                 ; 8.54e-10 s                 ; No                        ; No                        ;
; cram0_dq[6]             ; 1.8 V        ; 0 s                 ; 0 s                 ; 1.98 V                       ; 0.000353 V                   ; 2.02 V              ; -0.0349 V           ; 0.165 V                              ; 0.181 V                              ; 8.74e-10 s                  ; 8.82e-10 s                  ; No                         ; No                         ; 1.98 V                      ; 0.000353 V                  ; 2.02 V             ; -0.0349 V          ; 0.165 V                             ; 0.181 V                             ; 8.74e-10 s                 ; 8.82e-10 s                 ; No                        ; No                        ;
; cram0_dq[7]             ; 1.8 V        ; 0 s                 ; 0 s                 ; 1.98 V                       ; 0.000353 V                   ; 2.02 V              ; -0.0349 V           ; 0.165 V                              ; 0.181 V                              ; 8.74e-10 s                  ; 8.82e-10 s                  ; No                         ; No                         ; 1.98 V                      ; 0.000353 V                  ; 2.02 V             ; -0.0349 V          ; 0.165 V                             ; 0.181 V                             ; 8.74e-10 s                 ; 8.82e-10 s                 ; No                        ; No                        ;
; cram0_dq[8]             ; 1.8 V        ; 0 s                 ; 0 s                 ; 1.98 V                       ; 0.00033 V                    ; 1.98 V              ; -0.00539 V          ; 0.121 V                              ; 0.129 V                              ; 8.46e-10 s                  ; 8.54e-10 s                  ; No                         ; No                         ; 1.98 V                      ; 0.00033 V                   ; 1.98 V             ; -0.00539 V         ; 0.121 V                             ; 0.129 V                             ; 8.46e-10 s                 ; 8.54e-10 s                 ; No                        ; No                        ;
; cram0_dq[9]             ; 1.8 V        ; 0 s                 ; 0 s                 ; 1.98 V                       ; 0.000349 V                   ; 2.02 V              ; -0.0436 V           ; 0.235 V                              ; 0.258 V                              ; 6.93e-10 s                  ; 7.09e-10 s                  ; No                         ; No                         ; 1.98 V                      ; 0.000349 V                  ; 2.02 V             ; -0.0436 V          ; 0.235 V                             ; 0.258 V                             ; 6.93e-10 s                 ; 7.09e-10 s                 ; No                        ; No                        ;
; cram0_dq[10]            ; 1.8 V        ; 0 s                 ; 0 s                 ; 1.98 V                       ; 0.00033 V                    ; 1.98 V              ; -0.00539 V          ; 0.121 V                              ; 0.129 V                              ; 8.46e-10 s                  ; 8.54e-10 s                  ; No                         ; No                         ; 1.98 V                      ; 0.00033 V                   ; 1.98 V             ; -0.00539 V         ; 0.121 V                             ; 0.129 V                             ; 8.46e-10 s                 ; 8.54e-10 s                 ; No                        ; No                        ;
; cram0_dq[11]            ; 1.8 V        ; 0 s                 ; 0 s                 ; 1.98 V                       ; 0.000353 V                   ; 2.02 V              ; -0.0349 V           ; 0.165 V                              ; 0.181 V                              ; 8.74e-10 s                  ; 8.82e-10 s                  ; No                         ; No                         ; 1.98 V                      ; 0.000353 V                  ; 2.02 V             ; -0.0349 V          ; 0.165 V                             ; 0.181 V                             ; 8.74e-10 s                 ; 8.82e-10 s                 ; No                        ; No                        ;
; cram0_dq[12]            ; 1.8 V        ; 0 s                 ; 0 s                 ; 1.98 V                       ; 0.000349 V                   ; 2.02 V              ; -0.0437 V           ; 0.236 V                              ; 0.258 V                              ; 6.92e-10 s                  ; 7.09e-10 s                  ; No                         ; No                         ; 1.98 V                      ; 0.000349 V                  ; 2.02 V             ; -0.0437 V          ; 0.236 V                             ; 0.258 V                             ; 6.92e-10 s                 ; 7.09e-10 s                 ; No                        ; No                        ;
; cram0_dq[13]            ; 1.8 V        ; 0 s                 ; 0 s                 ; 1.98 V                       ; 0.00033 V                    ; 1.98 V              ; -0.00539 V          ; 0.121 V                              ; 0.129 V                              ; 8.46e-10 s                  ; 8.54e-10 s                  ; No                         ; No                         ; 1.98 V                      ; 0.00033 V                   ; 1.98 V             ; -0.00539 V         ; 0.121 V                             ; 0.129 V                             ; 8.46e-10 s                 ; 8.54e-10 s                 ; No                        ; No                        ;
; cram0_dq[14]            ; 1.8 V        ; 0 s                 ; 0 s                 ; 1.98 V                       ; 0.000349 V                   ; 2.02 V              ; -0.0436 V           ; 0.235 V                              ; 0.258 V                              ; 6.93e-10 s                  ; 7.09e-10 s                  ; No                         ; No                         ; 1.98 V                      ; 0.000349 V                  ; 2.02 V             ; -0.0436 V          ; 0.235 V                             ; 0.258 V                             ; 6.93e-10 s                 ; 7.09e-10 s                 ; No                        ; No                        ;
; cram0_dq[15]            ; 1.8 V        ; 0 s                 ; 0 s                 ; 1.98 V                       ; 0.000353 V                   ; 2.02 V              ; -0.0349 V           ; 0.165 V                              ; 0.181 V                              ; 8.74e-10 s                  ; 8.82e-10 s                  ; No                         ; No                         ; 1.98 V                      ; 0.000353 V                  ; 2.02 V             ; -0.0349 V          ; 0.165 V                             ; 0.181 V                             ; 8.74e-10 s                 ; 8.82e-10 s                 ; No                        ; No                        ;
; cram1_dq[0]             ; 1.8 V        ; 0 s                 ; 0 s                 ; 1.98 V                       ; 0.000349 V                   ; 2.02 V              ; -0.0437 V           ; 0.236 V                              ; 0.258 V                              ; 6.92e-10 s                  ; 7.09e-10 s                  ; No                         ; No                         ; 1.98 V                      ; 0.000349 V                  ; 2.02 V             ; -0.0437 V          ; 0.236 V                             ; 0.258 V                             ; 6.92e-10 s                 ; 7.09e-10 s                 ; No                        ; No                        ;
; cram1_dq[1]             ; 1.8 V        ; 0 s                 ; 0 s                 ; 1.98 V                       ; 0.000353 V                   ; 2.02 V              ; -0.0349 V           ; 0.165 V                              ; 0.181 V                              ; 8.74e-10 s                  ; 8.82e-10 s                  ; No                         ; No                         ; 1.98 V                      ; 0.000353 V                  ; 2.02 V             ; -0.0349 V          ; 0.165 V                             ; 0.181 V                             ; 8.74e-10 s                 ; 8.82e-10 s                 ; No                        ; No                        ;
; cram1_dq[2]             ; 1.8 V        ; 0 s                 ; 0 s                 ; 1.98 V                       ; 0.00033 V                    ; 1.98 V              ; -0.00539 V          ; 0.121 V                              ; 0.129 V                              ; 8.46e-10 s                  ; 8.54e-10 s                  ; No                         ; No                         ; 1.98 V                      ; 0.00033 V                   ; 1.98 V             ; -0.00539 V         ; 0.121 V                             ; 0.129 V                             ; 8.46e-10 s                 ; 8.54e-10 s                 ; No                        ; No                        ;
; cram1_dq[3]             ; 1.8 V        ; 0 s                 ; 0 s                 ; 1.98 V                       ; 0.00033 V                    ; 1.98 V              ; -0.00539 V          ; 0.121 V                              ; 0.129 V                              ; 8.46e-10 s                  ; 8.54e-10 s                  ; No                         ; No                         ; 1.98 V                      ; 0.00033 V                   ; 1.98 V             ; -0.00539 V         ; 0.121 V                             ; 0.129 V                             ; 8.46e-10 s                 ; 8.54e-10 s                 ; No                        ; No                        ;
; cram1_dq[4]             ; 1.8 V        ; 0 s                 ; 0 s                 ; 1.98 V                       ; 0.000353 V                   ; 2.02 V              ; -0.0349 V           ; 0.165 V                              ; 0.181 V                              ; 8.74e-10 s                  ; 8.82e-10 s                  ; No                         ; No                         ; 1.98 V                      ; 0.000353 V                  ; 2.02 V             ; -0.0349 V          ; 0.165 V                             ; 0.181 V                             ; 8.74e-10 s                 ; 8.82e-10 s                 ; No                        ; No                        ;
; cram1_dq[5]             ; 1.8 V        ; 0 s                 ; 0 s                 ; 1.98 V                       ; 0.00033 V                    ; 1.98 V              ; -0.00539 V          ; 0.121 V                              ; 0.129 V                              ; 8.46e-10 s                  ; 8.54e-10 s                  ; No                         ; No                         ; 1.98 V                      ; 0.00033 V                   ; 1.98 V             ; -0.00539 V         ; 0.121 V                             ; 0.129 V                             ; 8.46e-10 s                 ; 8.54e-10 s                 ; No                        ; No                        ;
; cram1_dq[6]             ; 1.8 V        ; 0 s                 ; 0 s                 ; 1.98 V                       ; 0.000349 V                   ; 2.02 V              ; -0.0437 V           ; 0.236 V                              ; 0.258 V                              ; 6.92e-10 s                  ; 7.09e-10 s                  ; No                         ; No                         ; 1.98 V                      ; 0.000349 V                  ; 2.02 V             ; -0.0437 V          ; 0.236 V                             ; 0.258 V                             ; 6.92e-10 s                 ; 7.09e-10 s                 ; No                        ; No                        ;
; cram1_dq[7]             ; 1.8 V        ; 0 s                 ; 0 s                 ; 1.98 V                       ; 0.000349 V                   ; 2.02 V              ; -0.0436 V           ; 0.235 V                              ; 0.258 V                              ; 6.93e-10 s                  ; 7.09e-10 s                  ; No                         ; No                         ; 1.98 V                      ; 0.000349 V                  ; 2.02 V             ; -0.0436 V          ; 0.235 V                             ; 0.258 V                             ; 6.93e-10 s                 ; 7.09e-10 s                 ; No                        ; No                        ;
; cram1_dq[8]             ; 1.8 V        ; 0 s                 ; 0 s                 ; 1.98 V                       ; 0.000353 V                   ; 2.02 V              ; -0.0349 V           ; 0.165 V                              ; 0.181 V                              ; 8.74e-10 s                  ; 8.82e-10 s                  ; No                         ; No                         ; 1.98 V                      ; 0.000353 V                  ; 2.02 V             ; -0.0349 V          ; 0.165 V                             ; 0.181 V                             ; 8.74e-10 s                 ; 8.82e-10 s                 ; No                        ; No                        ;
; cram1_dq[9]             ; 1.8 V        ; 0 s                 ; 0 s                 ; 1.98 V                       ; 0.000349 V                   ; 2.02 V              ; -0.0436 V           ; 0.235 V                              ; 0.258 V                              ; 6.93e-10 s                  ; 7.09e-10 s                  ; No                         ; No                         ; 1.98 V                      ; 0.000349 V                  ; 2.02 V             ; -0.0436 V          ; 0.235 V                             ; 0.258 V                             ; 6.93e-10 s                 ; 7.09e-10 s                 ; No                        ; No                        ;
; cram1_dq[10]            ; 1.8 V        ; 0 s                 ; 0 s                 ; 1.98 V                       ; 0.000353 V                   ; 2.02 V              ; -0.0349 V           ; 0.165 V                              ; 0.181 V                              ; 8.74e-10 s                  ; 8.82e-10 s                  ; No                         ; No                         ; 1.98 V                      ; 0.000353 V                  ; 2.02 V             ; -0.0349 V          ; 0.165 V                             ; 0.181 V                             ; 8.74e-10 s                 ; 8.82e-10 s                 ; No                        ; No                        ;
; cram1_dq[11]            ; 1.8 V        ; 0 s                 ; 0 s                 ; 1.98 V                       ; 0.000349 V                   ; 2.02 V              ; -0.0436 V           ; 0.235 V                              ; 0.258 V                              ; 6.93e-10 s                  ; 7.09e-10 s                  ; No                         ; No                         ; 1.98 V                      ; 0.000349 V                  ; 2.02 V             ; -0.0436 V          ; 0.235 V                             ; 0.258 V                             ; 6.93e-10 s                 ; 7.09e-10 s                 ; No                        ; No                        ;
; cram1_dq[12]            ; 1.8 V        ; 0 s                 ; 0 s                 ; 1.98 V                       ; 0.00033 V                    ; 1.98 V              ; -0.00539 V          ; 0.121 V                              ; 0.129 V                              ; 8.46e-10 s                  ; 8.54e-10 s                  ; No                         ; No                         ; 1.98 V                      ; 0.00033 V                   ; 1.98 V             ; -0.00539 V         ; 0.121 V                             ; 0.129 V                             ; 8.46e-10 s                 ; 8.54e-10 s                 ; No                        ; No                        ;
; cram1_dq[13]            ; 1.8 V        ; 0 s                 ; 0 s                 ; 1.98 V                       ; 0.000349 V                   ; 2.02 V              ; -0.0437 V           ; 0.236 V                              ; 0.258 V                              ; 6.92e-10 s                  ; 7.09e-10 s                  ; No                         ; No                         ; 1.98 V                      ; 0.000349 V                  ; 2.02 V             ; -0.0437 V          ; 0.236 V                             ; 0.258 V                             ; 6.92e-10 s                 ; 7.09e-10 s                 ; No                        ; No                        ;
; cram1_dq[14]            ; 1.8 V        ; 0 s                 ; 0 s                 ; 1.98 V                       ; 0.000349 V                   ; 2.02 V              ; -0.0437 V           ; 0.236 V                              ; 0.258 V                              ; 6.92e-10 s                  ; 7.09e-10 s                  ; No                         ; No                         ; 1.98 V                      ; 0.000349 V                  ; 2.02 V             ; -0.0437 V          ; 0.236 V                             ; 0.258 V                             ; 6.92e-10 s                 ; 7.09e-10 s                 ; No                        ; No                        ;
; cram1_dq[15]            ; 1.8 V        ; 0 s                 ; 0 s                 ; 1.98 V                       ; 0.000349 V                   ; 2.02 V              ; -0.0437 V           ; 0.236 V                              ; 0.258 V                              ; 6.92e-10 s                  ; 7.09e-10 s                  ; No                         ; No                         ; 1.98 V                      ; 0.000349 V                  ; 2.02 V             ; -0.0437 V          ; 0.236 V                             ; 0.258 V                             ; 6.92e-10 s                 ; 7.09e-10 s                 ; No                        ; No                        ;
; dram_dq[0]              ; 1.8 V        ; 0 s                 ; 0 s                 ; 1.98 V                       ; 0.000353 V                   ; 2.02 V              ; -0.0349 V           ; 0.165 V                              ; 0.181 V                              ; 8.74e-10 s                  ; 8.82e-10 s                  ; No                         ; No                         ; 1.98 V                      ; 0.000353 V                  ; 2.02 V             ; -0.0349 V          ; 0.165 V                             ; 0.181 V                             ; 8.74e-10 s                 ; 8.82e-10 s                 ; No                        ; No                        ;
; dram_dq[1]              ; 1.8 V        ; 0 s                 ; 0 s                 ; 1.98 V                       ; 0.00033 V                    ; 1.98 V              ; -0.00539 V          ; 0.121 V                              ; 0.129 V                              ; 8.46e-10 s                  ; 8.54e-10 s                  ; No                         ; No                         ; 1.98 V                      ; 0.00033 V                   ; 1.98 V             ; -0.00539 V         ; 0.121 V                             ; 0.129 V                             ; 8.46e-10 s                 ; 8.54e-10 s                 ; No                        ; No                        ;
; dram_dq[2]              ; 1.8 V        ; 0 s                 ; 0 s                 ; 1.98 V                       ; 0.000349 V                   ; 2.02 V              ; -0.0436 V           ; 0.235 V                              ; 0.258 V                              ; 6.93e-10 s                  ; 7.09e-10 s                  ; No                         ; No                         ; 1.98 V                      ; 0.000349 V                  ; 2.02 V             ; -0.0436 V          ; 0.235 V                             ; 0.258 V                             ; 6.93e-10 s                 ; 7.09e-10 s                 ; No                        ; No                        ;
; dram_dq[3]              ; 1.8 V        ; 0 s                 ; 0 s                 ; 1.98 V                       ; 0.000349 V                   ; 2.02 V              ; -0.0436 V           ; 0.235 V                              ; 0.258 V                              ; 6.93e-10 s                  ; 7.09e-10 s                  ; No                         ; No                         ; 1.98 V                      ; 0.000349 V                  ; 2.02 V             ; -0.0436 V          ; 0.235 V                             ; 0.258 V                             ; 6.93e-10 s                 ; 7.09e-10 s                 ; No                        ; No                        ;
; dram_dq[4]              ; 1.8 V        ; 0 s                 ; 0 s                 ; 1.98 V                       ; 0.000349 V                   ; 2.02 V              ; -0.0437 V           ; 0.236 V                              ; 0.258 V                              ; 6.92e-10 s                  ; 7.09e-10 s                  ; No                         ; No                         ; 1.98 V                      ; 0.000349 V                  ; 2.02 V             ; -0.0437 V          ; 0.236 V                             ; 0.258 V                             ; 6.92e-10 s                 ; 7.09e-10 s                 ; No                        ; No                        ;
; dram_dq[5]              ; 1.8 V        ; 0 s                 ; 0 s                 ; 1.98 V                       ; 0.000349 V                   ; 2.02 V              ; -0.0436 V           ; 0.235 V                              ; 0.258 V                              ; 6.93e-10 s                  ; 7.09e-10 s                  ; No                         ; No                         ; 1.98 V                      ; 0.000349 V                  ; 2.02 V             ; -0.0436 V          ; 0.235 V                             ; 0.258 V                             ; 6.93e-10 s                 ; 7.09e-10 s                 ; No                        ; No                        ;
; dram_dq[6]              ; 1.8 V        ; 0 s                 ; 0 s                 ; 1.98 V                       ; 0.000349 V                   ; 2.02 V              ; -0.0437 V           ; 0.236 V                              ; 0.258 V                              ; 6.92e-10 s                  ; 7.09e-10 s                  ; No                         ; No                         ; 1.98 V                      ; 0.000349 V                  ; 2.02 V             ; -0.0437 V          ; 0.236 V                             ; 0.258 V                             ; 6.92e-10 s                 ; 7.09e-10 s                 ; No                        ; No                        ;
; dram_dq[7]              ; 1.8 V        ; 0 s                 ; 0 s                 ; 1.98 V                       ; 0.000349 V                   ; 2.02 V              ; -0.0437 V           ; 0.236 V                              ; 0.258 V                              ; 6.92e-10 s                  ; 7.09e-10 s                  ; No                         ; No                         ; 1.98 V                      ; 0.000349 V                  ; 2.02 V             ; -0.0437 V          ; 0.236 V                             ; 0.258 V                             ; 6.92e-10 s                 ; 7.09e-10 s                 ; No                        ; No                        ;
; dram_dq[8]              ; 1.8 V        ; 0 s                 ; 0 s                 ; 1.98 V                       ; 0.00033 V                    ; 1.98 V              ; -0.00539 V          ; 0.121 V                              ; 0.129 V                              ; 8.46e-10 s                  ; 8.54e-10 s                  ; No                         ; No                         ; 1.98 V                      ; 0.00033 V                   ; 1.98 V             ; -0.00539 V         ; 0.121 V                             ; 0.129 V                             ; 8.46e-10 s                 ; 8.54e-10 s                 ; No                        ; No                        ;
; dram_dq[9]              ; 1.8 V        ; 0 s                 ; 0 s                 ; 1.98 V                       ; 0.000349 V                   ; 2.02 V              ; -0.0436 V           ; 0.235 V                              ; 0.258 V                              ; 6.93e-10 s                  ; 7.09e-10 s                  ; No                         ; No                         ; 1.98 V                      ; 0.000349 V                  ; 2.02 V             ; -0.0436 V          ; 0.235 V                             ; 0.258 V                             ; 6.93e-10 s                 ; 7.09e-10 s                 ; No                        ; No                        ;
; dram_dq[10]             ; 1.8 V        ; 0 s                 ; 0 s                 ; 1.98 V                       ; 0.000349 V                   ; 2.02 V              ; -0.0437 V           ; 0.236 V                              ; 0.258 V                              ; 6.92e-10 s                  ; 7.09e-10 s                  ; No                         ; No                         ; 1.98 V                      ; 0.000349 V                  ; 2.02 V             ; -0.0437 V          ; 0.236 V                             ; 0.258 V                             ; 6.92e-10 s                 ; 7.09e-10 s                 ; No                        ; No                        ;
; dram_dq[11]             ; 1.8 V        ; 0 s                 ; 0 s                 ; 1.98 V                       ; 0.00033 V                    ; 1.98 V              ; -0.00539 V          ; 0.121 V                              ; 0.129 V                              ; 8.46e-10 s                  ; 8.54e-10 s                  ; No                         ; No                         ; 1.98 V                      ; 0.00033 V                   ; 1.98 V             ; -0.00539 V         ; 0.121 V                             ; 0.129 V                             ; 8.46e-10 s                 ; 8.54e-10 s                 ; No                        ; No                        ;
; dram_dq[12]             ; 1.8 V        ; 0 s                 ; 0 s                 ; 1.98 V                       ; 0.000353 V                   ; 2.02 V              ; -0.0349 V           ; 0.165 V                              ; 0.181 V                              ; 8.74e-10 s                  ; 8.82e-10 s                  ; No                         ; No                         ; 1.98 V                      ; 0.000353 V                  ; 2.02 V             ; -0.0349 V          ; 0.165 V                             ; 0.181 V                             ; 8.74e-10 s                 ; 8.82e-10 s                 ; No                        ; No                        ;
; dram_dq[13]             ; 1.8 V        ; 0 s                 ; 0 s                 ; 1.98 V                       ; 0.000349 V                   ; 2.02 V              ; -0.0436 V           ; 0.235 V                              ; 0.258 V                              ; 6.93e-10 s                  ; 7.09e-10 s                  ; No                         ; No                         ; 1.98 V                      ; 0.000349 V                  ; 2.02 V             ; -0.0436 V          ; 0.235 V                             ; 0.258 V                             ; 6.93e-10 s                 ; 7.09e-10 s                 ; No                        ; No                        ;
; dram_dq[14]             ; 1.8 V        ; 0 s                 ; 0 s                 ; 1.98 V                       ; 0.000349 V                   ; 2.02 V              ; -0.0436 V           ; 0.235 V                              ; 0.258 V                              ; 6.93e-10 s                  ; 7.09e-10 s                  ; No                         ; No                         ; 1.98 V                      ; 0.000349 V                  ; 2.02 V             ; -0.0436 V          ; 0.235 V                             ; 0.258 V                             ; 6.93e-10 s                 ; 7.09e-10 s                 ; No                        ; No                        ;
; dram_dq[15]             ; 1.8 V        ; 0 s                 ; 0 s                 ; 1.98 V                       ; 0.000353 V                   ; 2.02 V              ; -0.0349 V           ; 0.165 V                              ; 0.181 V                              ; 8.74e-10 s                  ; 8.82e-10 s                  ; No                         ; No                         ; 1.98 V                      ; 0.000353 V                  ; 2.02 V             ; -0.0349 V          ; 0.165 V                             ; 0.181 V                             ; 8.74e-10 s                 ; 8.82e-10 s                 ; No                        ; No                        ;
; sram_dq[0]              ; 3.3-V LVCMOS ; 0 s                 ; 0 s                 ; 3.63 V                       ; 0.000238 V                   ; 3.64 V              ; -0.254 V            ; 0.052 V                              ; 0.543 V                              ; 4.59e-10 s                  ; 1.96e-10 s                  ; Yes                        ; No                         ; 3.63 V                      ; 0.000238 V                  ; 3.64 V             ; -0.254 V           ; 0.052 V                             ; 0.543 V                             ; 4.59e-10 s                 ; 1.96e-10 s                 ; Yes                       ; No                        ;
; sram_dq[1]              ; 3.3-V LVCMOS ; 0 s                 ; 0 s                 ; 3.63 V                       ; 0.000184 V                   ; 3.64 V              ; -0.19 V             ; 0.019 V                              ; 0.425 V                              ; 4.44e-10 s                  ; 1.91e-10 s                  ; Yes                        ; No                         ; 3.63 V                      ; 0.000184 V                  ; 3.64 V             ; -0.19 V            ; 0.019 V                             ; 0.425 V                             ; 4.44e-10 s                 ; 1.91e-10 s                 ; Yes                       ; No                        ;
; sram_dq[2]              ; 3.3-V LVCMOS ; 0 s                 ; 0 s                 ; 3.63 V                       ; 0.000184 V                   ; 3.64 V              ; -0.19 V             ; 0.019 V                              ; 0.425 V                              ; 4.44e-10 s                  ; 1.91e-10 s                  ; Yes                        ; No                         ; 3.63 V                      ; 0.000184 V                  ; 3.64 V             ; -0.19 V            ; 0.019 V                             ; 0.425 V                             ; 4.44e-10 s                 ; 1.91e-10 s                 ; Yes                       ; No                        ;
; sram_dq[3]              ; 3.3-V LVCMOS ; 0 s                 ; 0 s                 ; 3.63 V                       ; 0.000184 V                   ; 3.64 V              ; -0.19 V             ; 0.019 V                              ; 0.425 V                              ; 4.44e-10 s                  ; 1.91e-10 s                  ; Yes                        ; No                         ; 3.63 V                      ; 0.000184 V                  ; 3.64 V             ; -0.19 V            ; 0.019 V                             ; 0.425 V                             ; 4.44e-10 s                 ; 1.91e-10 s                 ; Yes                       ; No                        ;
; sram_dq[4]              ; 3.3-V LVCMOS ; 0 s                 ; 0 s                 ; 3.63 V                       ; 0.000238 V                   ; 3.64 V              ; -0.254 V            ; 0.052 V                              ; 0.543 V                              ; 4.59e-10 s                  ; 1.96e-10 s                  ; Yes                        ; No                         ; 3.63 V                      ; 0.000238 V                  ; 3.64 V             ; -0.254 V           ; 0.052 V                             ; 0.543 V                             ; 4.59e-10 s                 ; 1.96e-10 s                 ; Yes                       ; No                        ;
; sram_dq[5]              ; 3.3-V LVCMOS ; 0 s                 ; 0 s                 ; 3.63 V                       ; 0.000184 V                   ; 3.64 V              ; -0.19 V             ; 0.019 V                              ; 0.425 V                              ; 4.44e-10 s                  ; 1.91e-10 s                  ; Yes                        ; No                         ; 3.63 V                      ; 0.000184 V                  ; 3.64 V             ; -0.19 V            ; 0.019 V                             ; 0.425 V                             ; 4.44e-10 s                 ; 1.91e-10 s                 ; Yes                       ; No                        ;
; sram_dq[6]              ; 3.3-V LVCMOS ; 0 s                 ; 0 s                 ; 3.63 V                       ; 0.000184 V                   ; 3.64 V              ; -0.19 V             ; 0.019 V                              ; 0.425 V                              ; 4.44e-10 s                  ; 1.91e-10 s                  ; Yes                        ; No                         ; 3.63 V                      ; 0.000184 V                  ; 3.64 V             ; -0.19 V            ; 0.019 V                             ; 0.425 V                             ; 4.44e-10 s                 ; 1.91e-10 s                 ; Yes                       ; No                        ;
; sram_dq[7]              ; 3.3-V LVCMOS ; 0 s                 ; 0 s                 ; 3.63 V                       ; 0.000229 V                   ; 3.65 V              ; -0.319 V            ; 0.041 V                              ; 0.528 V                              ; 4.29e-10 s                  ; 1.87e-10 s                  ; Yes                        ; No                         ; 3.63 V                      ; 0.000229 V                  ; 3.65 V             ; -0.319 V           ; 0.041 V                             ; 0.528 V                             ; 4.29e-10 s                 ; 1.87e-10 s                 ; Yes                       ; No                        ;
; sram_dq[8]              ; 3.3-V LVCMOS ; 0 s                 ; 0 s                 ; 3.63 V                       ; 0.000184 V                   ; 3.64 V              ; -0.19 V             ; 0.019 V                              ; 0.425 V                              ; 4.44e-10 s                  ; 1.91e-10 s                  ; Yes                        ; No                         ; 3.63 V                      ; 0.000184 V                  ; 3.64 V             ; -0.19 V            ; 0.019 V                             ; 0.425 V                             ; 4.44e-10 s                 ; 1.91e-10 s                 ; Yes                       ; No                        ;
; sram_dq[9]              ; 3.3-V LVCMOS ; 0 s                 ; 0 s                 ; 3.63 V                       ; 0.000229 V                   ; 3.65 V              ; -0.316 V            ; 0.041 V                              ; 0.53 V                               ; 4.29e-10 s                  ; 1.87e-10 s                  ; Yes                        ; No                         ; 3.63 V                      ; 0.000229 V                  ; 3.65 V             ; -0.316 V           ; 0.041 V                             ; 0.53 V                              ; 4.29e-10 s                 ; 1.87e-10 s                 ; Yes                       ; No                        ;
; sram_dq[10]             ; 3.3-V LVCMOS ; 0 s                 ; 0 s                 ; 3.63 V                       ; 0.000238 V                   ; 3.64 V              ; -0.254 V            ; 0.052 V                              ; 0.543 V                              ; 4.59e-10 s                  ; 1.96e-10 s                  ; Yes                        ; No                         ; 3.63 V                      ; 0.000238 V                  ; 3.64 V             ; -0.254 V           ; 0.052 V                             ; 0.543 V                             ; 4.59e-10 s                 ; 1.96e-10 s                 ; Yes                       ; No                        ;
; sram_dq[11]             ; 3.3-V LVCMOS ; 0 s                 ; 0 s                 ; 3.63 V                       ; 0.000184 V                   ; 3.64 V              ; -0.19 V             ; 0.019 V                              ; 0.425 V                              ; 4.44e-10 s                  ; 1.91e-10 s                  ; Yes                        ; No                         ; 3.63 V                      ; 0.000184 V                  ; 3.64 V             ; -0.19 V            ; 0.019 V                             ; 0.425 V                             ; 4.44e-10 s                 ; 1.91e-10 s                 ; Yes                       ; No                        ;
; sram_dq[12]             ; 3.3-V LVCMOS ; 0 s                 ; 0 s                 ; 3.63 V                       ; 0.000238 V                   ; 3.64 V              ; -0.254 V            ; 0.052 V                              ; 0.543 V                              ; 4.59e-10 s                  ; 1.96e-10 s                  ; Yes                        ; No                         ; 3.63 V                      ; 0.000238 V                  ; 3.64 V             ; -0.254 V           ; 0.052 V                             ; 0.543 V                             ; 4.59e-10 s                 ; 1.96e-10 s                 ; Yes                       ; No                        ;
; sram_dq[13]             ; 3.3-V LVCMOS ; 0 s                 ; 0 s                 ; 3.63 V                       ; 0.000184 V                   ; 3.64 V              ; -0.19 V             ; 0.019 V                              ; 0.425 V                              ; 4.44e-10 s                  ; 1.91e-10 s                  ; Yes                        ; No                         ; 3.63 V                      ; 0.000184 V                  ; 3.64 V             ; -0.19 V            ; 0.019 V                             ; 0.425 V                             ; 4.44e-10 s                 ; 1.91e-10 s                 ; Yes                       ; No                        ;
; sram_dq[14]             ; 3.3-V LVCMOS ; 0 s                 ; 0 s                 ; 3.63 V                       ; 0.000238 V                   ; 3.64 V              ; -0.254 V            ; 0.052 V                              ; 0.543 V                              ; 4.59e-10 s                  ; 1.96e-10 s                  ; Yes                        ; No                         ; 3.63 V                      ; 0.000238 V                  ; 3.64 V             ; -0.254 V           ; 0.052 V                             ; 0.543 V                             ; 4.59e-10 s                 ; 1.96e-10 s                 ; Yes                       ; No                        ;
; sram_dq[15]             ; 3.3-V LVCMOS ; 0 s                 ; 0 s                 ; 3.63 V                       ; 0.000238 V                   ; 3.64 V              ; -0.254 V            ; 0.052 V                              ; 0.543 V                              ; 4.59e-10 s                  ; 1.96e-10 s                  ; Yes                        ; No                         ; 3.63 V                      ; 0.000238 V                  ; 3.64 V             ; -0.254 V           ; 0.052 V                             ; 0.543 V                             ; 4.59e-10 s                 ; 1.96e-10 s                 ; Yes                       ; No                        ;
; bist                    ; 3.3-V LVCMOS ; 0 s                 ; 0 s                 ; 3.63 V                       ; 0.000238 V                   ; 3.64 V              ; -0.254 V            ; 0.052 V                              ; 0.543 V                              ; 4.59e-10 s                  ; 1.96e-10 s                  ; Yes                        ; No                         ; 3.63 V                      ; 0.000238 V                  ; 3.64 V             ; -0.254 V           ; 0.052 V                             ; 0.543 V                             ; 4.59e-10 s                 ; 1.96e-10 s                 ; Yes                       ; No                        ;
; aux_sda                 ; 1.8 V        ; 0 s                 ; 0 s                 ; 1.98 V                       ; 0.00033 V                    ; 1.98 V              ; -0.00539 V          ; 0.121 V                              ; 0.129 V                              ; 8.46e-10 s                  ; 8.54e-10 s                  ; No                         ; No                         ; 1.98 V                      ; 0.00033 V                   ; 1.98 V             ; -0.00539 V         ; 0.121 V                             ; 0.129 V                             ; 8.46e-10 s                 ; 8.54e-10 s                 ; No                        ; No                        ;
; altera_reserved_tdo     ; 2.5 V        ; 0 s                 ; 0 s                 ; 2.75 V                       ; 0.000219 V                   ; 2.85 V              ; -0.0928 V           ; 0.341 V                              ; 0.153 V                              ; 3.08e-10 s                  ; 4.29e-10 s                  ; No                         ; No                         ; 2.75 V                      ; 0.000219 V                  ; 2.85 V             ; -0.0928 V          ; 0.341 V                             ; 0.153 V                             ; 3.08e-10 s                 ; 4.29e-10 s                 ; No                        ; No                        ;
+-------------------------+--------------+---------------------+---------------------+------------------------------+------------------------------+---------------------+---------------------+--------------------------------------+--------------------------------------+-----------------------------+-----------------------------+----------------------------+----------------------------+-----------------------------+-----------------------------+--------------------+--------------------+-------------------------------------+-------------------------------------+----------------------------+----------------------------+---------------------------+---------------------------+


+---------------------------------------------------------------------------------------------------------------------------------------------------------------------------------------------------------------+
; Setup Transfers                                                                                                                                                                                               ;
+-------------------------------------------------------------------------------+-------------------------------------------------------------------------------+--------------+----------+----------+----------+
; From Clock                                                                    ; To Clock                                                                      ; RR Paths     ; FR Paths ; RF Paths ; FF Paths ;
+-------------------------------------------------------------------------------+-------------------------------------------------------------------------------+--------------+----------+----------+----------+
; altera_reserved_tck                                                           ; altera_reserved_tck                                                           ; 7980         ; 0        ; 37       ; 0        ;
; clk_74a                                                                       ; altera_reserved_tck                                                           ; false path   ; 0        ; 0        ; 0        ;
; bridge_spiclk                                                                 ; bridge_spiclk                                                                 ; 37           ; 0        ; 0        ; 0        ;
; altera_reserved_tck                                                           ; clk_74a                                                                       ; false path   ; 0        ; 0        ; 0        ;
; bridge_spiclk                                                                 ; clk_74a                                                                       ; false path   ; 0        ; 0        ; 0        ;
; clk_74a                                                                       ; clk_74a                                                                       ; 175009       ; 0        ; 0        ; 0        ;
; clk_74a                                                                       ; ic|mp1|mf_pllbase_inst|altera_pll_i|general[0].gpll~PLL_OUTPUT_COUNTER|divclk ; false path   ; 0        ; 0        ; 0        ;
; ic|mp1|mf_pllbase_inst|altera_pll_i|general[0].gpll~PLL_OUTPUT_COUNTER|divclk ; ic|mp1|mf_pllbase_inst|altera_pll_i|general[0].gpll~PLL_OUTPUT_COUNTER|divclk ; > 2147483647 ; 0        ; 0        ; 0        ;
+-------------------------------------------------------------------------------+-------------------------------------------------------------------------------+--------------+----------+----------+----------+
Entries labeled "false path" only account for clock-to-clock false paths and not path-based false paths. As a result, actual path counts may be lower than reported.


+---------------------------------------------------------------------------------------------------------------------------------------------------------------------------------------------------------------+
; Hold Transfers                                                                                                                                                                                                ;
+-------------------------------------------------------------------------------+-------------------------------------------------------------------------------+--------------+----------+----------+----------+
; From Clock                                                                    ; To Clock                                                                      ; RR Paths     ; FR Paths ; RF Paths ; FF Paths ;
+-------------------------------------------------------------------------------+-------------------------------------------------------------------------------+--------------+----------+----------+----------+
; altera_reserved_tck                                                           ; altera_reserved_tck                                                           ; 7980         ; 0        ; 37       ; 0        ;
; clk_74a                                                                       ; altera_reserved_tck                                                           ; false path   ; 0        ; 0        ; 0        ;
; bridge_spiclk                                                                 ; bridge_spiclk                                                                 ; 37           ; 0        ; 0        ; 0        ;
; altera_reserved_tck                                                           ; clk_74a                                                                       ; false path   ; 0        ; 0        ; 0        ;
; bridge_spiclk                                                                 ; clk_74a                                                                       ; false path   ; 0        ; 0        ; 0        ;
; clk_74a                                                                       ; clk_74a                                                                       ; 175009       ; 0        ; 0        ; 0        ;
; clk_74a                                                                       ; ic|mp1|mf_pllbase_inst|altera_pll_i|general[0].gpll~PLL_OUTPUT_COUNTER|divclk ; false path   ; 0        ; 0        ; 0        ;
; ic|mp1|mf_pllbase_inst|altera_pll_i|general[0].gpll~PLL_OUTPUT_COUNTER|divclk ; ic|mp1|mf_pllbase_inst|altera_pll_i|general[0].gpll~PLL_OUTPUT_COUNTER|divclk ; > 2147483647 ; 0        ; 0        ; 0        ;
+-------------------------------------------------------------------------------+-------------------------------------------------------------------------------+--------------+----------+----------+----------+
Entries labeled "false path" only account for clock-to-clock false paths and not path-based false paths. As a result, actual path counts may be lower than reported.


+---------------------------------------------------------------------------------------+
; Recovery Transfers                                                                    ;
+---------------------+---------------------+----------+----------+----------+----------+
; From Clock          ; To Clock            ; RR Paths ; FR Paths ; RF Paths ; FF Paths ;
+---------------------+---------------------+----------+----------+----------+----------+
; altera_reserved_tck ; altera_reserved_tck ; 538      ; 0        ; 0        ; 0        ;
+---------------------+---------------------+----------+----------+----------+----------+
Entries labeled "false path" only account for clock-to-clock false paths and not path-based false paths. As a result, actual path counts may be lower than reported.


+---------------------------------------------------------------------------------------+
; Removal Transfers                                                                     ;
+---------------------+---------------------+----------+----------+----------+----------+
; From Clock          ; To Clock            ; RR Paths ; FR Paths ; RF Paths ; FF Paths ;
+---------------------+---------------------+----------+----------+----------+----------+
; altera_reserved_tck ; altera_reserved_tck ; 538      ; 0        ; 0        ; 0        ;
+---------------------+---------------------+----------+----------+----------+----------+
Entries labeled "false path" only account for clock-to-clock false paths and not path-based false paths. As a result, actual path counts may be lower than reported.


---------------
; Report TCCS ;
---------------
No dedicated SERDES Transmitter circuitry present in device or used in design


---------------
; Report RSKM ;
---------------
No non-DPA dedicated SERDES Receiver circuitry present in device or used in design


+------------------------------------------------+
; Unconstrained Paths Summary                    ;
+---------------------------------+-------+------+
; Property                        ; Setup ; Hold ;
+---------------------------------+-------+------+
; Illegal Clocks                  ; 0     ; 0    ;
; Unconstrained Clocks            ; 0     ; 0    ;
; Unconstrained Input Ports       ; 6     ; 6    ;
; Unconstrained Input Port Paths  ; 73    ; 73   ;
; Unconstrained Output Ports      ; 23    ; 23   ;
; Unconstrained Output Port Paths ; 30    ; 30   ;
+---------------------------------+-------+------+


+-----------------------------------------------------------------------------------------------------------------------------------------------------------------------------------------+
; Clock Status Summary                                                                                                                                                                    ;
+-------------------------------------------------------------------------------+-------------------------------------------------------------------------------+-----------+-------------+
; Target                                                                        ; Clock                                                                         ; Type      ; Status      ;
+-------------------------------------------------------------------------------+-------------------------------------------------------------------------------+-----------+-------------+
; altera_reserved_tck                                                           ; altera_reserved_tck                                                           ; Base      ; Constrained ;
; bridge_spiclk                                                                 ; bridge_spiclk                                                                 ; Base      ; Constrained ;
; clk_74a                                                                       ; clk_74a                                                                       ; Base      ; Constrained ;
; clk_74b                                                                       ; clk_74b                                                                       ; Base      ; Constrained ;
; ic|mp1|mf_pllbase_inst|altera_pll_i|general[0].gpll~FRACTIONAL_PLL|vcoph[0]   ; ic|mp1|mf_pllbase_inst|altera_pll_i|general[0].gpll~FRACTIONAL_PLL|vcoph[0]   ; Generated ; Constrained ;
; ic|mp1|mf_pllbase_inst|altera_pll_i|general[0].gpll~PLL_OUTPUT_COUNTER|divclk ; ic|mp1|mf_pllbase_inst|altera_pll_i|general[0].gpll~PLL_OUTPUT_COUNTER|divclk ; Generated ; Constrained ;
; ic|mp1|mf_pllbase_inst|altera_pll_i|general[1].gpll~PLL_OUTPUT_COUNTER|divclk ; ic|mp1|mf_pllbase_inst|altera_pll_i|general[1].gpll~PLL_OUTPUT_COUNTER|divclk ; Generated ; Constrained ;
+-------------------------------------------------------------------------------+-------------------------------------------------------------------------------+-----------+-------------+


+------------------------------------------------------------------------------------------------------------+
; Unconstrained Input Ports                                                                                  ;
+---------------------+--------------------------------------------------------------------------------------+
; Input Port          ; Comment                                                                              ;
+---------------------+--------------------------------------------------------------------------------------+
; altera_reserved_tdi ; No input delay, min/max delays, false-path exceptions, or max skew assignments found ;
; altera_reserved_tms ; No input delay, min/max delays, false-path exceptions, or max skew assignments found ;
; bridge_1wire        ; No input delay, min/max delays, false-path exceptions, or max skew assignments found ;
; bridge_spimiso      ; No input delay, min/max delays, false-path exceptions, or max skew assignments found ;
; bridge_spimosi      ; No input delay, min/max delays, false-path exceptions, or max skew assignments found ;
; bridge_spiss        ; No input delay, min/max delays, false-path exceptions, or max skew assignments found ;
+---------------------+--------------------------------------------------------------------------------------+


+-------------------------------------------------------------------------------------------------------------+
; Unconstrained Output Ports                                                                                  ;
+---------------------+---------------------------------------------------------------------------------------+
; Output Port         ; Comment                                                                               ;
+---------------------+---------------------------------------------------------------------------------------+
; altera_reserved_tdo ; No output delay, min/max delays, false-path exceptions, or max skew assignments found ;
; bridge_1wire        ; No output delay, min/max delays, false-path exceptions, or max skew assignments found ;
; bridge_spimiso      ; No output delay, min/max delays, false-path exceptions, or max skew assignments found ;
; bridge_spimosi      ; No output delay, min/max delays, false-path exceptions, or max skew assignments found ;
; scal_audlrck        ; No output delay, min/max delays, false-path exceptions, or max skew assignments found ;
; scal_audmclk        ; No output delay, min/max delays, false-path exceptions, or max skew assignments found ;
; scal_clk            ; No output delay, min/max delays, false-path exceptions, or max skew assignments found ;
; scal_de             ; No output delay, min/max delays, false-path exceptions, or max skew assignments found ;
; scal_hs             ; No output delay, min/max delays, false-path exceptions, or max skew assignments found ;
; scal_skip           ; No output delay, min/max delays, false-path exceptions, or max skew assignments found ;
; scal_vid[0]         ; No output delay, min/max delays, false-path exceptions, or max skew assignments found ;
; scal_vid[1]         ; No output delay, min/max delays, false-path exceptions, or max skew assignments found ;
; scal_vid[2]         ; No output delay, min/max delays, false-path exceptions, or max skew assignments found ;
; scal_vid[3]         ; No output delay, min/max delays, false-path exceptions, or max skew assignments found ;
; scal_vid[4]         ; No output delay, min/max delays, false-path exceptions, or max skew assignments found ;
; scal_vid[5]         ; No output delay, min/max delays, false-path exceptions, or max skew assignments found ;
; scal_vid[6]         ; No output delay, min/max delays, false-path exceptions, or max skew assignments found ;
; scal_vid[7]         ; No output delay, min/max delays, false-path exceptions, or max skew assignments found ;
; scal_vid[8]         ; No output delay, min/max delays, false-path exceptions, or max skew assignments found ;
; scal_vid[9]         ; No output delay, min/max delays, false-path exceptions, or max skew assignments found ;
; scal_vid[10]        ; No output delay, min/max delays, false-path exceptions, or max skew assignments found ;
; scal_vid[11]        ; No output delay, min/max delays, false-path exceptions, or max skew assignments found ;
; scal_vs             ; No output delay, min/max delays, false-path exceptions, or max skew assignments found ;
+---------------------+---------------------------------------------------------------------------------------+


+------------------------------------------------------------------------------------------------------------+
; Unconstrained Input Ports                                                                                  ;
+---------------------+--------------------------------------------------------------------------------------+
; Input Port          ; Comment                                                                              ;
+---------------------+--------------------------------------------------------------------------------------+
; altera_reserved_tdi ; No input delay, min/max delays, false-path exceptions, or max skew assignments found ;
; altera_reserved_tms ; No input delay, min/max delays, false-path exceptions, or max skew assignments found ;
; bridge_1wire        ; No input delay, min/max delays, false-path exceptions, or max skew assignments found ;
; bridge_spimiso      ; No input delay, min/max delays, false-path exceptions, or max skew assignments found ;
; bridge_spimosi      ; No input delay, min/max delays, false-path exceptions, or max skew assignments found ;
; bridge_spiss        ; No input delay, min/max delays, false-path exceptions, or max skew assignments found ;
+---------------------+--------------------------------------------------------------------------------------+


+-------------------------------------------------------------------------------------------------------------+
; Unconstrained Output Ports                                                                                  ;
+---------------------+---------------------------------------------------------------------------------------+
; Output Port         ; Comment                                                                               ;
+---------------------+---------------------------------------------------------------------------------------+
; altera_reserved_tdo ; No output delay, min/max delays, false-path exceptions, or max skew assignments found ;
; bridge_1wire        ; No output delay, min/max delays, false-path exceptions, or max skew assignments found ;
; bridge_spimiso      ; No output delay, min/max delays, false-path exceptions, or max skew assignments found ;
; bridge_spimosi      ; No output delay, min/max delays, false-path exceptions, or max skew assignments found ;
; scal_audlrck        ; No output delay, min/max delays, false-path exceptions, or max skew assignments found ;
; scal_audmclk        ; No output delay, min/max delays, false-path exceptions, or max skew assignments found ;
; scal_clk            ; No output delay, min/max delays, false-path exceptions, or max skew assignments found ;
; scal_de             ; No output delay, min/max delays, false-path exceptions, or max skew assignments found ;
; scal_hs             ; No output delay, min/max delays, false-path exceptions, or max skew assignments found ;
; scal_skip           ; No output delay, min/max delays, false-path exceptions, or max skew assignments found ;
; scal_vid[0]         ; No output delay, min/max delays, false-path exceptions, or max skew assignments found ;
; scal_vid[1]         ; No output delay, min/max delays, false-path exceptions, or max skew assignments found ;
; scal_vid[2]         ; No output delay, min/max delays, false-path exceptions, or max skew assignments found ;
; scal_vid[3]         ; No output delay, min/max delays, false-path exceptions, or max skew assignments found ;
; scal_vid[4]         ; No output delay, min/max delays, false-path exceptions, or max skew assignments found ;
; scal_vid[5]         ; No output delay, min/max delays, false-path exceptions, or max skew assignments found ;
; scal_vid[6]         ; No output delay, min/max delays, false-path exceptions, or max skew assignments found ;
; scal_vid[7]         ; No output delay, min/max delays, false-path exceptions, or max skew assignments found ;
; scal_vid[8]         ; No output delay, min/max delays, false-path exceptions, or max skew assignments found ;
; scal_vid[9]         ; No output delay, min/max delays, false-path exceptions, or max skew assignments found ;
; scal_vid[10]        ; No output delay, min/max delays, false-path exceptions, or max skew assignments found ;
; scal_vid[11]        ; No output delay, min/max delays, false-path exceptions, or max skew assignments found ;
; scal_vs             ; No output delay, min/max delays, false-path exceptions, or max skew assignments found ;
+---------------------+---------------------------------------------------------------------------------------+


+--------------------------+
; Timing Analyzer Messages ;
+--------------------------+
Info: *******************************************************************
Info: Running Quartus Prime Timing Analyzer
    Info: Version 25.1std.0 Build 1129 10/21/2025 SC Lite Edition
    Info: Processing started: Mon Oct  5 12:36:43 2026
Info: Command: quartus_sta ap_core -c ap_core
Info: qsta_default_script.tcl version: #1
Info (20032): Parallel compilation is enabled and will use up to 2 processors
Info (21077): Low junction temperature is 0 degrees C
Info (21077): High junction temperature is 85 degrees C
Info (332164): Evaluating HDL-embedded SDC commands
    Info (332165): Entity sld_hub
        Info (332166): create_clock -name altera_reserved_tck [get_ports {altera_reserved_tck}] -period 30MHz   
        Info (332166): if { [string equal quartus_fit $::TimeQuestInfo(nameofexecutable)] } { set_max_delay -to [get_ports { altera_reserved_tdo } ] 0 }
        Info (332166): set_clock_groups -asynchronous -group {altera_reserved_tck}
Info (332104): Reading SDC File: 'apf/apf_constraints.sdc'
Info (332110): Deriving PLL clocks
    Info (332110): create_generated_clock -source {ic|mp1|mf_pllbase_inst|altera_pll_i|general[0].gpll~FRACTIONAL_PLL|refclkin} -divide_by 512 -multiply_by 4153 -duty_cycle 50.00 -name {ic|mp1|mf_pllbase_inst|altera_pll_i|general[0].gpll~FRACTIONAL_PLL|vcoph[0]} {ic|mp1|mf_pllbase_inst|altera_pll_i|general[0].gpll~FRACTIONAL_PLL|vcoph[0]}
    Info (332110): create_generated_clock -source {ic|mp1|mf_pllbase_inst|altera_pll_i|general[0].gpll~PLL_OUTPUT_COUNTER|vco0ph[0]} -divide_by 49 -duty_cycle 50.00 -name {ic|mp1|mf_pllbase_inst|altera_pll_i|general[0].gpll~PLL_OUTPUT_COUNTER|divclk} {ic|mp1|mf_pllbase_inst|altera_pll_i|general[0].gpll~PLL_OUTPUT_COUNTER|divclk}
    Info (332110): create_generated_clock -source {ic|mp1|mf_pllbase_inst|altera_pll_i|general[1].gpll~PLL_OUTPUT_COUNTER|vco0ph[0]} -divide_by 49 -phase 90.00 -duty_cycle 50.00 -name {ic|mp1|mf_pllbase_inst|altera_pll_i|general[1].gpll~PLL_OUTPUT_COUNTER|divclk} {ic|mp1|mf_pllbase_inst|altera_pll_i|general[1].gpll~PLL_OUTPUT_COUNTER|divclk}
Info (332104): Reading SDC File: 'core/core_constraints.sdc'
Info (332097): The following timing edges are non-unate.  The Timing Analyzer will assume pos-unate behavior for these edges in the clock network.
    Info (332098): Cell: ic|mp1|mf_pllbase_inst|altera_pll_i|general[0].gpll~FRACTIONAL_PLL  from: refclkin  to: fbclk
    Info (332098): Cell: ic|mp1|mf_pllbase_inst|altera_pll_i|general[0].gpll~PLL_OUTPUT_COUNTER  from: vco0ph[0]  to: divclk
    Info (332098): Cell: ic|mp1|mf_pllbase_inst|altera_pll_i|general[0].gpll~PLL_REFCLK_SELECT  from: clkin[0]  to: clkout
    Info (332098): Cell: ic|mp1|mf_pllbase_inst|altera_pll_i|general[1].gpll~PLL_OUTPUT_COUNTER  from: vco0ph[0]  to: divclk
Info (332143): No user constrained clock uncertainty found in the design. Calling "derive_clock_uncertainty"
Info (332123): Deriving Clock Uncertainty. Please refer to report_sdc in the Timing Analyzer to see clock uncertainties.
Info: Found TIMING_ANALYZER_REPORT_SCRIPT_INCLUDE_DEFAULT_ANALYSIS = ON
Info: Analyzing Slow 1100mV 85C Model
Info (332146): Worst-case setup slack is 3.841
    Info (332119):     Slack       End Point TNS Clock 
    Info (332119): ========= =================== =====================
    Info (332119):     3.841               0.000 clk_74a 
    Info (332119):    10.283               0.000 altera_reserved_tck 
    Info (332119):    10.855               0.000 bridge_spiclk 
    Info (332119):    31.563               0.000 ic|mp1|mf_pllbase_inst|altera_pll_i|general[0].gpll~PLL_OUTPUT_COUNTER|divclk 
Info (332146): Worst-case hold slack is 0.360
    Info (332119):     Slack       End Point TNS Clock 
    Info (332119): ========= =================== =====================
    Info (332119):     0.360               0.000 clk_74a 
    Info (332119):     0.389               0.000 bridge_spiclk 
    Info (332119):     0.608               0.000 ic|mp1|mf_pllbase_inst|altera_pll_i|general[0].gpll~PLL_OUTPUT_COUNTER|divclk 
    Info (332119):     0.776               0.000 altera_reserved_tck 
Info (332146): Worst-case recovery slack is 27.811
    Info (332119):     Slack       End Point TNS Clock 
    Info (332119): ========= =================== =====================
    Info (332119):    27.811               0.000 altera_reserved_tck 
Info (332146): Worst-case removal slack is 1.487
    Info (332119):     Slack       End Point TNS Clock 
    Info (332119): ========= =================== =====================
    Info (332119):     1.487               0.000 altera_reserved_tck 
Info (332146): Worst-case minimum pulse width slack is 0.830
    Info (332119):     Slack       End Point TNS Clock 
    Info (332119): ========= =================== =====================
    Info (332119):     0.830               0.000 ic|mp1|mf_pllbase_inst|altera_pll_i|general[0].gpll~FRACTIONAL_PLL|vcoph[0] 
    Info (332119):     5.346               0.000 clk_74a 
    Info (332119):     5.931               0.000 bridge_spiclk 
    Info (332119):    15.523               0.000 altera_reserved_tck 
    Info (332119):    39.119               0.000 ic|mp1|mf_pllbase_inst|altera_pll_i|general[0].gpll~PLL_OUTPUT_COUNTER|divclk 
    Info (332119):    39.618               0.000 ic|mp1|mf_pllbase_inst|altera_pll_i|general[1].gpll~PLL_OUTPUT_COUNTER|divclk 
Info (332114): Report Metastability: Found 59 synchronizer chains.
    Info (332114): The design MTBF is not calculated because there are no specified synchronizers in the design.
    Info (332114): Number of Synchronizer Chains Found: 59
    Info (332114): Shortest Synchronizer Chain: 2 Registers
    Info (332114): Fraction of Chains for which MTBFs Could Not be Calculated: 1.000
    Info (332114): Worst Case Available Settling Time: 21.692 ns
    Info (332114): 
Info: Analyzing Slow 1100mV 0C Model
Info (334003): Started post-fitting delay annotation
Info (334004): Delay annotation completed successfully
Info (332097): The following timing edges are non-unate.  The Timing Analyzer will assume pos-unate behavior for these edges in the clock network.
    Info (332098): Cell: ic|mp1|mf_pllbase_inst|altera_pll_i|general[0].gpll~FRACTIONAL_PLL  from: refclkin  to: fbclk
    Info (332098): Cell: ic|mp1|mf_pllbase_inst|altera_pll_i|general[0].gpll~PLL_OUTPUT_COUNTER  from: vco0ph[0]  to: divclk
    Info (332098): Cell: ic|mp1|mf_pllbase_inst|altera_pll_i|general[0].gpll~PLL_REFCLK_SELECT  from: clkin[0]  to: clkout
    Info (332098): Cell: ic|mp1|mf_pllbase_inst|altera_pll_i|general[1].gpll~PLL_OUTPUT_COUNTER  from: vco0ph[0]  to: divclk
Info (332123): Deriving Clock Uncertainty. Please refer to report_sdc in the Timing Analyzer to see clock uncertainties.
Info (332146): Worst-case setup slack is 3.767
    Info (332119):     Slack       End Point TNS Clock 
    Info (332119): ========= =================== =====================
    Info (332119):     3.767               0.000 clk_74a 
    Info (332119):    10.518               0.000 altera_reserved_tck 
    Info (332119):    11.116               0.000 bridge_spiclk 
    Info (332119):    28.896               0.000 ic|mp1|mf_pllbase_inst|altera_pll_i|general[0].gpll~PLL_OUTPUT_COUNTER|divclk 
Info (332146): Worst-case hold slack is 0.356
    Info (332119):     Slack       End Point TNS Clock 
    Info (332119): ========= =================== =====================
    Info (332119):     0.356               0.000 clk_74a 
    Info (332119):     0.377               0.000 bridge_spiclk 
    Info (332119):     0.627               0.000 ic|mp1|mf_pllbase_inst|altera_pll_i|general[0].gpll~PLL_OUTPUT_COUNTER|divclk 
    Info (332119):     0.699               0.000 altera_reserved_tck 
Info (332146): Worst-case recovery slack is 27.873
    Info (332119):     Slack       End Point TNS Clock 
    Info (332119): ========= =================== =====================
    Info (332119):    27.873               0.000 altera_reserved_tck 
Info (332146): Worst-case removal slack is 1.371
    Info (332119):     Slack       End Point TNS Clock 
    Info (332119): ========= =================== =====================
    Info (332119):     1.371               0.000 altera_reserved_tck 
Info (332146): Worst-case minimum pulse width slack is 0.830
    Info (332119):     Slack       End Point TNS Clock 
    Info (332119): ========= =================== =====================
    Info (332119):     0.830               0.000 ic|mp1|mf_pllbase_inst|altera_pll_i|general[0].gpll~FRACTIONAL_PLL|vcoph[0] 
    Info (332119):     5.274               0.000 clk_74a 
    Info (332119):     5.885               0.000 bridge_spiclk 
    Info (332119):    15.452               0.000 altera_reserved_tck 
    Info (332119):    39.054               0.000 ic|mp1|mf_pllbase_inst|altera_pll_i|general[0].gpll~PLL_OUTPUT_COUNTER|divclk 
    Info (332119):    39.552               0.000 ic|mp1|mf_pllbase_inst|altera_pll_i|general[1].gpll~PLL_OUTPUT_COUNTER|divclk 
Info (332114): Report Metastability: Found 59 synchronizer chains.
    Info (332114): The design MTBF is not calculated because there are no specified synchronizers in the design.
    Info (332114): Number of Synchronizer Chains Found: 59
    Info (332114): Shortest Synchronizer Chain: 2 Registers
    Info (332114): Fraction of Chains for which MTBFs Could Not be Calculated: 1.000
    Info (332114): Worst Case Available Settling Time: 21.704 ns
    Info (332114): 
Info: Analyzing Fast 1100mV 85C Model
Info (334003): Started post-fitting delay annotation
Info (334004): Delay annotation completed successfully
Info (332097): The following timing edges are non-unate.  The Timing Analyzer will assume pos-unate behavior for these edges in the clock network.
    Info (332098): Cell: ic|mp1|mf_pllbase_inst|altera_pll_i|general[0].gpll~FRACTIONAL_PLL  from: refclkin  to: fbclk
    Info (332098): Cell: ic|mp1|mf_pllbase_inst|altera_pll_i|general[0].gpll~PLL_OUTPUT_COUNTER  from: vco0ph[0]  to: divclk
    Info (332098): Cell: ic|mp1|mf_pllbase_inst|altera_pll_i|general[0].gpll~PLL_REFCLK_SELECT  from: clkin[0]  to: clkout
    Info (332098): Cell: ic|mp1|mf_pllbase_inst|altera_pll_i|general[1].gpll~PLL_OUTPUT_COUNTER  from: vco0ph[0]  to: divclk
Info (332123): Deriving Clock Uncertainty. Please refer to report_sdc in the Timing Analyzer to see clock uncertainties.
Info (332146): Worst-case setup slack is 8.821
    Info (332119):     Slack       End Point TNS Clock 
    Info (332119): ========= =================== =====================
    Info (332119):     8.821               0.000 clk_74a 
    Info (332119):    12.437               0.000 bridge_spiclk 
    Info (332119):    14.021               0.000 altera_reserved_tck 
    Info (332119):    61.599               0.000 ic|mp1|mf_pllbase_inst|altera_pll_i|general[0].gpll~PLL_OUTPUT_COUNTER|divclk 
Info (332146): Worst-case hold slack is 0.168
    Info (332119):     Slack       End Point TNS Clock 
    Info (332119): ========= =================== =====================
    Info (332119):     0.168               0.000 clk_74a 
    Info (332119):     0.175               0.000 bridge_spiclk 
    Info (332119):     0.219               0.000 altera_reserved_tck 
    Info (332119):     0.225               0.000 ic|mp1|mf_pllbase_inst|altera_pll_i|general[0].gpll~PLL_OUTPUT_COUNTER|divclk 
Info (332146): Worst-case recovery slack is 30.244
    Info (332119):     Slack       End Point TNS Clock 
    Info (332119): ========= =================== =====================
    Info (332119):    30.244               0.000 altera_reserved_tck 
Info (332146): Worst-case removal slack is 0.560
    Info (332119):     Slack       End Point TNS Clock 
    Info (332119): ========= =================== =====================
    Info (332119):     0.560               0.000 altera_reserved_tck 
Info (332146): Worst-case minimum pulse width slack is 0.830
    Info (332119):     Slack       End Point TNS Clock 
    Info (332119): ========= =================== =====================
    Info (332119):     0.830               0.000 ic|mp1|mf_pllbase_inst|altera_pll_i|general[0].gpll~FRACTIONAL_PLL|vcoph[0] 
    Info (332119):     5.202               0.000 clk_74a 
    Info (332119):     6.354               0.000 bridge_spiclk 
    Info (332119):    15.569               0.000 altera_reserved_tck 
    Info (332119):    39.564               0.000 ic|mp1|mf_pllbase_inst|altera_pll_i|general[0].gpll~PLL_OUTPUT_COUNTER|divclk 
    Info (332119):    40.192               0.000 ic|mp1|mf_pllbase_inst|altera_pll_i|general[1].gpll~PLL_OUTPUT_COUNTER|divclk 
Info (332114): Report Metastability: Found 59 synchronizer chains.
    Info (332114): The design MTBF is not calculated because there are no specified synchronizers in the design.
    Info (332114): Number of Synchronizer Chains Found: 59
    Info (332114): Shortest Synchronizer Chain: 2 Registers
    Info (332114): Fraction of Chains for which MTBFs Could Not be Calculated: 1.000
    Info (332114): Worst Case Available Settling Time: 24.404 ns
    Info (332114): 
Info: Analyzing Fast 1100mV 0C Model
Info (332097): The following timing edges are non-unate.  The Timing Analyzer will assume pos-unate behavior for these edges in the clock network.
    Info (332098): Cell: ic|mp1|mf_pllbase_inst|altera_pll_i|general[0].gpll~FRACTIONAL_PLL  from: refclkin  to: fbclk
    Info (332098): Cell: ic|mp1|mf_pllbase_inst|altera_pll_i|general[0].gpll~PLL_OUTPUT_COUNTER  from: vco0ph[0]  to: divclk
    Info (332098): Cell: ic|mp1|mf_pllbase_inst|altera_pll_i|general[0].gpll~PLL_REFCLK_SELECT  from: clkin[0]  to: clkout
    Info (332098): Cell: ic|mp1|mf_pllbase_inst|altera_pll_i|general[1].gpll~PLL_OUTPUT_COUNTER  from: vco0ph[0]  to: divclk
Info (332123): Deriving Clock Uncertainty. Please refer to report_sdc in the Timing Analyzer to see clock uncertainties.
Info (332146): Worst-case setup slack is 9.298
    Info (332119):     Slack       End Point TNS Clock 
    Info (332119): ========= =================== =====================
    Info (332119):     9.298               0.000 clk_74a 
    Info (332119):    12.544               0.000 bridge_spiclk 
    Info (332119):    14.300               0.000 altera_reserved_tck 
    Info (332119):    62.879               0.000 ic|mp1|mf_pllbase_inst|altera_pll_i|general[0].gpll~PLL_OUTPUT_COUNTER|divclk 
Info (332146): Worst-case hold slack is 0.152
    Info (332119):     Slack       End Point TNS Clock 
    Info (332119): ========= =================== =====================
    Info (332119):     0.152               0.000 clk_74a 
    Info (332119):     0.159               0.000 bridge_spiclk 
    Info (332119):     0.201               0.000 altera_reserved_tck 
    Info (332119):     0.220               0.000 ic|mp1|mf_pllbase_inst|altera_pll_i|general[0].gpll~PLL_OUTPUT_COUNTER|divclk 
Info (332146): Worst-case recovery slack is 30.574
    Info (332119):     Slack       End Point TNS Clock 
    Info (332119): ========= =================== =====================
    Info (332119):    30.574               0.000 altera_reserved_tck 
Info (332146): Worst-case removal slack is 0.486
    Info (332119):     Slack       End Point TNS Clock 
    Info (332119): ========= =================== =====================
    Info (332119):     0.486               0.000 altera_reserved_tck 
Info (332146): Worst-case minimum pulse width slack is 0.830
    Info (332119):     Slack       End Point TNS Clock 
    Info (332119): ========= =================== =====================
    Info (332119):     0.830               0.000 ic|mp1|mf_pllbase_inst|altera_pll_i|general[0].gpll~FRACTIONAL_PLL|vcoph[0] 
    Info (332119):     5.155               0.000 clk_74a 
    Info (332119):     6.370               0.000 bridge_spiclk 
    Info (332119):    15.600               0.000 altera_reserved_tck 
    Info (332119):    39.567               0.000 ic|mp1|mf_pllbase_inst|altera_pll_i|general[0].gpll~PLL_OUTPUT_COUNTER|divclk 
    Info (332119):    40.195               0.000 ic|mp1|mf_pllbase_inst|altera_pll_i|general[1].gpll~PLL_OUTPUT_COUNTER|divclk 
Info (332114): Report Metastability: Found 59 synchronizer chains.
    Info (332114): The design MTBF is not calculated because there are no specified synchronizers in the design.
    Info (332114): Number of Synchronizer Chains Found: 59
    Info (332114): Shortest Synchronizer Chain: 2 Registers
    Info (332114): Fraction of Chains for which MTBFs Could Not be Calculated: 1.000
    Info (332114): Worst Case Available Settling Time: 24.642 ns
    Info (332114): 
Info (332102): Design is not fully constrained for setup requirements
Info (332102): Design is not fully constrained for hold requirements
Info: Quartus Prime Timing Analyzer was successful. 0 errors, 0 warnings
    Info: Peak virtual memory: 1204 megabytes
    Info: Processing ended: Mon Oct  5 12:40:26 2026
    Info: Elapsed time: 00:03:43
    Info: Total CPU time (on all processors): 00:05:00


